issue,date,red1,red2,red3
2013002,2013-01-02(三),00,06,07
2013006,2013-01-06(日),04,05,07
2013008,2013-01-08(二),05,05,06
2013010,2013-01-10(四),02,03,06
2013011,2013-01-11(五),00,02,09
2013012,2013-01-12(六),06,08,08
2013013,2013-01-13(日),02,02,09
2013014,2013-01-14(一),01,04,07
2013015,2013-01-15(二),02,02,08
2013016,2013-01-16(三),00,03,08
2013017,2013-01-17(四),00,03,08
2013018,2013-01-18(五),03,04,07
2013020,2013-01-20(日),02,09,09
2013022,2013-01-22(二),00,02,05
2013026,2013-01-26(六),05,07,08
2013027,2013-01-27(日),00,03,08
2013030,2013-01-30(三),02,03,07
2013033,2013-02-02(六),02,07,07
2013036,2013-02-05(二),05,06,08
2013037,2013-02-06(三),03,04,06
2013038,2013-02-07(四),00,04,06
2013039,2013-02-08(五),03,06,09
2013041,2013-02-17(日),01,05,08
2013042,2013-02-18(一),04,06,09
2013044,2013-02-20(三),01,03,08
2013045,2013-02-21(四),00,03,09
2013050,2013-02-26(二),05,05,06
2013052,2013-02-28(四),05,05,06
2013054,2013-03-02(六),04,07,09
2013055,2013-03-03(日),04,05,06
2013056,2013-03-04(一),01,03,09
2013058,2013-03-06(三),00,02,08
2013060,2013-03-08(五),04,05,09
2013061,2013-03-09(六),05,06,07
2013065,2013-03-13(三),02,03,08
2013067,2013-03-15(五),02,03,08
2013068,2013-03-16(六),00,07,07
2013072,2013-03-20(三),01,03,08
2013074,2013-03-22(五),02,08,08
2013075,2013-03-23(六),01,06,07
2013076,2013-03-24(日),01,04,07
2013077,2013-03-25(一),01,04,08
2013078,2013-03-26(二),00,02,03
2013080,2013-03-28(四),04,06,06
2013081,2013-03-29(五),05,07,08
2013082,2013-03-30(六),02,04,09
2013084,2013-04-01(一),01,02,07
2013089,2013-04-06(六),01,02,09
2013091,2013-04-08(一),01,03,07
2013092,2013-04-09(二),02,03,06
2013096,2013-04-13(六),00,03,09
2013098,2013-04-15(一),05,07,09
2013102,2013-04-19(五),03,05,06
2013104,2013-04-21(日),00,01,04
2013105,2013-04-22(一),04,04,08
2013107,2013-04-24(三),05,08,09
2013111,2013-04-28(日),04,06,06
2013112,2013-04-29(一),06,09,09
2013113,2013-04-30(二),03,06,08
2013119,2013-05-06(一),01,04,05
2013121,2013-05-08(三),00,03,07
2013122,2013-05-09(四),04,05,06
2013124,2013-05-11(六),03,06,09
2013125,2013-05-12(日),00,01,05
2013126,2013-05-13(一),00,01,04
2013127,2013-05-14(二),06,06,07
2013128,2013-05-15(三),04,08,09
2013130,2013-05-17(五),01,09,09
2013131,2013-05-18(六),07,08,09
2013132,2013-05-19(日),01,05,05
2013133,2013-05-20(一),02,03,09
2013134,2013-05-21(二),02,02,08
2013135,2013-05-22(三),00,05,08
2013136,2013-05-23(四),01,02,03
2013137,2013-05-24(五),02,06,07
2013138,2013-05-25(六),05,07,09
2013139,2013-05-26(日),00,07,09
2013140,2013-05-27(一),02,05,09
2013141,2013-05-28(二),02,07,08
2013142,2013-05-29(三),00,03,09
2013143,2013-05-30(四),00,00,06
2013144,2013-05-31(五),00,08,09
2013145,2013-06-01(六),03,08,09
2013146,2013-06-02(日),04,04,06
2013147,2013-06-03(一),03,04,08
2013148,2013-06-04(二),02,05,08
2013149,2013-06-05(三),02,04,05
2013150,2013-06-06(四),03,06,07
2013151,2013-06-07(五),03,04,09
2013152,2013-06-08(六),01,04,09
2013153,2013-06-09(日),02,08,08
2013154,2013-06-10(一),03,04,09
2013155,2013-06-11(二),02,06,09
2013156,2013-06-12(三),05,07,07
2013157,2013-06-13(四),03,03,08
2013158,2013-06-14(五),01,03,06
2013159,2013-06-15(六),00,08,09
2013160,2013-06-16(日),00,01,02
2013161,2013-06-17(一),03,05,07
2013162,2013-06-18(二),02,02,09
2013163,2013-06-19(三),00,01,04
2013164,2013-06-20(四),02,03,07
2013165,2013-06-21(五),00,00,03
2013166,2013-06-22(六),00,02,04
2013167,2013-06-23(日),02,02,04
2013169,2013-06-25(二),03,04,04
2013170,2013-06-26(三),01,02,08
2013171,2013-06-27(四),00,08,09
2013172,2013-06-28(五),00,04,06
2013173,2013-06-29(六),00,05,06
2013174,2013-06-30(日),01,04,07
2013175,2013-07-01(一),01,05,08
2013176,2013-07-02(二),00,03,07
2013177,2013-07-03(三),01,06,09
2013178,2013-07-04(四),02,07,09
2013179,2013-07-05(五),03,06,08
2013180,2013-07-06(六),02,04,06
2013181,2013-07-07(日),02,04,08
2013182,2013-07-08(一),04,04,09
2013183,2013-07-09(二),03,06,09
2013184,2013-07-10(三),04,07,08
2013185,2013-07-11(四),01,06,09
2013186,2013-07-12(五),00,01,07
2013187,2013-07-13(六),01,08,08
2013188,2013-07-14(日),00,00,02
2013189,2013-07-15(一),00,02,06
2013190,2013-07-16(二),01,07,09
2013191,2013-07-17(三),01,03,05
2013192,2013-07-18(四),00,01,07
2013193,2013-07-19(五),03,04,09
2013194,2013-07-20(六),00,06,08
2013195,2013-07-21(日),03,08,09
2013196,2013-07-22(一),00,00,01
2013197,2013-07-23(二),01,01,05
2013198,2013-07-24(三),05,06,06
2013199,2013-07-25(四),01,04,08
2013200,2013-07-26(五),03,05,07
2013201,2013-07-27(六),04,08,09
2013202,2013-07-28(日),00,03,06
2013203,2013-07-29(一),00,00,03
2013204,2013-07-30(二),00,05,06
2013205,2013-07-31(三),07,08,09
2013206,2013-08-01(四),03,04,09
2013207,2013-08-02(五),03,04,07
2013208,2013-08-03(六),00,04,04
2013209,2013-08-04(日),02,08,09
2013210,2013-08-05(一),01,03,09
2013211,2013-08-06(二),04,07,09
2013212,2013-08-07(三),00,02,08
2013213,2013-08-08(四),00,06,06
2013214,2013-08-09(五),02,06,08
2013215,2013-08-10(六),01,05,07
2013216,2013-08-11(日),03,03,08
2013217,2013-08-12(一),05,06,09
2013218,2013-08-13(二),01,01,02
2013219,2013-08-14(三),02,02,03
2013220,2013-08-15(四),00,03,06
2013221,2013-08-16(五),09,09,09
2013222,2013-08-17(六),00,02,06
2013223,2013-08-18(日),01,01,08
2013224,2013-08-19(一),05,07,09
2013225,2013-08-20(二),04,08,08
2013226,2013-08-21(三),00,05,05
2013227,2013-08-22(四),02,04,07
2013228,2013-08-23(五),00,01,04
2013229,2013-08-24(六),00,00,03
2013230,2013-08-25(日),02,06,09
2013231,2013-08-26(一),04,06,08
2013232,2013-08-27(二),01,04,04
2013233,2013-08-28(三),03,06,07
2013234,2013-08-29(四),04,06,08
2013235,2013-08-30(五),02,05,06
2013236,2013-08-31(六),01,04,07
2013237,2013-09-01(日),04,07,08
2013238,2013-09-02(一),01,01,07
2013239,2013-09-03(二),00,01,09
2013240,2013-09-04(三),05,06,09
2013241,2013-09-05(四),01,07,08
2013242,2013-09-06(五),02,05,08
2013243,2013-09-07(六),01,03,06
2013244,2013-09-08(日),03,03,09
2013245,2013-09-09(一),02,04,07
2013246,2013-09-10(二),00,06,09
2013247,2013-09-11(三),05,05,09
2013248,2013-09-12(四),01,01,05
2013249,2013-09-13(五),00,03,07
2013250,2013-09-14(六),00,04,09
2013251,2013-09-15(日),03,05,07
2013252,2013-09-16(一),03,05,07
2013253,2013-09-17(二),03,06,08
2013254,2013-09-18(三),05,06,09
2013255,2013-09-19(四),02,05,09
2013256,2013-09-20(五),05,08,09
2013257,2013-09-21(六),03,08,09
2013258,2013-09-22(日),00,05,05
2013259,2013-09-23(一),01,03,04
2013260,2013-09-24(二),02,06,06
2013261,2013-09-25(三),02,02,07
2013262,2013-09-26(四),03,04,06
2013263,2013-09-27(五),01,06,08
2013264,2013-09-28(六),04,07,08
2013265,2013-09-29(日),03,03,07
2013266,2013-09-30(一),02,05,05
2013267,2013-10-01(二),00,01,05
2013268,2013-10-02(三),01,04,04
2013269,2013-10-03(四),01,06,06
2013270,2013-10-04(五),02,05,09
2013271,2013-10-05(六),03,05,08
2013272,2013-10-06(日),00,03,09
2013273,2013-10-07(一),05,06,08
2013274,2013-10-08(二),00,00,06
2013275,2013-10-09(三),00,02,05
2013276,2013-10-10(四),04,05,09
2013277,2013-10-11(五),03,03,09
2013278,2013-10-12(六),01,03,04
2013279,2013-10-13(日),00,04,09
2013280,2013-10-14(一),01,04,09
2013281,2013-10-15(二),00,00,05
2013282,2013-10-16(三),04,06,08
2013283,2013-10-17(四),04,05,07
2013284,2013-10-18(五),01,06,09
2013285,2013-10-19(六),01,05,06
2013286,2013-10-20(日),01,02,09
2013287,2013-10-21(一),00,00,02
2013288,2013-10-22(二),04,07,08
2013289,2013-10-23(三),00,04,07
2013290,2013-10-24(四),02,03,03
2013291,2013-10-25(五),06,06,07
2013292,2013-10-26(六),00,03,09
2013293,2013-10-27(日),05,06,09
2013294,2013-10-28(一),01,08,09
2013295,2013-10-29(二),02,03,04
2013296,2013-10-30(三),03,04,09
2013297,2013-10-31(四),00,03,08
2013298,2013-11-01(五),02,03,07
2013299,2013-11-02(六),00,02,07
2013300,2013-11-03(日),03,03,08
2013301,2013-11-04(一),06,07,07
2013302,2013-11-05(二),02,08,08
2013303,2013-11-06(三),02,08,09
2013304,2013-11-07(四),01,02,02
2013305,2013-11-08(五),00,06,08
2013306,2013-11-09(六),01,02,09
2013307,2013-11-10(日),04,06,09
2013308,2013-11-11(一),03,07,08
2013309,2013-11-12(二),02,08,09
2013310,2013-11-13(三),01,02,07
2013311,2013-11-14(四),03,05,08
2013312,2013-11-15(五),04,07,08
2013313,2013-11-16(六),08,08,09
2013314,2013-11-17(日),01,01,07
2013315,2013-11-18(一),08,09,09
2013316,2013-11-19(二),00,08,08
2013317,2013-11-20(三),01,07,09
2013318,2013-11-21(四),02,04,04
2013319,2013-11-22(五),00,04,06
2013320,2013-11-23(六),03,05,07
2013321,2013-11-24(日),07,08,09
2013322,2013-11-25(一),04,06,08
2013323,2013-11-26(二),01,01,04
2013324,2013-11-27(三),01,06,07
2013325,2013-11-28(四),03,06,08
2013326,2013-11-29(五),02,03,03
2013327,2013-11-30(六),00,04,05
2013328,2013-12-01(日),05,07,09
2013329,2013-12-02(一),02,05,09
2013330,2013-12-03(二),00,00,04
2013331,2013-12-04(三),02,02,04
2013332,2013-12-05(四),02,03,04
2013333,2013-12-06(五),07,08,09
2013334,2013-12-07(六),00,06,08
2013335,2013-12-08(日),00,00,08
2013336,2013-12-09(一),02,03,04
2013337,2013-12-10(二),00,00,03
2013338,2013-12-11(三),01,05,07
2013339,2013-12-12(四),06,07,08
2013340,2013-12-13(五),00,05,08
2013341,2013-12-14(六),00,08,09
2013342,2013-12-15(日),08,09,09
2013343,2013-12-16(一),06,07,07
2013344,2013-12-17(二),01,04,09
2013345,2013-12-18(三),00,02,07
2013346,2013-12-19(四),00,01,09
2013347,2013-12-20(五),04,05,05
2013348,2013-12-21(六),04,05,07
2013349,2013-12-22(日),02,04,05
2013350,2013-12-23(一),02,02,03
2013351,2013-12-24(二),02,06,07
2013352,2013-12-25(三),01,06,07
2013353,2013-12-26(四),01,05,08
2013354,2013-12-27(五),00,02,04
2013355,2013-12-28(六),02,03,09
2013356,2013-12-29(日),01,04,06
2013357,2013-12-30(一),00,02,03
2013358,2013-12-31(二),06,08,09
2014001,2014-01-01(三),06,07,08
2014002,2014-01-02(四),03,04,06
2014003,2014-01-03(五),03,04,06
2014004,2014-01-04(六),05,05,09
2014005,2014-01-05(日),05,05,07
2014006,2014-01-06(一),02,09,09
2014007,2014-01-07(二),02,03,08
2014008,2014-01-08(三),00,05,09
2014009,2014-01-09(四),02,03,04
2014010,2014-01-10(五),04,05,06
2014011,2014-01-11(六),01,03,09
2014012,2014-01-12(日),03,06,08
2014013,2014-01-13(一),01,03,06
2014014,2014-01-14(二),04,05,09
2014015,2014-01-15(三),02,04,07
2014016,2014-01-16(四),02,02,04
2014017,2014-01-17(五),00,05,07
2014018,2014-01-18(六),04,04,07
2014019,2014-01-19(日),00,01,06
2014020,2014-01-20(一),00,07,08
2014021,2014-01-21(二),05,07,08
2014022,2014-01-22(三),06,09,09
2014023,2014-01-23(四),00,03,03
2014024,2014-01-24(五),03,04,04
2014025,2014-01-25(六),03,06,08
2014026,2014-01-26(日),00,00,03
2014027,2014-01-27(一),04,07,07
2014028,2014-01-28(二),00,05,08
2014029,2014-01-29(三),01,06,08
2014030,2014-02-07(五),04,08,08
2014031,2014-02-08(六),00,02,04
2014032,2014-02-09(日),02,05,06
2014033,2014-02-10(一),04,04,04
2014034,2014-02-11(二),03,03,05
2014035,2014-02-12(三),02,03,07
2014036,2014-02-13(四),00,03,06
2014037,2014-02-14(五),00,08,09
2014038,2014-02-15(六),00,00,04
2014039,2014-02-16(日),04,07,08
2014040,2014-02-17(一),00,06,08
2014041,2014-02-18(二),00,02,07
2014042,2014-02-19(三),01,05,06
2014043,2014-02-20(四),04,05,08
2014044,2014-02-21(五),05,05,08
2014045,2014-02-22(六),02,03,06
2014046,2014-02-23(日),02,04,08
2014047,2014-02-24(一),00,03,09
2014048,2014-02-25(二),01,02,04
2014049,2014-02-26(三),02,03,09
2014050,2014-02-27(四),05,07,07
2014051,2014-02-28(五),00,01,03
2014052,2014-03-01(六),03,07,09
2014053,2014-03-02(日),00,00,07
2014054,2014-03-03(一),02,05,07
2014055,2014-03-04(二),01,06,07
2014056,2014-03-05(三),03,06,08
2014057,2014-03-06(四),00,02,05
2014058,2014-03-07(五),00,01,02
2014059,2014-03-08(六),01,07,08
2014060,2014-03-09(日),07,07,09
2014061,2014-03-10(一),01,08,09
2014062,2014-03-11(二),00,00,03
2014063,2014-03-12(三),02,04,07
2014064,2014-03-13(四),01,03,06
2014065,2014-03-14(五),00,02,08
2014066,2014-03-15(六),03,06,09
2014067,2014-03-16(日),00,02,07
2014068,2014-03-17(一),06,08,09
2014069,2014-03-18(二),02,05,06
2014070,2014-03-19(三),01,01,09
2014071,2014-03-20(四),03,05,07
2014072,2014-03-21(五),02,06,06
2014073,2014-03-22(六),00,03,06
2014074,2014-03-23(日),01,02,09
2014075,2014-03-24(一),01,04,06
2014076,2014-03-25(二),05,05,09
2014077,2014-03-26(三),01,02,07
2014078,2014-03-27(四),00,03,06
2014079,2014-03-28(五),00,02,06
2014080,2014-03-29(六),00,06,07
2014081,2014-03-30(日),04,04,05
2014082,2014-03-31(一),03,04,09
2014083,2014-04-01(二),01,02,05
2014084,2014-04-02(三),05,05,08
2014085,2014-04-03(四),02,03,06
2014086,2014-04-04(五),00,05,06
2014087,2014-04-05(六),00,00,03
2014088,2014-04-06(日),00,04,04
2014089,2014-04-07(一),00,05,06
2014090,2014-04-08(二),02,04,08
2014091,2014-04-09(三),04,05,09
2014092,2014-04-10(四),00,03,03
2014093,2014-04-11(五),08,09,09
2014094,2014-04-12(六),02,05,08
2014095,2014-04-13(日),03,05,05
2014096,2014-04-14(一),03,07,08
2014097,2014-04-15(二),03,08,09
2014098,2014-04-16(三),04,05,08
2014099,2014-04-17(四),02,06,08
2014100,2014-04-18(五),00,01,07
2014101,2014-04-19(六),02,08,09
2014102,2014-04-20(日),02,03,05
2014103,2014-04-21(一),00,02,05
2014104,2014-04-22(二),05,07,09
2014105,2014-04-23(三),01,03,06
2014106,2014-04-24(四),00,07,09
2014107,2014-04-25(五),06,06,09
2014108,2014-04-26(六),00,06,09
2014109,2014-04-27(日),05,06,09
2014110,2014-04-28(一),06,07,08
2014111,2014-04-29(二),04,07,08
2014112,2014-04-30(三),02,04,09
2014113,2014-05-01(四),01,02,04
2014114,2014-05-02(五),02,03,04
2014115,2014-05-03(六),04,05,06
2014116,2014-05-04(日),00,01,09
2014117,2014-05-05(一),02,08,09
2014118,2014-05-06(二),01,02,08
2014119,2014-05-07(三),03,03,08
2014120,2014-05-08(四),05,07,08
2014121,2014-05-09(五),03,04,07
2014122,2014-05-10(六),04,09,09
2014123,2014-05-11(日),01,03,05
2014124,2014-05-12(一),00,01,07
2014125,2014-05-13(二),02,05,08
2014126,2014-05-14(三),05,08,08
2014127,2014-05-15(四),01,03,04
2014128,2014-05-16(五),00,07,08
2014129,2014-05-17(六),01,04,05
2014130,2014-05-18(日),01,01,02
2014131,2014-05-19(一),00,07,08
2014132,2014-05-20(二),01,03,09
2014133,2014-05-21(三),00,05,06
2014134,2014-05-22(四),00,05,08
2014135,2014-05-23(五),00,04,09
2014136,2014-05-24(六),00,04,08
2014137,2014-05-25(日),01,06,09
2014138,2014-05-26(一),05,07,08
2014139,2014-05-27(二),04,06,07
2014140,2014-05-28(三),00,01,09
2014141,2014-05-29(四),01,02,09
2014142,2014-05-30(五),04,05,09
2014143,2014-05-31(六),02,04,04
2014144,2014-06-01(日),00,07,07
2014145,2014-06-02(一),01,02,06
2014146,2014-06-03(二),03,06,07
2014147,2014-06-04(三),05,07,08
2014148,2014-06-05(四),00,01,08
2014149,2014-06-06(五),02,02,06
2014150,2014-06-07(六),00,01,07
2014151,2014-06-08(日),01,03,09
2014152,2014-06-09(一),01,02,08
2014153,2014-06-10(二),02,03,09
2014154,2014-06-11(三),01,01,05
2014155,2014-06-12(四),06,07,07
2014156,2014-06-13(五),01,04,09
2014157,2014-06-14(六),05,05,07
2014158,2014-06-15(日),01,01,04
2014159,2014-06-16(一),01,02,03
2014160,2014-06-17(二),00,04,05
2014161,2014-06-18(三),04,06,09
2014162,2014-06-19(四),05,07,08
2014163,2014-06-20(五),06,06,08
2014164,2014-06-21(六),01,03,04
2014165,2014-06-22(日),04,06,06
2014166,2014-06-23(一),01,03,06
2014167,2014-06-24(二),06,08,09
2014168,2014-06-25(三),01,04,08
2014169,2014-06-26(四),02,07,09
2014170,2014-06-27(五),00,03,06
2014171,2014-06-28(六),01,03,06
2014172,2014-06-29(日),03,04,08
2014173,2014-06-30(一),03,05,09
2014174,2014-07-01(二),05,06,09
2014175,2014-07-02(三),03,04,07
2014176,2014-07-03(四),05,06,08
2014177,2014-07-04(五),00,02,06
2014178,2014-07-05(六),00,07,07
2014179,2014-07-06(日),00,01,03
2014180,2014-07-07(一),01,09,09
2014181,2014-07-08(二),00,06,08
2014182,2014-07-09(三),00,04,08
2014183,2014-07-10(四),07,08,09
2014184,2014-07-11(五),03,07,09
2014185,2014-07-12(六),03,06,06
2014186,2014-07-13(日),02,04,08
2014187,2014-07-14(一),06,07,08
2014188,2014-07-15(二),05,06,09
2014189,2014-07-16(三),05,08,08
2014190,2014-07-17(四),05,07,09
2014191,2014-07-18(五),01,01,04
2014192,2014-07-19(六),00,02,08
2014193,2014-07-20(日),01,03,05
2014194,2014-07-21(一),02,06,06
2014195,2014-07-22(二),05,08,09
2014196,2014-07-23(三),03,08,08
2014197,2014-07-24(四),02,03,08
2014198,2014-07-25(五),00,08,09
2014199,2014-07-26(六),04,06,08
2014200,2014-07-27(日),03,05,08
2014201,2014-07-28(一),03,03,06
2014202,2014-07-29(二),02,06,07
2014203,2014-07-30(三),04,06,08
2014204,2014-07-31(四),02,04,08
2014205,2014-08-01(五),02,02,07
2014206,2014-08-02(六),05,06,07
2014207,2014-08-03(日),02,05,08
2014208,2014-08-04(一),01,02,04
2014209,2014-08-05(二),01,04,09
2014210,2014-08-06(三),05,05,08
2014211,2014-08-07(四),06,07,09
2014212,2014-08-08(五),03,05,05
2014213,2014-08-09(六),04,04,07
2014214,2014-08-10(日),00,07,07
2014215,2014-08-11(一),01,05,07
2014216,2014-08-12(二),03,08,09
2014217,2014-08-13(三),03,04,05
2014218,2014-08-14(四),02,03,08
2014219,2014-08-15(五),05,08,09
2014220,2014-08-16(六),02,06,08
2014221,2014-08-17(日),03,04,08
2014222,2014-08-18(一),02,06,07
2014223,2014-08-19(二),04,04,04
2014224,2014-08-20(三),06,08,09
2014225,2014-08-21(四),00,02,09
2014226,2014-08-22(五),05,06,07
2014227,2014-08-23(六),00,03,07
2014228,2014-08-24(日),05,05,08
2014229,2014-08-25(一),01,06,08
2014230,2014-08-26(二),06,08,08
2014231,2014-08-27(三),00,03,08
2014232,2014-08-28(四),01,01,09
2014233,2014-08-29(五),02,03,08
2014234,2014-08-30(六),00,05,08
2014235,2014-08-31(日),00,03,03
2014236,2014-09-01(一),00,03,04
2014237,2014-09-02(二),00,02,06
2014238,2014-09-03(三),02,04,05
2014239,2014-09-04(四),02,05,05
2014240,2014-09-05(五),01,01,04
2014241,2014-09-06(六),01,03,04
2014242,2014-09-07(日),01,02,04
2014243,2014-09-08(一),06,07,08
2014244,2014-09-09(二),01,02,02
2014245,2014-09-10(三),00,06,08
2014246,2014-09-11(四),02,06,07
2014247,2014-09-12(五),01,04,07
2014248,2014-09-13(六),00,07,08
2014249,2014-09-14(日),01,02,08
2014250,2014-09-15(一),00,01,08
2014251,2014-09-16(二),02,04,04
2014252,2014-09-17(三),00,02,09
2014253,2014-09-18(四),02,08,09
2014254,2014-09-19(五),00,01,03
2014255,2014-09-20(六),03,05,09
2014256,2014-09-21(日),06,07,07
2014257,2014-09-22(一),01,04,09
2014258,2014-09-23(二),01,07,08
2014259,2014-09-24(三),01,05,05
2014260,2014-09-25(四),05,07,08
2014261,2014-09-26(五),08,08,09
2014262,2014-09-27(六),01,04,09
2014263,2014-09-28(日),00,03,04
2014264,2014-09-29(一),03,05,09
2014265,2014-09-30(二),00,02,05
2014266,2014-10-01(三),02,05,08
2014267,2014-10-02(四),01,02,06
2014268,2014-10-03(五),01,02,06
2014269,2014-10-04(六),02,04,09
2014270,2014-10-05(日),02,05,07
2014271,2014-10-06(一),02,03,09
2014272,2014-10-07(二),04,07,08
2014273,2014-10-08(三),00,03,07
2014274,2014-10-09(四),01,03,06
2014275,2014-10-10(五),07,08,09
2014276,2014-10-11(六),00,04,06
2014277,2014-10-12(日),06,06,09
2014278,2014-10-13(一),00,02,09
2014279,2014-10-14(二),00,06,06
2014280,2014-10-15(三),02,04,05
2014281,2014-10-16(四),03,03,09
2014282,2014-10-17(五),04,06,08
2014283,2014-10-18(六),00,01,05
2014284,2014-10-19(日),00,06,07
2014285,2014-10-20(一),01,03,09
2014286,2014-10-21(二),06,06,07
2014287,2014-10-22(三),03,07,08
2014288,2014-10-23(四),00,00,01
2014289,2014-10-24(五),04,05,07
2014290,2014-10-25(六),00,06,07
2014291,2014-10-26(日),00,03,07
2014292,2014-10-27(一),00,02,08
2014293,2014-10-28(二),00,01,08
2014294,2014-10-29(三),01,07,08
2014295,2014-10-30(四),02,08,09
2014296,2014-10-31(五),02,04,09
2014297,2014-11-01(六),01,01,06
2014298,2014-11-02(日),00,01,01
2014299,2014-11-03(一),05,05,07
2014300,2014-11-04(二),00,05,06
2014301,2014-11-05(三),01,02,03
2014302,2014-11-06(四),00,05,06
2014303,2014-11-07(五),04,09,09
2014304,2014-11-08(六),00,01,04
2014305,2014-11-09(日),04,04,07
2014306,2014-11-10(一),01,03,09
2014307,2014-11-11(二),02,04,06
2014308,2014-11-12(三),02,04,09
2014309,2014-11-13(四),01,04,06
2014310,2014-11-14(五),03,06,09
2014311,2014-11-15(六),02,06,09
2014312,2014-11-16(日),00,03,08
2014313,2014-11-17(一),01,02,09
2014314,2014-11-18(二),01,03,07
2014315,2014-11-19(三),01,02,03
2014316,2014-11-20(四),06,07,08
2014317,2014-11-21(五),00,01,04
2014318,2014-11-22(六),02,03,08
2014319,2014-11-23(日),04,07,07
2014320,2014-11-24(一),01,02,08
2014321,2014-11-25(二),04,07,09
2014322,2014-11-26(三),06,06,07
2014323,2014-11-27(四),04,05,09
2014324,2014-11-28(五),03,05,09
2014325,2014-11-29(六),02,08,08
2014326,2014-11-30(日),07,08,09
2014327,2014-12-01(一),00,08,08
2014328,2014-12-02(二),02,03,06
2014329,2014-12-03(三),05,07,08
2014330,2014-12-04(四),01,04,06
2014331,2014-12-05(五),02,07,08
2014332,2014-12-06(六),00,03,03
2014333,2014-12-07(日),03,04,07
2014334,2014-12-08(一),01,02,04
2014335,2014-12-09(二),00,04,07
2014336,2014-12-10(三),01,03,05
2014337,2014-12-11(四),06,06,08
2014338,2014-12-12(五),01,07,09
2014339,2014-12-13(六),04,06,09
2014340,2014-12-14(日),00,03,07
2014341,2014-12-15(一),03,07,07
2014342,2014-12-16(二),07,07,09
2014343,2014-12-17(三),01,04,06
2014344,2014-12-18(四),00,02,09
2014345,2014-12-19(五),05,06,09
2014346,2014-12-20(六),01,03,05
2014347,2014-12-21(日),08,09,09
2014348,2014-12-22(一),02,02,05
2014349,2014-12-23(二),01,07,07
2014350,2014-12-24(三),02,02,03
2014351,2014-12-25(四),00,05,05
2014352,2014-12-26(五),02,07,07
2014353,2014-12-27(六),01,05,05
2014354,2014-12-28(日),01,03,07
2014355,2014-12-29(一),03,07,07
2014356,2014-12-30(二),01,03,07
2014357,2014-12-31(三),00,01,06
2015001,2015-01-01(四),02,04,05
2015002,2015-01-02(五),00,04,07
2015003,2015-01-03(六),00,02,09
2015004,2015-01-04(日),03,07,09
2015005,2015-01-05(一),00,01,03
2015006,2015-01-06(二),00,03,05
2015007,2015-01-07(三),00,05,05
2015008,2015-01-08(四),01,09,09
2015009,2015-01-09(五),00,03,07
2015010,2015-01-10(六),05,09,09
2015011,2015-01-11(日),00,06,06
2015012,2015-01-12(一),00,04,07
2015013,2015-01-13(二),04,06,07
2015014,2015-01-14(三),00,02,04
2015015,2015-01-15(四),00,02,07
2015016,2015-01-16(五),05,06,06
2015017,2015-01-17(六),00,02,07
2015018,2015-01-18(日),00,02,09
2015019,2015-01-19(一),00,09,09
2015020,2015-01-20(二),01,03,07
2015021,2015-01-21(三),00,00,07
2015022,2015-01-22(四),02,08,09
2015023,2015-01-23(五),02,03,05
2015024,2015-01-24(六),05,07,08
2015025,2015-01-25(日),01,02,08
2015026,2015-01-26(一),00,06,08
2015027,2015-01-27(二),02,04,05
2015028,2015-01-28(三),02,03,08
2015029,2015-01-29(四),03,06,07
2015030,2015-01-30(五),02,07,08
2015031,2015-01-31(六),01,01,07
2015032,2015-02-01(日),01,01,07
2015033,2015-02-02(一),00,01,05
2015034,2015-02-03(二),01,07,08
2015035,2015-02-04(三),04,04,07
2015036,2015-02-05(四),02,05,07
2015037,2015-02-06(五),03,03,08
2015038,2015-02-07(六),00,03,04
2015039,2015-02-08(日),00,04,09
2015040,2015-02-09(一),00,06,07
2015041,2015-02-10(二),04,07,09
2015042,2015-02-11(三),01,02,05
2015043,2015-02-12(四),02,02,04
2015044,2015-02-13(五),01,06,08
2015045,2015-02-14(六),05,06,06
2015046,2015-02-15(日),03,06,06
2015047,2015-02-16(一),07,09,09
2015048,2015-02-17(二),02,04,07
2015049,2015-02-25(三),00,03,04
2015050,2015-02-26(四),03,06,08
2015051,2015-02-27(五),01,03,06
2015052,2015-02-28(六),01,07,09
2015053,2015-03-01(日),02,02,06
2015054,2015-03-02(一),03,05,09
2015055,2015-03-03(二),04,04,06
2015056,2015-03-04(三),03,07,08
2015057,2015-03-05(四),05,06,08
2015058,2015-03-06(五),05,06,09
2015059,2015-03-07(六),08,08,09
2015060,2015-03-08(日),00,04,06
2015061,2015-03-09(一),02,05,08
2015062,2015-03-10(二),02,07,08
2015063,2015-03-11(三),04,05,07
2015064,2015-03-12(四),03,06,08
2015065,2015-03-13(五),07,09,09
2015066,2015-03-14(六),06,08,08
2015067,2015-03-15(日),02,04,04
2015068,2015-03-16(一),05,07,07
2015069,2015-03-17(二),01,05,08
2015070,2015-03-18(三),01,06,09
2015071,2015-03-19(四),00,07,08
2015072,2015-03-20(五),01,05,06
2015073,2015-03-21(六),00,06,08
2015074,2015-03-22(日),00,04,08
2015075,2015-03-23(一),00,04,09
2015076,2015-03-24(二),02,08,08
2015077,2015-03-25(三),00,01,03
2015078,2015-03-26(四),01,04,09
2015079,2015-03-27(五),02,02,06
2015080,2015-03-28(六),00,01,08
2015081,2015-03-29(日),02,02,04
2015082,2015-03-30(一),00,06,09
2015083,2015-03-31(二),01,07,08
2015084,2015-04-01(三),01,07,08
2015085,2015-04-02(四),04,07,09
2015086,2015-04-03(五),02,04,07
2015087,2015-04-04(六),01,03,04
2015088,2015-04-05(日),05,05,09
2015089,2015-04-06(一),03,06,08
2015090,2015-04-07(二),08,09,09
2015091,2015-04-08(三),03,04,09
2015092,2015-04-09(四),03,04,06
2015093,2015-04-10(五),03,06,07
2015094,2015-04-11(六),05,05,06
2015095,2015-04-12(日),04,06,07
2015096,2015-04-13(一),06,07,09
2015097,2015-04-14(二),02,06,08
2015098,2015-04-15(三),00,03,09
2015099,2015-04-16(四),02,03,06
2015100,2015-04-17(五),07,08,08
2015101,2015-04-18(六),03,04,08
2015102,2015-04-19(日),03,06,09
2015103,2015-04-20(一),06,07,07
2015104,2015-04-21(二),04,06,07
2015105,2015-04-22(三),01,03,09
2015106,2015-04-23(四),01,02,04
2015107,2015-04-24(五),01,04,05
2015108,2015-04-25(六),05,07,08
2015109,2015-04-26(日),04,04,07
2015110,2015-04-27(一),08,08,09
2015111,2015-04-28(二),01,07,08
2015112,2015-04-29(三),01,04,05
2015113,2015-04-30(四),00,04,05
2015114,2015-05-01(五),04,04,08
2015115,2015-05-02(六),05,08,09
2015116,2015-05-03(日),01,07,07
2015117,2015-05-04(一),01,06,07
2015118,2015-05-05(二),00,06,07
2015119,2015-05-06(三),00,07,09
2015120,2015-05-07(四),04,07,08
2015121,2015-05-08(五),02,02,07
2015122,2015-05-09(六),02,04,07
2015123,2015-05-10(日),00,02,04
2015124,2015-05-11(一),05,09,09
2015125,2015-05-12(二),02,05,09
2015126,2015-05-13(三),01,07,09
2015127,2015-05-14(四),00,07,09
2015128,2015-05-15(五),01,03,03
2015129,2015-05-16(六),00,05,05
2015130,2015-05-17(日),01,02,08
2015131,2015-05-18(一),01,04,07
2015132,2015-05-19(二),05,06,08
2015133,2015-05-20(三),00,00,01
2015134,2015-05-21(四),01,06,06
2015135,2015-05-22(五),01,02,03
2015136,2015-05-23(六),03,07,08
2015137,2015-05-24(日),02,03,09
2015138,2015-05-25(一),01,02,08
2015139,2015-05-26(二),03,03,09
2015140,2015-05-27(三),05,05,07
2015141,2015-05-28(四),01,02,08
2015142,2015-05-29(五),00,03,06
2015143,2015-05-30(六),00,08,08
2015144,2015-05-31(日),00,08,09
2015145,2015-06-01(一),01,07,09
2015146,2015-06-02(二),01,04,06
2015147,2015-06-03(三),01,03,03
2015148,2015-06-04(四),00,05,07
2015149,2015-06-05(五),00,02,02
2015150,2015-06-06(六),02,05,07
2015151,2015-06-07(日),00,03,04
2015152,2015-06-08(一),00,06,06
2015153,2015-06-09(二),01,04,05
2015154,2015-06-10(三),01,01,04
2015155,2015-06-11(四),01,08,08
2015156,2015-06-12(五),02,07,08
2015157,2015-06-13(六),02,02,02
2015158,2015-06-14(日),00,03,07
2015159,2015-06-15(一),04,07,08
2015160,2015-06-16(二),02,07,09
2015161,2015-06-17(三),02,03,08
2015162,2015-06-18(四),00,03,09
2015163,2015-06-19(五),00,00,03
2015164,2015-06-20(六),01,03,03
2015165,2015-06-21(日),05,06,07
2015166,2015-06-22(一),01,08,09
2015167,2015-06-23(二),00,01,06
2015168,2015-06-24(三),00,03,06
2015169,2015-06-25(四),01,01,05
2015170,2015-06-26(五),01,03,03
2015171,2015-06-27(六),02,06,07
2015172,2015-06-28(日),04,06,08
2015173,2015-06-29(一),04,08,09
2015174,2015-06-30(二),00,03,05
2015175,2015-07-01(三),03,04,07
2015176,2015-07-02(四),03,07,07
2015177,2015-07-03(五),00,05,06
2015178,2015-07-04(六),01,01,04
2015179,2015-07-05(日),01,03,08
2015180,2015-07-06(一),00,02,07
2015181,2015-07-07(二),01,02,08
2015182,2015-07-08(三),01,04,07
2015183,2015-07-09(四),01,03,07
2015184,2015-07-10(五),01,01,09
2015185,2015-07-11(六),00,07,08
2015186,2015-07-12(日),01,05,09
2015187,2015-07-13(一),07,08,08
2015188,2015-07-14(二),03,06,06
2015189,2015-07-15(三),02,02,04
2015190,2015-07-16(四),00,04,08
2015191,2015-07-17(五),01,03,07
2015192,2015-07-18(六),04,07,07
2015193,2015-07-19(日),01,04,06
2015194,2015-07-20(一),01,05,06
2015195,2015-07-21(二),01,07,08
2015196,2015-07-22(三),01,03,08
2015197,2015-07-23(四),00,05,08
2015198,2015-07-24(五),05,07,07
2015199,2015-07-25(六),01,01,03
2015200,2015-07-26(日),03,05,05
2015201,2015-07-27(一),00,05,09
2015202,2015-07-28(二),02,05,09
2015203,2015-07-29(三),08,08,09
2015204,2015-07-30(四),04,04,06
2015205,2015-07-31(五),01,03,03
2015206,2015-08-01(六),00,00,09
2015207,2015-08-02(日),03,05,06
2015208,2015-08-03(一),02,03,05
2015209,2015-08-04(二),04,05,07
2015210,2015-08-05(三),00,05,08
2015211,2015-08-06(四),00,01,07
2015212,2015-08-07(五),06,08,09
2015213,2015-08-08(六),00,02,05
2015214,2015-08-09(日),01,02,04
2015215,2015-08-10(一),01,02,06
2015216,2015-08-11(二),00,03,05
2015217,2015-08-12(三),03,05,06
2015218,2015-08-13(四),01,09,09
2015219,2015-08-14(五),05,06,06
2015220,2015-08-15(六),04,08,08
2015221,2015-08-16(日),00,05,06
2015222,2015-08-17(一),00,05,05
2015223,2015-08-18(二),00,01,08
2015224,2015-08-19(三),00,01,08
2015225,2015-08-20(四),02,03,04
2015226,2015-08-21(五),01,04,05
2015227,2015-08-22(六),01,07,08
2015228,2015-08-23(日),00,02,09
2015229,2015-08-24(一),01,06,07
2015230,2015-08-25(二),02,05,09
2015231,2015-08-26(三),03,06,08
2015232,2015-08-27(四),01,01,08
2015233,2015-08-28(五),02,03,04
2015234,2015-08-29(六),04,04,05
2015235,2015-08-30(日),00,01,07
2015236,2015-08-31(一),02,04,06
2015237,2015-09-01(二),00,01,07
2015238,2015-09-02(三),02,06,07
2015239,2015-09-03(四),08,09,09
2015240,2015-09-04(五),02,04,06
2015241,2015-09-05(六),05,07,09
2015242,2015-09-06(日),04,06,07
2015243,2015-09-07(一),08,09,09
2015244,2015-09-08(二),07,08,08
2015245,2015-09-09(三),01,03,08
2015246,2015-09-10(四),01,03,03
2015247,2015-09-11(五),04,08,09
2015248,2015-09-12(六),05,09,09
2015249,2015-09-13(日),01,03,09
2015250,2015-09-14(一),03,07,08
2015251,2015-09-15(二),06,06,08
2015252,2015-09-16(三),06,07,09
2015253,2015-09-17(四),01,04,05
2015254,2015-09-18(五),01,07,08
2015255,2015-09-19(六),03,05,08
2015256,2015-09-20(日),02,02,07
2015257,2015-09-21(一),08,08,09
2015258,2015-09-22(二),05,05,05
2015259,2015-09-23(三),00,04,06
2015260,2015-09-24(四),01,01,08
2015261,2015-09-25(五),00,02,03
2015262,2015-09-26(六),03,06,09
2015263,2015-09-27(日),00,02,08
2015264,2015-09-28(一),01,04,09
2015265,2015-09-29(二),00,01,09
2015266,2015-09-30(三),02,05,07
2015267,2015-10-01(四),07,07,08
2015268,2015-10-02(五),03,03,04
2015269,2015-10-03(六),07,07,07
2015270,2015-10-04(日),00,05,07
2015271,2015-10-05(一),01,01,09
2015272,2015-10-06(二),02,08,08
2015273,2015-10-07(三),00,07,09
2015274,2015-10-08(四),05,05,07
2015275,2015-10-09(五),04,04,06
2015276,2015-10-10(六),00,01,01
2015277,2015-10-11(日),00,06,07
2015278,2015-10-12(一),04,05,08
2015279,2015-10-13(二),01,02,06
2015280,2015-10-14(三),01,08,09
2015281,2015-10-15(四),01,04,04
2015282,2015-10-16(五),04,06,08
2015283,2015-10-17(六),01,05,09
2015284,2015-10-18(日),05,07,07
2015285,2015-10-19(一),00,05,08
2015286,2015-10-20(二),00,00,02
2015287,2015-10-21(三),07,07,09
2015288,2015-10-22(四),09,09,09
2015289,2015-10-23(五),06,06,09
2015290,2015-10-24(六),05,07,09
2015291,2015-10-25(日),06,08,09
2015292,2015-10-26(一),00,00,01
2015293,2015-10-27(二),00,02,09
2015294,2015-10-28(三),02,06,08
2015295,2015-10-29(四),02,02,03
2015296,2015-10-30(五),01,03,06
2015297,2015-10-31(六),08,08,08
2015298,2015-11-01(日),02,03,06
2015299,2015-11-02(一),05,06,07
2015300,2015-11-03(二),02,05,06
2015301,2015-11-04(三),01,02,07
2015302,2015-11-05(四),00,01,02
2015303,2015-11-06(五),04,05,07
2015304,2015-11-07(六),01,05,07
2015305,2015-11-08(日),00,02,06
2015306,2015-11-09(一),02,03,09
2015307,2015-11-10(二),03,04,07
2015308,2015-11-11(三),04,08,09
2015309,2015-11-12(四),08,09,09
2015310,2015-11-13(五),01,05,06
2015311,2015-11-14(六),05,06,06
2015312,2015-11-15(日),01,03,08
2015313,2015-11-16(一),00,00,08
2015314,2015-11-17(二),00,00,01
2015315,2015-11-18(三),00,03,04
2015316,2015-11-19(四),06,08,09
2015317,2015-11-20(五),02,06,08
2015318,2015-11-21(六),01,01,01
2015319,2015-11-22(日),00,06,08
2015320,2015-11-23(一),05,07,08
2015321,2015-11-24(二),02,06,08
2015322,2015-11-25(三),03,09,09
2015323,2015-11-26(四),04,06,07
2015324,2015-11-27(五),06,08,09
2015325,2015-11-28(六),00,06,07
2015326,2015-11-29(日),01,08,08
2015327,2015-11-30(一),01,08,09
2015328,2015-12-01(二),03,03,07
2015329,2015-12-02(三),01,04,05
2015330,2015-12-03(四),03,06,09
2015331,2015-12-04(五),00,00,07
2015332,2015-12-05(六),03,04,04
2015333,2015-12-06(日),00,08,09
2015334,2015-12-07(一),01,02,06
2015335,2015-12-08(二),06,09,09
2015336,2015-12-09(三),03,06,09
2015337,2015-12-10(四),02,04,06
2015338,2015-12-11(五),02,04,05
2015339,2015-12-12(六),00,01,04
2015340,2015-12-13(日),00,07,09
2015341,2015-12-14(一),00,00,07
2015342,2015-12-15(二),02,04,06
2015343,2015-12-16(三),05,05,06
2015344,2015-12-17(四),01,03,04
2015345,2015-12-18(五),01,02,06
2015346,2015-12-19(六),02,02,09
2015347,2015-12-20(日),02,02,03
2015348,2015-12-21(一),07,09,09
2015349,2015-12-22(二),00,06,08
2015350,2015-12-23(三),01,04,06
2015351,2015-12-24(四),03,09,09
2015352,2015-12-25(五),03,04,08
2015353,2015-12-26(六),01,03,09
2015354,2015-12-27(日),03,05,06
2015355,2015-12-28(一),03,04,04
2015356,2015-12-29(二),04,05,07
2015357,2015-12-30(三),02,05,08
2015358,2015-12-31(四),01,02,06
2016001,2016-01-01(五),07,08,09
2016002,2016-01-02(六),02,03,07
2016003,2016-01-03(日),01,05,09
2016004,2016-01-04(一),01,06,07
2016005,2016-01-05(二),01,05,08
2016006,2016-01-06(三),00,07,09
2016007,2016-01-07(四),02,05,09
2016008,2016-01-08(五),03,05,08
2016009,2016-01-09(六),03,03,05
2016010,2016-01-10(日),00,02,08
2016011,2016-01-11(一),01,05,08
2016012,2016-01-12(二),00,01,08
2016013,2016-01-13(三),02,03,04
2016014,2016-01-14(四),03,08,09
2016015,2016-01-15(五),03,04,09
2016016,2016-01-16(六),04,04,07
2016017,2016-01-17(日),01,03,05
2016018,2016-01-18(一),03,05,06
2016019,2016-01-19(二),02,07,08
2016020,2016-01-20(三),01,02,05
2016021,2016-01-21(四),06,09,09
2016022,2016-01-22(五),01,06,09
2016023,2016-01-23(六),02,07,09
2016024,2016-01-24(日),02,04,06
2016025,2016-01-25(一),00,01,01
2016026,2016-01-26(二),02,03,04
2016027,2016-01-27(三),00,02,08
2016028,2016-01-28(四),01,04,06
2016029,2016-01-29(五),00,02,06
2016030,2016-01-30(六),02,03,09
2016031,2016-01-31(日),02,05,09
2016032,2016-02-01(一),07,07,08
2016033,2016-02-02(二),03,07,08
2016034,2016-02-03(三),00,06,06
2016035,2016-02-04(四),01,08,09
2016036,2016-02-05(五),06,08,09
2016037,2016-02-06(六),04,06,08
2016038,2016-02-14(日),00,06,09
2016039,2016-02-15(一),02,04,08
2016040,2016-02-16(二),01,03,04
2016041,2016-02-17(三),01,05,09
2016042,2016-02-18(四),00,01,07
2016043,2016-02-19(五),05,05,07
2016044,2016-02-20(六),00,00,01
2016045,2016-02-21(日),02,06,09
2016046,2016-02-22(一),03,03,08
2016047,2016-02-23(二),00,06,06
2016048,2016-02-24(三),01,05,08
2016049,2016-02-25(四),03,07,09
2016050,2016-02-26(五),01,03,07
2016051,2016-02-27(六),02,05,08
2016052,2016-02-28(日),01,04,06
2016053,2016-02-29(一),04,09,09
2016054,2016-03-01(二),02,03,08
2016055,2016-03-02(三),03,05,05
2016056,2016-03-03(四),01,04,09
2016057,2016-03-04(五),03,04,05
2016058,2016-03-05(六),01,02,06
2016059,2016-03-06(日),01,04,07
2016060,2016-03-07(一),00,03,09
2016061,2016-03-08(二),04,05,07
2016062,2016-03-09(三),00,03,08
2016063,2016-03-10(四),03,05,06
2016064,2016-03-11(五),00,02,06
2016065,2016-03-12(六),00,04,05
2016066,2016-03-13(日),01,01,08
2016067,2016-03-14(一),00,00,01
2016068,2016-03-15(二),00,05,07
2016069,2016-03-16(三),03,04,06
2016070,2016-03-17(四),06,08,09
2016071,2016-03-18(五),00,05,06
2016072,2016-03-19(六),00,00,02
2016073,2016-03-20(日),01,05,08
2016074,2016-03-21(一),07,07,07
2016075,2016-03-22(二),04,05,08
2016076,2016-03-23(三),04,04,06
2016077,2016-03-24(四),01,07,07
2016078,2016-03-25(五),00,08,09
2016079,2016-03-26(六),00,05,07
2016080,2016-03-27(日),01,02,06
2016081,2016-03-28(一),03,05,06
2016082,2016-03-29(二),00,04,06
2016083,2016-03-30(三),02,08,09
2016084,2016-03-31(四),02,02,08
2016085,2016-04-01(五),06,07,09
2016086,2016-04-02(六),02,04,09
2016087,2016-04-03(日),00,09,09
2016088,2016-04-04(一),03,04,07
2016089,2016-04-05(二),01,01,01
2016090,2016-04-06(三),04,05,09
2016091,2016-04-07(四),00,04,05
2016092,2016-04-08(五),05,07,08
2016093,2016-04-09(六),02,02,06
2016094,2016-04-10(日),02,04,08
2016095,2016-04-11(一),00,04,07
2016096,2016-04-12(二),03,04,08
2016097,2016-04-13(三),02,03,05
2016098,2016-04-14(四),01,04,04
2016099,2016-04-15(五),01,02,07
2016100,2016-04-16(六),01,05,05
2016101,2016-04-17(日),00,01,06
2016102,2016-04-18(一),02,02,08
2016103,2016-04-19(二),01,02,06
2016104,2016-04-20(三),00,00,09
2016105,2016-04-21(四),06,09,09
2016106,2016-04-22(五),00,03,04
2016107,2016-04-23(六),02,03,08
2016108,2016-04-24(日),00,04,08
2016109,2016-04-25(一),00,00,01
2016110,2016-04-26(二),00,05,06
2016111,2016-04-27(三),03,03,06
2016112,2016-04-28(四),00,03,04
2016113,2016-04-29(五),06,07,09
2016114,2016-04-30(六),01,08,09
2016115,2016-05-01(日),01,03,06
2016116,2016-05-02(一),02,04,05
2016117,2016-05-03(二),02,03,06
2016118,2016-05-04(三),00,03,07
2016119,2016-05-05(四),00,03,08
2016120,2016-05-06(五),03,06,09
2016121,2016-05-07(六),03,04,08
2016122,2016-05-08(日),02,06,07
2016123,2016-05-09(一),00,07,08
2016124,2016-05-10(二),01,04,09
2016125,2016-05-11(三),04,05,09
2016126,2016-05-12(四),01,03,04
2016127,2016-05-13(五),05,07,09
2016128,2016-05-14(六),01,02,03
2016129,2016-05-15(日),01,04,06
2016130,2016-05-16(一),02,06,08
2016131,2016-05-17(二),03,05,07
2016132,2016-05-18(三),03,04,05
2016133,2016-05-19(四),01,06,09
2016134,2016-05-20(五),00,01,07
2016135,2016-05-21(六),02,03,07
2016136,2016-05-22(日),01,06,09
2016137,2016-05-23(一),03,03,09
2016138,2016-05-24(二),00,05,06
2016139,2016-05-25(三),00,02,05
2016140,2016-05-26(四),07,07,08
2016141,2016-05-27(五),06,08,08
2016142,2016-05-28(六),03,04,05
2016143,2016-05-29(日),00,03,05
2016144,2016-05-30(一),02,05,06
2016145,2016-05-31(二),01,04,09
2016146,2016-06-01(三),01,06,07
2016147,2016-06-02(四),08,09,09
2016148,2016-06-03(五),01,03,08
2016149,2016-06-04(六),03,05,07
2016150,2016-06-05(日),01,02,09
2016151,2016-06-06(一),03,03,06
2016152,2016-06-07(二),04,08,09
2016153,2016-06-08(三),01,04,07
2016154,2016-06-09(四),03,08,09
2016155,2016-06-10(五),04,07,08
2016156,2016-06-11(六),02,07,08
2016157,2016-06-12(日),01,01,05
2016158,2016-06-13(一),00,02,09
2016159,2016-06-14(二),01,06,09
2016160,2016-06-15(三),00,01,07
2016161,2016-06-16(四),00,01,04
2016162,2016-06-17(五),03,04,06
2016163,2016-06-18(六),00,03,03
2016164,2016-06-19(日),02,03,07
2016165,2016-06-20(一),00,01,04
2016166,2016-06-21(二),03,06,09
2016167,2016-06-22(三),02,04,09
2016168,2016-06-23(四),01,01,09
2016169,2016-06-24(五),00,06,07
2016170,2016-06-25(六),00,09,09
2016171,2016-06-26(日),05,08,09
2016172,2016-06-27(一),02,03,03
2016173,2016-06-28(二),05,06,09
2016174,2016-06-29(三),00,00,07
2016175,2016-06-30(四),01,04,06
2016176,2016-07-01(五),01,02,07
2016177,2016-07-02(六),01,05,09
2016178,2016-07-03(日),02,04,04
2016179,2016-07-04(一),03,07,08
2016180,2016-07-05(二),05,06,09
2016181,2016-07-06(三),06,08,09
2016182,2016-07-07(四),04,08,09
2016183,2016-07-08(五),05,06,09
2016184,2016-07-09(六),00,03,07
2016185,2016-07-10(日),00,03,08
2016186,2016-07-11(一),01,06,08
2016187,2016-07-12(二),01,03,09
2016188,2016-07-13(三),00,09,09
2016189,2016-07-14(四),00,07,09
2016190,2016-07-15(五),02,03,08
2016191,2016-07-16(六),00,03,08
2016192,2016-07-17(日),01,06,06
2016193,2016-07-18(一),05,06,09
2016194,2016-07-19(二),00,04,07
2016195,2016-07-20(三),00,01,06
2016196,2016-07-21(四),00,07,09
2016197,2016-07-22(五),01,05,09
2016198,2016-07-23(六),00,03,03
2016199,2016-07-24(日),03,04,07
2016200,2016-07-25(一),02,03,09
2016201,2016-07-26(二),00,02,03
2016202,2016-07-27(三),04,07,08
2016203,2016-07-28(四),05,07,09
2016204,2016-07-29(五),02,03,09
2016205,2016-07-30(六),04,09,09
2016206,2016-07-31(日),01,03,07
2016207,2016-08-01(一),05,06,09
2016208,2016-08-02(二),00,05,09
2016209,2016-08-03(三),00,02,03
2016210,2016-08-04(四),02,07,09
2016211,2016-08-05(五),03,04,06
2016212,2016-08-06(六),00,03,08
2016213,2016-08-07(日),01,03,07
2016214,2016-08-08(一),02,04,09
2016215,2016-08-09(二),01,04,04
2016216,2016-08-10(三),03,03,04
2016217,2016-08-11(四),00,03,08
2016218,2016-08-12(五),02,03,03
2016219,2016-08-13(六),00,01,04
2016220,2016-08-14(日),03,06,07
2016221,2016-08-15(一),00,08,08
2016222,2016-08-16(二),00,04,04
2016223,2016-08-17(三),02,07,09
2016224,2016-08-18(四),02,07,08
2016225,2016-08-19(五),01,02,02
2016226,2016-08-20(六),02,08,09
2016227,2016-08-21(日),06,08,09
2016228,2016-08-22(一),01,08,08
2016229,2016-08-23(二),03,07,08
2016230,2016-08-24(三),04,07,09
2016231,2016-08-25(四),04,05,08
2016232,2016-08-26(五),01,02,03
2016233,2016-08-27(六),04,06,09
2016234,2016-08-28(日),00,02,04
2016235,2016-08-29(一),04,05,05
2016236,2016-08-30(二),01,08,09
2016237,2016-08-31(三),01,03,05
2016238,2016-09-01(四),00,03,07
2016239,2016-09-02(五),00,05,06
2016240,2016-09-03(六),00,07,08
2016241,2016-09-04(日),04,09,09
2016242,2016-09-05(一),03,05,09
2016243,2016-09-06(二),04,04,06
2016244,2016-09-07(三),06,09,09
2016245,2016-09-08(四),00,06,07
2016246,2016-09-09(五),01,03,09
2016247,2016-09-10(六),01,04,04
2016248,2016-09-11(日),01,03,09
2016249,2016-09-12(一),00,01,09
2016250,2016-09-13(二),01,04,06
2016251,2016-09-14(三),00,06,08
2016252,2016-09-15(四),00,02,05
2016253,2016-09-16(五),02,05,06
2016254,2016-09-17(六),04,05,06
2016255,2016-09-18(日),01,04,05
2016256,2016-09-19(一),02,06,08
2016257,2016-09-20(二),06,07,09
2016258,2016-09-21(三),02,06,06
2016259,2016-09-22(四),02,03,08
2016260,2016-09-23(五),00,01,06
2016261,2016-09-24(六),00,04,09
2016262,2016-09-25(日),05,06,09
2016263,2016-09-26(一),04,08,09
2016264,2016-09-27(二),08,08,09
2016265,2016-09-28(三),02,05,05
2016266,2016-09-29(四),01,04,09
2016267,2016-09-30(五),08,09,09
2016268,2016-10-01(六),00,01,05
2016269,2016-10-02(日),00,06,08
2016270,2016-10-03(一),01,01,04
2016271,2016-10-04(二),03,04,04
2016272,2016-10-05(三),03,03,07
2016273,2016-10-06(四),05,05,06
2016274,2016-10-07(五),03,08,08
2016275,2016-10-08(六),04,07,08
2016276,2016-10-09(日),02,07,07
2016277,2016-10-10(一),00,05,08
2016278,2016-10-11(二),03,04,05
2016279,2016-10-12(三),02,04,06
2016280,2016-10-13(四),03,07,08
2016281,2016-10-14(五),08,09,09
2016282,2016-10-15(六),02,06,06
2016283,2016-10-16(日),00,04,07
2016284,2016-10-17(一),01,03,04
2016285,2016-10-18(二),04,08,08
2016286,2016-10-19(三),00,07,09
2016287,2016-10-20(四),01,02,06
2016288,2016-10-21(五),00,00,01
2016289,2016-10-22(六),03,05,09
2016290,2016-10-23(日),00,03,04
2016291,2016-10-24(一),01,03,07
2016292,2016-10-25(二),00,05,07
2016293,2016-10-26(三),02,03,06
2016294,2016-10-27(四),03,03,04
2016295,2016-10-28(五),07,08,09
2016296,2016-10-29(六),04,07,08
2016297,2016-10-30(日),00,01,06
2016298,2016-10-31(一),01,05,06
2016299,2016-11-01(二),00,04,05
2016300,2016-11-02(三),00,05,08
2016301,2016-11-03(四),02,05,07
2016302,2016-11-04(五),05,06,06
2016303,2016-11-05(六),00,01,08
2016304,2016-11-06(日),05,06,08
2016305,2016-11-07(一),04,04,07
2016306,2016-11-08(二),00,03,07
2016307,2016-11-09(三),07,09,09
2016308,2016-11-10(四),03,04,07
2016309,2016-11-11(五),00,03,08
2016310,2016-11-12(六),00,04,05
2016311,2016-11-13(日),03,08,09
2016312,2016-11-14(一),01,01,03
2016313,2016-11-15(二),03,03,07
2016314,2016-11-16(三),01,05,07
2016315,2016-11-17(四),08,08,08
2016316,2016-11-18(五),04,07,07
2016317,2016-11-19(六),02,03,04
2016318,2016-11-20(日),00,04,07
2016319,2016-11-21(一),05,05,07
2016320,2016-11-22(二),02,05,09
2016321,2016-11-23(三),02,03,08
2016322,2016-11-24(四),01,03,05
2016323,2016-11-25(五),07,07,08
2016324,2016-11-26(六),03,06,06
2016325,2016-11-27(日),01,06,09
2016326,2016-11-28(一),00,06,09
2016327,2016-11-29(二),01,03,08
2016328,2016-11-30(三),00,07,09
2016329,2016-12-01(四),02,04,04
2016330,2016-12-02(五),01,03,08
2016331,2016-12-03(六),03,08,09
2016332,2016-12-04(日),06,07,07
2016333,2016-12-05(一),00,04,05
2016334,2016-12-06(二),01,08,09
2016335,2016-12-07(三),00,05,05
2016336,2016-12-08(四),00,07,09
2016337,2016-12-09(五),02,09,09
2016338,2016-12-10(六),00,01,03
2016339,2016-12-11(日),02,02,06
2016340,2016-12-12(一),03,04,09
2016341,2016-12-13(二),01,01,05
2016342,2016-12-14(三),04,04,08
2016343,2016-12-15(四),02,02,05
2016344,2016-12-16(五),03,06,07
2016345,2016-12-17(六),05,05,09
2016346,2016-12-18(日),00,02,09
2016347,2016-12-19(一),00,06,08
2016348,2016-12-20(二),02,08,09
2016349,2016-12-21(三),00,04,09
2016350,2016-12-22(四),03,03,08
2016351,2016-12-23(五),01,08,08
2016352,2016-12-24(六),00,01,06
2016353,2016-12-25(日),00,04,08
2016354,2016-12-26(一),02,04,08
2016355,2016-12-27(二),02,04,09
2016356,2016-12-28(三),01,02,05
2016357,2016-12-29(四),01,04,05
2016358,2016-12-30(五),00,01,01
2016359,2016-12-31(六),03,08,08
2017001,2017-01-01(日),03,06,09
2017002,2017-01-02(一),07,07,09
2017003,2017-01-03(二),00,05,06
2017004,2017-01-04(三),01,03,07
2017005,2017-01-05(四),02,04,06
2017006,2017-01-06(五),08,08,08
2017007,2017-01-07(六),03,07,08
2017008,2017-01-08(日),01,06,09
2017009,2017-01-09(一),00,02,02
2017010,2017-01-10(二),06,07,09
2017011,2017-01-11(三),00,09,09
2017012,2017-01-12(四),01,02,05
2017013,2017-01-13(五),02,05,08
2017014,2017-01-14(六),01,02,02
2017015,2017-01-15(日),00,05,09
2017016,2017-01-16(一),04,06,09
2017017,2017-01-17(二),01,07,08
2017018,2017-01-18(三),01,03,05
2017019,2017-01-19(四),00,06,06
2017020,2017-01-20(五),03,08,09
2017021,2017-01-21(六),04,05,08
2017022,2017-01-22(日),00,02,08
2017023,2017-01-23(一),00,02,05
2017024,2017-01-24(二),00,07,09
2017025,2017-01-25(三),03,05,09
2017026,2017-01-26(四),02,05,09
2017027,2017-02-03(五),03,07,08
2017028,2017-02-04(六),01,03,09
2017029,2017-02-05(日),02,02,07
2017030,2017-02-06(一),00,01,07
2017031,2017-02-07(二),03,06,07
2017032,2017-02-08(三),02,03,07
2017033,2017-02-09(四),01,01,04
2017034,2017-02-10(五),03,04,08
2017035,2017-02-11(六),02,04,06
2017036,2017-02-12(日),00,05,06
2017037,2017-02-13(一),07,08,09
2017038,2017-02-14(二),01,03,04
2017039,2017-02-15(三),03,05,09
2017040,2017-02-16(四),08,09,09
2017041,2017-02-17(五),00,04,08
2017042,2017-02-18(六),00,00,00
2017043,2017-02-19(日),00,00,05
2017044,2017-02-20(一),01,06,08
2017045,2017-02-21(二),06,07,09
2017046,2017-02-22(三),00,05,07
2017047,2017-02-23(四),04,05,09
2017048,2017-02-24(五),05,05,07
2017049,2017-02-25(六),00,03,06
2017050,2017-02-26(日),02,07,08
2017051,2017-02-27(一),00,02,07
2017052,2017-02-28(二),01,03,07
2017053,2017-03-01(三),02,05,06
2017054,2017-03-02(四),04,05,07
2017055,2017-03-03(五),02,06,07
2017056,2017-03-04(六),00,01,02
2017057,2017-03-05(日),02,02,04
2017058,2017-03-06(一),02,02,06
2017059,2017-03-07(二),01,03,04
2017060,2017-03-08(三),06,08,08
2017061,2017-03-09(四),04,04,05
2017062,2017-03-10(五),05,07,09
2017063,2017-03-11(六),04,06,08
2017064,2017-03-12(日),01,05,08
2017065,2017-03-13(一),05,07,07
2017066,2017-03-14(二),02,02,03
2017067,2017-03-15(三),04,04,06
2017068,2017-03-16(四),00,01,09
2017069,2017-03-17(五),01,05,08
2017070,2017-03-18(六),01,02,03
2017071,2017-03-19(日),02,08,08
2017072,2017-03-20(一),01,04,07
2017073,2017-03-21(二),00,05,07
2017074,2017-03-22(三),05,06,07
2017075,2017-03-23(四),07,07,08
2017076,2017-03-24(五),00,04,07
2017077,2017-03-25(六),00,00,02
2017078,2017-03-26(日),04,04,09
2017079,2017-03-27(一),04,07,08
2017080,2017-03-28(二),03,05,07
2017081,2017-03-29(三),01,02,09
2017082,2017-03-30(四),02,05,06
2017083,2017-03-31(五),00,01,05
2017084,2017-04-01(六),02,02,08
2017085,2017-04-02(日),00,05,06
2017086,2017-04-03(一),06,07,09
2017087,2017-04-04(二),03,07,07
2017088,2017-04-05(三),03,06,06
2017089,2017-04-06(四),01,05,08
2017090,2017-04-07(五),00,03,09
2017091,2017-04-08(六),01,03,04
2017092,2017-04-09(日),00,03,05
2017093,2017-04-10(一),00,04,08
2017094,2017-04-11(二),03,05,07
2017095,2017-04-12(三),03,05,09
2017096,2017-04-13(四),00,04,07
2017097,2017-04-14(五),04,07,09
2017098,2017-04-15(六),00,04,07
2017099,2017-04-16(日),00,04,06
2017100,2017-04-17(一),05,06,09
2017101,2017-04-18(二),00,08,09
2017102,2017-04-19(三),06,08,09
2017103,2017-04-20(四),00,03,05
2017104,2017-04-21(五),02,04,05
2017105,2017-04-22(六),01,02,04
2017106,2017-04-23(日),03,06,09
2017107,2017-04-24(一),02,05,07
2017108,2017-04-25(二),05,05,07
2017109,2017-04-26(三),04,08,08
2017110,2017-04-27(四),02,06,06
2017111,2017-04-28(五),01,03,03
2017112,2017-04-29(六),05,06,09
2017113,2017-04-30(日),04,05,07
2017114,2017-05-01(一),01,06,07
2017115,2017-05-02(二),00,01,06
2017116,2017-05-03(三),01,04,08
2017117,2017-05-04(四),01,03,07
2017118,2017-05-05(五),00,05,06
2017119,2017-05-06(六),00,05,09
2017120,2017-05-07(日),02,04,08
2017121,2017-05-08(一),03,04,09
2017122,2017-05-09(二),00,04,05
2017123,2017-05-10(三),00,00,08
2017124,2017-05-11(四),00,01,05
2017125,2017-05-12(五),07,08,08
2017126,2017-05-13(六),04,09,09
2017127,2017-05-14(日),02,03,06
2017128,2017-05-15(一),00,05,05
2017129,2017-05-16(二),05,06,06
2017130,2017-05-17(三),06,06,07
2017131,2017-05-18(四),02,04,08
2017132,2017-05-19(五),05,05,06
2017133,2017-05-20(六),00,02,09
2017134,2017-05-21(日),03,05,09
2017135,2017-05-22(一),00,07,07
2017136,2017-05-23(二),08,08,08
2017137,2017-05-24(三),01,01,09
2017138,2017-05-25(四),01,01,08
2017139,2017-05-26(五),05,06,09
2017140,2017-05-27(六),01,04,06
2017141,2017-05-28(日),01,01,05
2017142,2017-05-29(一),07,07,08
2017143,2017-05-30(二),06,08,09
2017144,2017-05-31(三),05,05,08
2017145,2017-06-01(四),04,05,09
2017146,2017-06-02(五),04,05,09
2017147,2017-06-03(六),02,09,09
2017148,2017-06-04(日),03,07,09
2017149,2017-06-05(一),03,07,09
2017150,2017-06-06(二),01,01,03
2017151,2017-06-07(三),00,06,07
2017152,2017-06-08(四),00,07,07
2017153,2017-06-09(五),00,06,08
2017154,2017-06-10(六),03,03,06
2017155,2017-06-11(日),03,05,09
2017156,2017-06-12(一),02,04,08
2017157,2017-06-13(二),01,03,07
2017158,2017-06-14(三),02,05,08
2017159,2017-06-15(四),02,07,08
2017160,2017-06-16(五),00,01,02
2017161,2017-06-17(六),07,07,09
2017162,2017-06-18(日),03,08,09
2017163,2017-06-19(一),00,00,08
2017164,2017-06-20(二),01,02,03
2017165,2017-06-21(三),03,03,03
2017166,2017-06-22(四),04,06,09
2017167,2017-06-23(五),01,04,07
2017168,2017-06-24(六),01,03,06
2017169,2017-06-25(日),04,05,08
2017170,2017-06-26(一),01,08,08
2017171,2017-06-27(二),03,04,06
2017172,2017-06-28(三),05,05,08
2017173,2017-06-29(四),04,06,09
2017174,2017-06-30(五),01,04,04
2017175,2017-07-01(六),00,00,01
2017176,2017-07-02(日),02,06,07
2017177,2017-07-03(一),05,07,09
2017178,2017-07-04(二),04,04,07
2017179,2017-07-05(三),01,05,09
2017180,2017-07-06(四),03,04,06
2017181,2017-07-07(五),05,06,09
2017182,2017-07-08(六),01,04,08
2017183,2017-07-09(日),04,09,09
2017184,2017-07-10(一),08,09,09
2017185,2017-07-11(二),02,02,08
2017186,2017-07-12(三),00,03,03
2017187,2017-07-13(四),01,03,06
2017188,2017-07-14(五),01,04,07
2017189,2017-07-15(六),02,05,06
2017190,2017-07-16(日),03,08,08
2017191,2017-07-17(一),05,06,07
2017192,2017-07-18(二),00,04,06
2017193,2017-07-19(三),02,03,05
2017194,2017-07-20(四),04,06,06
2017195,2017-07-21(五),06,06,08
2017196,2017-07-22(六),01,04,07
2017197,2017-07-23(日),01,06,08
2017198,2017-07-24(一),00,03,07
2017199,2017-07-25(二),03,06,07
2017200,2017-07-26(三),02,07,08
2017201,2017-07-27(四),03,05,08
2017202,2017-07-28(五),06,09,09
2017203,2017-07-29(六),00,00,07
2017204,2017-07-30(日),00,03,05
2017205,2017-07-31(一),00,07,07
2017206,2017-08-01(二),03,04,04
2017207,2017-08-02(三),01,03,03
2017208,2017-08-03(四),02,02,08
2017209,2017-08-04(五),03,04,05
2017210,2017-08-05(六),02,05,06
2017211,2017-08-06(日),01,02,04
2017212,2017-08-07(一),01,06,07
2017213,2017-08-08(二),06,08,09
2017214,2017-08-09(三),01,03,03
2017215,2017-08-10(四),03,06,09
2017216,2017-08-11(五),00,03,06
2017217,2017-08-12(六),01,02,08
2017218,2017-08-13(日),01,01,09
2017219,2017-08-14(一),01,03,05
2017220,2017-08-15(二),02,07,08
2017221,2017-08-16(三),05,07,08
2017222,2017-08-17(四),01,03,07
2017223,2017-08-18(五),07,07,08
2017224,2017-08-19(六),02,05,06
2017225,2017-08-20(日),00,01,08
2017226,2017-08-21(一),00,03,09
2017227,2017-08-22(二),05,08,08
2017228,2017-08-23(三),03,05,05
2017229,2017-08-24(四),00,07,07
2017230,2017-08-25(五),05,08,09
2017231,2017-08-26(六),04,07,08
2017232,2017-08-27(日),00,01,09
2017233,2017-08-28(一),02,05,09
2017234,2017-08-29(二),05,08,09
2017235,2017-08-30(三),02,03,06
2017236,2017-08-31(四),03,07,09
2017237,2017-09-01(五),01,03,05
2017238,2017-09-02(六),01,05,07
2017239,2017-09-03(日),03,08,09
2017240,2017-09-04(一),01,05,09
2017241,2017-09-05(二),04,06,06
2017242,2017-09-06(三),02,03,07
2017243,2017-09-07(四),01,05,07
2017244,2017-09-08(五),00,04,08
2017245,2017-09-09(六),02,04,08
2017246,2017-09-10(日),07,07,08
2017247,2017-09-11(一),00,03,07
2017248,2017-09-12(二),05,06,08
2017249,2017-09-13(三),00,02,03
2017250,2017-09-14(四),01,02,04
2017251,2017-09-15(五),01,05,09
2017252,2017-09-16(六),03,07,08
2017253,2017-09-17(日),02,03,06
2017254,2017-09-18(一),03,06,09
2017255,2017-09-19(二),01,02,05
2017256,2017-09-20(三),02,03,06
2017257,2017-09-21(四),02,03,04
2017258,2017-09-22(五),01,03,06
2017259,2017-09-23(六),01,04,08
2017260,2017-09-24(日),00,05,09
2017261,2017-09-25(一),06,06,08
2017262,2017-09-26(二),01,02,09
2017263,2017-09-27(三),02,06,07
2017264,2017-09-28(四),03,03,09
2017265,2017-09-29(五),02,03,07
2017266,2017-09-30(六),00,02,03
2017267,2017-10-01(日),00,07,07
2017268,2017-10-02(一),05,07,08
2017269,2017-10-03(二),03,08,09
2017270,2017-10-04(三),01,03,05
2017271,2017-10-05(四),02,04,08
2017272,2017-10-06(五),03,04,09
2017273,2017-10-07(六),02,06,07
2017274,2017-10-08(日),04,04,09
2017275,2017-10-09(一),08,08,09
2017276,2017-10-10(二),07,08,08
2017277,2017-10-11(三),05,05,07
2017278,2017-10-12(四),00,02,09
2017279,2017-10-13(五),03,04,05
2017280,2017-10-14(六),05,06,08
2017281,2017-10-15(日),00,06,09
2017282,2017-10-16(一),05,06,08
2017283,2017-10-17(二),03,05,05
2017284,2017-10-18(三),01,01,03
2017285,2017-10-19(四),03,04,04
2017286,2017-10-20(五),01,02,05
2017287,2017-10-21(六),02,05,08
2017288,2017-10-22(日),00,00,03
2017289,2017-10-23(一),02,03,06
2017290,2017-10-24(二),02,05,08
2017291,2017-10-25(三),05,06,07
2017292,2017-10-26(四),01,05,07
2017293,2017-10-27(五),06,06,09
2017294,2017-10-28(六),05,07,07
2017295,2017-10-29(日),02,03,07
2017296,2017-10-30(一),05,09,09
2017297,2017-10-31(二),02,04,06
2017298,2017-11-01(三),01,02,08
2017299,2017-11-02(四),01,02,09
2017300,2017-11-03(五),00,00,05
2017301,2017-11-04(六),01,03,09
2017302,2017-11-05(日),01,02,04
2017303,2017-11-06(一),04,07,09
2017304,2017-11-07(二),00,01,09
2017305,2017-11-08(三),00,02,04
2017306,2017-11-09(四),01,07,08
2017307,2017-11-10(五),01,05,07
2017308,2017-11-11(六),00,01,07
2017309,2017-11-12(日),07,08,09
2017310,2017-11-13(一),01,03,06
2017311,2017-11-14(二),07,09,09
2017312,2017-11-15(三),01,01,04
2017313,2017-11-16(四),02,02,03
2017314,2017-11-17(五),00,00,03
2017315,2017-11-18(六),01,07,09
2017316,2017-11-19(日),02,03,07
2017317,2017-11-20(一),01,07,07
2017318,2017-11-21(二),05,06,08
2017319,2017-11-22(三),00,01,05
2017320,2017-11-23(四),03,04,05
2017321,2017-11-24(五),01,08,08
2017322,2017-11-25(六),01,04,09
2017323,2017-11-26(日),00,02,08
2017324,2017-11-27(一),03,06,07
2017325,2017-11-28(二),00,04,06
2017326,2017-11-29(三),00,04,09
2017327,2017-11-30(四),01,03,05
2017328,2017-12-01(五),00,00,03
2017329,2017-12-02(六),01,03,09
2017330,2017-12-03(日),00,03,04
2017331,2017-12-04(一),02,07,08
2017332,2017-12-05(二),00,04,08
2017333,2017-12-06(三),02,04,04
2017334,2017-12-07(四),00,05,09
2017335,2017-12-08(五),00,05,07
2017336,2017-12-09(六),05,07,07
2017337,2017-12-10(日),04,04,04
2017338,2017-12-11(一),00,01,09
2017339,2017-12-12(二),03,05,08
2017340,2017-12-13(三),01,04,07
2017341,2017-12-14(四),01,02,06
2017342,2017-12-15(五),00,06,09
2017343,2017-12-16(六),01,06,08
2017344,2017-12-17(日),06,08,09
2017345,2017-12-18(一),01,03,07
2017346,2017-12-19(二),01,06,08
2017347,2017-12-20(三),06,06,06
2017348,2017-12-21(四),01,01,03
2017349,2017-12-22(五),03,05,07
2017350,2017-12-23(六),02,06,07
2017351,2017-12-24(日),00,01,09
2017352,2017-12-25(一),05,05,08
2017353,2017-12-26(二),00,04,09
2017354,2017-12-27(三),02,04,09
2017355,2017-12-28(四),00,01,03
2017356,2017-12-29(五),04,06,07
2017357,2017-12-30(六),05,06,06
2017358,2017-12-31(日),01,02,06
2018001,2018-01-01(一),02,03,06
2018002,2018-01-02(二),02,08,09
2018003,2018-01-03(三),03,06,07
2018004,2018-01-04(四),03,03,09
2018005,2018-01-05(五),02,08,08
2018006,2018-01-06(六),00,02,07
2018007,2018-01-07(日),00,01,02
2018008,2018-01-08(一),03,05,08
2018009,2018-01-09(二),01,03,08
2018010,2018-01-10(三),05,08,08
2018011,2018-01-11(四),00,07,08
2018012,2018-01-12(五),01,08,09
2018013,2018-01-13(六),04,06,07
2018014,2018-01-14(日),00,04,08
2018015,2018-01-15(一),05,07,08
2018016,2018-01-16(二),00,01,04
2018017,2018-01-17(三),05,06,09
2018018,2018-01-18(四),00,01,08
2018019,2018-01-19(五),01,07,09
2018020,2018-01-20(六),04,07,09
2018021,2018-01-21(日),02,02,07
2018022,2018-01-22(一),02,09,09
2018023,2018-01-23(二),00,01,02
2018024,2018-01-24(三),04,06,06
2018025,2018-01-25(四),04,06,07
2018026,2018-01-26(五),02,03,09
2018027,2018-01-27(六),03,07,09
2018028,2018-01-28(日),02,08,08
2018029,2018-01-29(一),01,03,03
2018030,2018-01-30(二),02,06,08
2018031,2018-01-31(三),02,03,08
2018032,2018-02-01(四),01,02,07
2018033,2018-02-02(五),06,07,07
2018034,2018-02-03(六),06,06,07
2018035,2018-02-04(日),05,06,08
2018036,2018-02-05(一),03,05,06
2018037,2018-02-06(二),05,06,09
2018038,2018-02-07(三),05,08,09
2018039,2018-02-08(四),00,06,07
2018040,2018-02-09(五),04,06,08
2018041,2018-02-10(六),01,05,06
2018042,2018-02-11(日),01,01,03
2018043,2018-02-12(一),02,05,07
2018044,2018-02-13(二),00,02,09
2018045,2018-02-14(三),00,02,03
2018046,2018-02-22(四),03,04,07
2018047,2018-02-23(五),05,05,08
2018048,2018-02-24(六),03,06,09
2018049,2018-02-25(日),01,04,05
2018050,2018-02-26(一),05,07,08
2018051,2018-02-27(二),00,02,06
2018052,2018-02-28(三),03,06,09
2018053,2018-03-01(四),01,04,05
2018054,2018-03-02(五),02,03,05
2018055,2018-03-03(六),00,01,06
2018056,2018-03-04(日),00,08,09
2018057,2018-03-05(一),07,07,09
2018058,2018-03-06(二),02,03,07
2018059,2018-03-07(三),04,07,09
2018060,2018-03-08(四),06,07,07
2018061,2018-03-09(五),02,05,05
2018062,2018-03-10(六),02,07,09
2018063,2018-03-11(日),01,03,06
2018064,2018-03-12(一),03,03,09
2018065,2018-03-13(二),04,08,08
2018066,2018-03-14(三),00,05,09
2018067,2018-03-15(四),05,08,08
2018068,2018-03-16(五),04,04,08
2018069,2018-03-17(六),01,01,09
2018070,2018-03-18(日),05,06,07
2018071,2018-03-19(一),07,07,09
2018072,2018-03-20(二),03,04,07
2018073,2018-03-21(三),02,05,07
2018074,2018-03-22(四),01,05,08
2018075,2018-03-23(五),01,06,08
2018076,2018-03-24(六),05,07,08
2018077,2018-03-25(日),02,04,06
2018078,2018-03-26(一),01,06,06
2018079,2018-03-27(二),03,06,09
2018080,2018-03-28(三),07,08,09
2018081,2018-03-29(四),05,07,08
2018082,2018-03-30(五),04,05,09
2018083,2018-03-31(六),02,06,06
2018084,2018-04-01(日),01,05,09
2018085,2018-04-02(一),00,03,09
2018086,2018-04-03(二),01,06,08
2018087,2018-04-04(三),01,03,05
2018088,2018-04-05(四),00,09,09
2018089,2018-04-06(五),06,06,08
2018090,2018-04-07(六),01,06,07
2018091,2018-04-08(日),00,01,02
2018092,2018-04-09(一),01,02,03
2018093,2018-04-10(二),00,02,09
2018094,2018-04-11(三),01,03,06
2018095,2018-04-12(四),01,02,04
2018096,2018-04-13(五),02,03,04
2018097,2018-04-14(六),00,03,08
2018098,2018-04-15(日),05,06,06
2018099,2018-04-16(一),01,09,09
2018100,2018-04-17(二),00,02,07
2018101,2018-04-18(三),03,04,05
2018102,2018-04-19(四),03,05,07
2018103,2018-04-20(五),02,02,02
2018104,2018-04-21(六),01,07,07
2018105,2018-04-22(日),04,07,08
2018106,2018-04-23(一),03,03,06
2018107,2018-04-24(二),03,06,06
2018108,2018-04-25(三),02,06,09
2018109,2018-04-26(四),01,02,08
2018110,2018-04-27(五),00,04,09
2018111,2018-04-28(六),00,02,07
2018112,2018-04-29(日),05,05,09
2018113,2018-04-30(一),01,05,06
2018114,2018-05-01(二),01,04,04
2018115,2018-05-02(三),09,09,09
2018116,2018-05-03(四),00,00,03
2018117,2018-05-04(五),00,03,04
2018118,2018-05-05(六),00,03,09
2018119,2018-05-06(日),07,08,09
2018120,2018-05-07(一),04,08,09
2018121,2018-05-08(二),01,06,07
2018122,2018-05-09(三),01,01,08
2018123,2018-05-10(四),00,06,09
2018124,2018-05-11(五),06,08,09
2018125,2018-05-12(六),02,03,08
2018126,2018-05-13(日),01,03,06
2018127,2018-05-14(一),00,00,02
2018128,2018-05-15(二),00,03,03
2018129,2018-05-16(三),03,05,06
2018130,2018-05-17(四),02,04,05
2018131,2018-05-18(五),02,07,09
2018132,2018-05-19(六),06,06,09
2018133,2018-05-20(日),01,06,09
2018134,2018-05-21(一),01,06,07
2018135,2018-05-22(二),06,08,09
2018136,2018-05-23(三),03,04,06
2018137,2018-05-24(四),03,05,07
2018138,2018-05-25(五),00,06,08
2018139,2018-05-26(六),04,04,07
2018140,2018-05-27(日),01,03,03
2018141,2018-05-28(一),03,05,06
2018142,2018-05-29(二),03,07,09
2018143,2018-05-30(三),04,04,05
2018144,2018-05-31(四),00,01,09
2018145,2018-06-01(五),03,06,08
2018146,2018-06-02(六),05,06,09
2018147,2018-06-03(日),03,06,06
2018148,2018-06-04(一),00,07,08
2018149,2018-06-05(二),02,03,09
2018150,2018-06-06(三),03,03,05
2018151,2018-06-07(四),01,04,05
2018152,2018-06-08(五),02,05,08
2018153,2018-06-09(六),02,03,09
2018154,2018-06-10(日),06,06,09
2018155,2018-06-11(一),02,08,09
2018156,2018-06-12(二),02,03,04
2018157,2018-06-13(三),00,02,02
2018158,2018-06-14(四),03,03,06
2018159,2018-06-15(五),00,03,04
2018160,2018-06-16(六),04,07,07
2018161,2018-06-17(日),04,07,09
2018162,2018-06-18(一),01,03,07
2018163,2018-06-19(二),06,08,09
2018164,2018-06-20(三),01,05,07
2018165,2018-06-21(四),00,02,09
2018166,2018-06-22(五),01,04,09
2018167,2018-06-23(六),04,08,09
2018168,2018-06-24(日),01,04,07
2018169,2018-06-25(一),00,03,05
2018170,2018-06-26(二),01,01,07
2018171,2018-06-27(三),01,08,09
2018172,2018-06-28(四),01,03,05
2018173,2018-06-29(五),03,04,06
2018174,2018-06-30(六),06,08,08
2018175,2018-07-01(日),03,03,08
2018176,2018-07-02(一),02,03,05
2018177,2018-07-03(二),00,01,02
2018178,2018-07-04(三),03,03,06
2018179,2018-07-05(四),02,04,07
2018180,2018-07-06(五),01,06,07
2018181,2018-07-07(六),04,08,09
2018182,2018-07-08(日),02,03,09
2018183,2018-07-09(一),03,05,09
2018184,2018-07-10(二),03,04,07
2018185,2018-07-11(三),00,05,07
2018186,2018-07-12(四),01,01,04
2018187,2018-07-13(五),00,07,08
2018188,2018-07-14(六),00,04,08
2018189,2018-07-15(日),00,06,07
2018190,2018-07-16(一),05,05,06
2018191,2018-07-17(二),00,03,05
2018192,2018-07-18(三),03,08,09
2018193,2018-07-19(四),00,01,06
2018194,2018-07-20(五),03,05,07
2018195,2018-07-21(六),03,06,07
2018196,2018-07-22(日),00,00,05
2018197,2018-07-23(一),00,01,05
2018198,2018-07-24(二),03,07,09
2018199,2018-07-25(三),00,01,05
2018200,2018-07-26(四),00,03,05
2018201,2018-07-27(五),01,05,06
2018202,2018-07-28(六),01,04,06
2018203,2018-07-29(日),00,04,05
2018204,2018-07-30(一),00,02,04
2018205,2018-07-31(二),01,04,08
2018206,2018-08-01(三),02,06,06
2018207,2018-08-02(四),05,06,07
2018208,2018-08-03(五),02,04,05
2018209,2018-08-04(六),00,05,09
2018210,2018-08-05(日),02,08,09
2018211,2018-08-06(一),02,06,08
2018212,2018-08-07(二),05,07,08
2018213,2018-08-08(三),00,02,03
2018214,2018-08-09(四),01,08,08
2018215,2018-08-10(五),02,04,05
2018216,2018-08-11(六),01,02,08
2018217,2018-08-12(日),05,07,08
2018218,2018-08-13(一),06,07,09
2018219,2018-08-14(二),01,03,09
2018220,2018-08-15(三),04,06,08
2018221,2018-08-16(四),00,01,04
2018222,2018-08-17(五),01,03,07
2018223,2018-08-18(六),04,09,09
2018224,2018-08-19(日),00,00,03
2018225,2018-08-20(一),00,01,06
2018226,2018-08-21(二),06,07,09
2018227,2018-08-22(三),07,07,09
2018228,2018-08-23(四),00,04,07
2018229,2018-08-24(五),05,05,06
2018230,2018-08-25(六),00,05,07
2018231,2018-08-26(日),02,06,09
2018232,2018-08-27(一),01,05,07
2018233,2018-08-28(二),05,07,09
2018234,2018-08-29(三),03,05,09
2018235,2018-08-30(四),02,08,08
2018236,2018-08-31(五),02,04,06
2018237,2018-09-01(六),01,03,06
2018238,2018-09-02(日),00,02,07
2018239,2018-09-03(一),04,07,09
2018240,2018-09-04(二),00,05,06
2018241,2018-09-05(三),01,02,05
2018242,2018-09-06(四),02,03,06
2018243,2018-09-07(五),03,06,09
2018244,2018-09-08(六),03,04,06
2018245,2018-09-09(日),01,03,05
2018246,2018-09-10(一),00,03,06
2018247,2018-09-11(二),02,06,06
2018248,2018-09-12(三),01,02,05
2018249,2018-09-13(四),03,06,06
2018250,2018-09-14(五),01,05,05
2018251,2018-09-15(六),03,08,09
2018252,2018-09-16(日),00,06,07
2018253,2018-09-17(一),00,08,09
2018254,2018-09-18(二),05,06,07
2018255,2018-09-19(三),02,08,09
2018256,2018-09-20(四),00,07,08
2018257,2018-09-21(五),00,04,09
2018258,2018-09-22(六),00,00,03
2018259,2018-09-23(日),00,00,01
2018260,2018-09-24(一),04,04,07
2018261,2018-09-25(二),00,08,09
2018262,2018-09-26(三),02,03,05
2018263,2018-09-27(四),01,03,08
2018264,2018-09-28(五),00,00,04
2018265,2018-09-29(六),04,06,08
2018266,2018-09-30(日),01,02,06
2018267,2018-10-01(一),00,00,01
2018268,2018-10-02(二),02,07,08
2018269,2018-10-03(三),05,06,09
2018270,2018-10-04(四),03,04,09
2018271,2018-10-05(五),03,05,06
2018272,2018-10-06(六),00,05,08
2018273,2018-10-07(日),04,05,07
2018274,2018-10-08(一),05,05,07
2018275,2018-10-09(二),02,04,06
2018276,2018-10-10(三),01,02,06
2018277,2018-10-11(四),00,07,09
2018278,2018-10-12(五),03,05,06
2018279,2018-10-13(六),03,05,07
2018280,2018-10-14(日),06,06,09
2018281,2018-10-15(一),04,07,09
2018282,2018-10-16(二),01,06,07
2018283,2018-10-17(三),05,05,08
2018284,2018-10-18(四),03,04,06
2018285,2018-10-19(五),02,08,09
2018286,2018-10-20(六),01,06,09
2018287,2018-10-21(日),03,07,08
2018288,2018-10-22(一),03,04,04
2018289,2018-10-23(二),04,05,09
2018290,2018-10-24(三),00,03,06
2018291,2018-10-25(四),03,05,09
2018292,2018-10-26(五),02,02,09
2018293,2018-10-27(六),05,08,09
2018294,2018-10-28(日),03,05,07
2018295,2018-10-29(一),01,03,05
2018296,2018-10-30(二),01,08,08
2018297,2018-10-31(三),02,08,09
2018298,2018-11-01(四),01,01,01
2018299,2018-11-02(五),01,03,03
2018300,2018-11-03(六),07,07,07
2018301,2018-11-04(日),02,06,09
2018302,2018-11-05(一),03,08,08
2018303,2018-11-06(二),00,01,08
2018304,2018-11-07(三),00,03,04
2018305,2018-11-08(四),04,05,08
2018306,2018-11-09(五),01,03,06
2018307,2018-11-10(六),03,07,08
2018308,2018-11-11(日),02,06,08
2018309,2018-11-12(一),00,03,08
2018310,2018-11-13(二),03,04,07
2018311,2018-11-14(三),00,01,08
2018312,2018-11-15(四),02,05,06
2018313,2018-11-16(五),02,08,09
2018314,2018-11-17(六),07,07,08
2018315,2018-11-18(日),00,08,08
2018316,2018-11-19(一),00,07,08
2018317,2018-11-20(二),00,02,03
2018318,2018-11-21(三),00,07,08
2018319,2018-11-22(四),01,02,06
2018320,2018-11-23(五),05,05,06
2018321,2018-11-24(六),03,07,08
2018322,2018-11-25(日),00,01,03
2018323,2018-11-26(一),02,04,09
2018324,2018-11-27(二),01,03,09
2018325,2018-11-28(三),00,01,06
2018326,2018-11-29(四),04,04,05
2018327,2018-11-30(五),02,03,04
2018328,2018-12-01(六),01,04,08
2018329,2018-12-02(日),01,05,06
2018330,2018-12-03(一),01,01,07
2018331,2018-12-04(二),00,01,08
2018332,2018-12-05(三),03,08,08
2018333,2018-12-06(四),02,08,08
2018334,2018-12-07(五),03,04,09
2018335,2018-12-08(六),00,04,07
2018336,2018-12-09(日),00,06,09
2018337,2018-12-10(一),01,03,07
2018338,2018-12-11(二),01,07,08
2018339,2018-12-12(三),04,07,07
2018340,2018-12-13(四),07,08,09
2018341,2018-12-14(五),07,09,09
2018342,2018-12-15(六),04,07,09
2018343,2018-12-16(日),00,02,05
2018344,2018-12-17(一),03,07,09
2018345,2018-12-18(二),02,06,09
2018346,2018-12-19(三),01,06,08
2018347,2018-12-20(四),01,03,05
2018348,2018-12-21(五),04,06,09
2018349,2018-12-22(六),01,02,08
2018350,2018-12-23(日),02,02,03
2018351,2018-12-24(一),01,05,06
2018352,2018-12-25(二),02,04,05
2018353,2018-12-26(三),05,08,09
2018354,2018-12-27(四),00,06,09
2018355,2018-12-28(五),07,07,08
2018356,2018-12-29(六),01,01,06
2018357,2018-12-30(日),01,04,07
2018358,2018-12-31(一),02,03,09
2019001,2019-01-01(二),04,04,06
2019002,2019-01-02(三),02,02,07
2019003,2019-01-03(四),03,04,05
2019004,2019-01-04(五),01,01,08
2019005,2019-01-05(六),00,01,05
2019006,2019-01-06(日),05,05,07
2019007,2019-01-07(一),00,03,07
2019008,2019-01-08(二),05,07,08
2019009,2019-01-09(三),04,06,07
2019010,2019-01-10(四),03,05,08
2019011,2019-01-11(五),02,06,06
2019012,2019-01-12(六),01,01,03
2019013,2019-01-13(日),00,01,09
2019014,2019-01-14(一),04,07,09
2019015,2019-01-15(二),00,02,03
2019016,2019-01-16(三),03,06,08
2019017,2019-01-17(四),05,05,09
2019018,2019-01-18(五),01,02,04
2019019,2019-01-19(六),07,07,09
2019020,2019-01-20(日),02,04,08
2019021,2019-01-21(一),00,08,08
2019022,2019-01-22(二),01,03,07
2019023,2019-01-23(三),06,07,07
2019024,2019-01-24(四),03,06,07
2019025,2019-01-25(五),02,03,07
2019026,2019-01-26(六),04,05,09
2019027,2019-01-27(日),00,01,03
2019028,2019-01-28(一),01,04,07
2019029,2019-01-29(二),04,05,06
2019030,2019-01-30(三),00,02,08
2019031,2019-01-31(四),03,07,09
2019032,2019-02-01(五),01,01,06
2019033,2019-02-02(六),00,02,07
2019034,2019-02-03(日),06,06,07
2019035,2019-02-11(一),08,08,08
2019036,2019-02-12(二),03,04,04
2019037,2019-02-13(三),05,06,07
2019038,2019-02-14(四),08,08,09
2019039,2019-02-15(五),04,05,07
2019040,2019-02-16(六),04,05,07
2019041,2019-02-17(日),02,04,08
2019042,2019-02-18(一),05,07,09
2019043,2019-02-19(二),00,06,09
2019044,2019-02-20(三),00,00,02
2019045,2019-02-21(四),03,05,07
2019046,2019-02-22(五),01,04,05
2019047,2019-02-23(六),02,03,09
2019048,2019-02-24(日),02,03,06
2019049,2019-02-25(一),00,01,08
2019050,2019-02-26(二),04,08,09
2019051,2019-02-27(三),00,01,03
2019052,2019-02-28(四),02,05,07
2019053,2019-03-01(五),01,03,06
2019054,2019-03-02(六),04,08,09
2019055,2019-03-03(日),01,02,08
2019056,2019-03-04(一),03,06,09
2019057,2019-03-05(二),00,06,07
2019058,2019-03-06(三),00,00,02
2019059,2019-03-07(四),00,01,04
2019060,2019-03-08(五),01,01,04
2019061,2019-03-09(六),00,04,09
2019062,2019-03-10(日),00,04,08
2019063,2019-03-11(一),01,07,09
2019064,2019-03-12(二),05,07,08
2019065,2019-03-13(三),00,02,03
2019066,2019-03-14(四),00,03,08
2019067,2019-03-15(五),04,08,08
2019068,2019-03-16(六),01,04,04
2019069,2019-03-17(日),06,07,08
2019070,2019-03-18(一),07,08,09
2019071,2019-03-19(二),00,00,06
2019072,2019-03-20(三),01,02,05
2019073,2019-03-21(四),00,03,03
2019074,2019-03-22(五),02,05,06
2019075,2019-03-23(六),00,01,02
2019076,2019-03-24(日),00,00,05
2019077,2019-03-25(一),02,07,09
2019078,2019-03-26(二),00,04,06
2019079,2019-03-27(三),03,05,09
2019080,2019-03-28(四),01,03,04
2019081,2019-03-29(五),01,03,04
2019082,2019-03-30(六),01,07,08
2019083,2019-03-31(日),02,08,09
2019084,2019-04-01(一),07,08,09
2019085,2019-04-02(二),00,05,05
2019086,2019-04-03(三),02,03,08
2019087,2019-04-04(四),01,04,07
2019088,2019-04-05(五),03,06,09
2019089,2019-04-06(六),00,04,05
2019090,2019-04-07(日),07,08,09
2019091,2019-04-08(一),02,05,06
2019092,2019-04-09(二),00,03,06
2019093,2019-04-10(三),02,05,08
2019094,2019-04-11(四),01,08,09
2019095,2019-04-12(五),03,05,09
2019096,2019-04-13(六),00,06,06
2019097,2019-04-14(日),02,03,04
2019098,2019-04-15(一),00,07,08
2019099,2019-04-16(二),03,07,08
2019100,2019-04-17(三),04,07,08
2019101,2019-04-18(四),05,05,09
2019102,2019-04-19(五),05,05,09
2019103,2019-04-20(六),00,05,07
2019104,2019-04-21(日),03,05,09
2019105,2019-04-22(一),02,03,08
2019106,2019-04-23(二),00,00,04
2019107,2019-04-24(三),01,07,07
2019108,2019-04-25(四),01,05,05
2019109,2019-04-26(五),01,03,06
2019110,2019-04-27(六),01,02,06
2019111,2019-04-28(日),01,06,07
2019112,2019-04-29(一),02,02,09
2019113,2019-04-30(二),02,03,08
2019114,2019-05-01(三),05,05,08
2019115,2019-05-02(四),04,06,06
2019116,2019-05-03(五),00,04,07
2019117,2019-05-04(六),02,06,09
2019118,2019-05-05(日),01,04,08
2019119,2019-05-06(一),02,04,09
2019120,2019-05-07(二),00,00,09
2019121,2019-05-08(三),00,06,08
2019122,2019-05-09(四),05,06,08
2019123,2019-05-10(五),01,05,07
2019124,2019-05-11(六),01,01,02
2019125,2019-05-12(日),00,01,08
2019126,2019-05-13(一),00,04,07
2019127,2019-05-14(二),05,07,08
2019128,2019-05-15(三),00,08,09
2019129,2019-05-16(四),00,04,05
2019130,2019-05-17(五),02,08,09
2019131,2019-05-18(六),00,01,03
2019132,2019-05-19(日),07,07,08
2019133,2019-05-20(一),01,02,09
2019134,2019-05-21(二),03,04,09
2019135,2019-05-22(三),07,08,09
2019136,2019-05-23(四),00,06,07
2019137,2019-05-24(五),03,04,07
2019138,2019-05-25(六),01,03,03
2019139,2019-05-26(日),04,08,09
2019140,2019-05-27(一),02,06,07
2019141,2019-05-28(二),01,03,05
2019142,2019-05-29(三),02,07,09
2019143,2019-05-30(四),01,04,07
2019144,2019-05-31(五),03,08,08
2019145,2019-06-01(六),01,03,05
2019146,2019-06-02(日),00,01,03
2019147,2019-06-03(一),00,04,07
2019148,2019-06-04(二),02,03,06
2019149,2019-06-05(三),00,03,05
2019150,2019-06-06(四),02,05,08
2019151,2019-06-07(五),03,04,07
2019152,2019-06-08(六),00,01,05
2019153,2019-06-09(日),02,03,06
2019154,2019-06-10(一),02,03,06
2019155,2019-06-11(二),00,00,05
2019156,2019-06-12(三),07,08,09
2019157,2019-06-13(四),02,06,06
2019158,2019-06-14(五),00,07,08
2019159,2019-06-15(六),00,01,07
2019160,2019-06-16(日),01,03,05
2019161,2019-06-17(一),02,07,09
2019162,2019-06-18(二),00,03,03
2019163,2019-06-19(三),04,08,09
2019164,2019-06-20(四),01,05,09
2019165,2019-06-21(五),03,08,08
2019166,2019-06-22(六),01,03,05
2019167,2019-06-23(日),01,03,08
2019168,2019-06-24(一),00,01,06
2019169,2019-06-25(二),00,00,06
2019170,2019-06-26(三),05,07,08
2019171,2019-06-27(四),01,06,06
2019172,2019-06-28(五),01,04,06
2019173,2019-06-29(六),04,06,08
2019174,2019-06-30(日),04,08,08
2019175,2019-07-01(一),04,04,06
2019176,2019-07-02(二),00,01,05
2019177,2019-07-03(三),00,01,06
2019178,2019-07-04(四),06,07,09
2019179,2019-07-05(五),00,02,04
2019180,2019-07-06(六),02,06,09
2019181,2019-07-07(日),01,06,08
2019182,2019-07-08(一),01,03,05
2019183,2019-07-09(二),02,07,09
2019184,2019-07-10(三),00,00,06
2019185,2019-07-11(四),01,04,09
2019186,2019-07-12(五),01,05,07
2019187,2019-07-13(六),01,01,02
2019188,2019-07-14(日),04,04,06
2019189,2019-07-15(一),01,03,07
2019190,2019-07-16(二),04,04,06
2019191,2019-07-17(三),02,07,08
2019192,2019-07-18(四),04,06,07
2019193,2019-07-19(五),03,04,09
2019194,2019-07-20(六),00,05,05
2019195,2019-07-21(日),03,04,07
2019196,2019-07-22(一),03,05,08
2019197,2019-07-23(二),04,04,05
2019198,2019-07-24(三),04,05,09
2019199,2019-07-25(四),00,00,03
2019200,2019-07-26(五),00,01,04
2019201,2019-07-27(六),01,04,09
2019202,2019-07-28(日),02,04,09
2019203,2019-07-29(一),00,01,04
2019204,2019-07-30(二),00,03,09
2019205,2019-07-31(三),00,00,05
2019206,2019-08-01(四),07,08,09
2019207,2019-08-02(五),02,04,09
2019208,2019-08-03(六),04,06,07
2019209,2019-08-04(日),00,03,06
2019210,2019-08-05(一),01,03,07
2019211,2019-08-06(二),01,02,03
2019212,2019-08-07(三),06,07,08
2019213,2019-08-08(四),02,04,05
2019214,2019-08-09(五),00,07,08
2019215,2019-08-10(六),04,07,08
2019216,2019-08-11(日),00,04,08
2019217,2019-08-12(一),01,03,06
2019218,2019-08-13(二),02,03,05
2019219,2019-08-14(三),04,05,07
2019220,2019-08-15(四),00,00,01
2019221,2019-08-16(五),04,04,08
2019222,2019-08-17(六),01,05,05
2019223,2019-08-18(日),00,04,05
2019224,2019-08-19(一),00,03,04
2019225,2019-08-20(二),00,01,06
2019226,2019-08-21(三),02,02,05
2019227,2019-08-22(四),02,05,06
2019228,2019-08-23(五),00,04,05
2019229,2019-08-24(六),04,05,08
2019230,2019-08-25(日),07,08,08
2019231,2019-08-26(一),00,01,01
2019232,2019-08-27(二),07,08,09
2019233,2019-08-28(三),00,01,06
2019234,2019-08-29(四),00,03,04
2019235,2019-08-30(五),00,07,07
2019236,2019-08-31(六),01,02,09
2019237,2019-09-01(日),05,09,09
2019238,2019-09-02(一),01,02,07
2019239,2019-09-03(二),01,03,08
2019240,2019-09-04(三),04,06,06
2019241,2019-09-05(四),00,06,08
2019242,2019-09-06(五),01,06,09
2019243,2019-09-07(六),02,06,08
2019244,2019-09-08(日),05,05,07
2019245,2019-09-09(一),01,02,08
2019246,2019-09-10(二),01,05,06
2019247,2019-09-11(三),00,06,07
2019248,2019-09-12(四),02,02,06
2019249,2019-09-13(五),01,07,09
2019250,2019-09-14(六),05,05,07
2019251,2019-09-15(日),00,00,05
2019252,2019-09-16(一),01,03,08
2019253,2019-09-17(二),01,02,08
2019254,2019-09-18(三),05,05,07
2019255,2019-09-19(四),02,03,06
2019256,2019-09-20(五),00,01,08
2019257,2019-09-21(六),00,00,01
2019258,2019-09-22(日),00,01,03
2019259,2019-09-23(一),08,09,09
2019260,2019-09-24(二),07,09,09
2019261,2019-09-25(三),01,05,09
2019262,2019-09-26(四),00,01,03
2019263,2019-09-27(五),04,09,09
2019264,2019-09-28(六),07,08,09
2019265,2019-09-29(日),09,09,09
2019266,2019-09-30(一),05,08,09
2019267,2019-10-08(二),08,08,09
2019268,2019-10-09(三),03,03,07
2019269,2019-10-10(四),01,04,07
2019270,2019-10-11(五),04,07,08
2019271,2019-10-12(六),05,06,09
2019272,2019-10-13(日),00,00,07
2019273,2019-10-14(一),01,03,04
2019274,2019-10-15(二),03,04,09
2019275,2019-10-16(三),04,07,09
2019276,2019-10-17(四),03,07,08
2019277,2019-10-18(五),00,04,06
2019278,2019-10-19(六),02,04,08
2019279,2019-10-20(日),02,06,06
2019280,2019-10-21(一),00,01,06
2019281,2019-10-22(二),00,08,09
2019282,2019-10-23(三),05,08,08
2019283,2019-10-24(四),04,04,04
2019284,2019-10-25(五),02,05,06
2019285,2019-10-26(六),00,05,09
2019286,2019-10-27(日),02,03,09
2019287,2019-10-28(一),01,05,07
2019288,2019-10-29(二),05,07,08
2019289,2019-10-30(三),02,03,06
2019290,2019-10-31(四),02,03,08
2019291,2019-11-01(五),02,08,08
2019292,2019-11-02(六),00,06,08
2019293,2019-11-03(日),03,06,06
2019294,2019-11-04(一),01,02,06
2019295,2019-11-05(二),07,07,08
2019296,2019-11-06(三),03,04,05
2019297,2019-11-07(四),05,06,09
2019298,2019-11-08(五),03,03,05
2019299,2019-11-09(六),02,03,08
2019300,2019-11-10(日),03,06,09
2019301,2019-11-11(一),00,01,09
2019302,2019-11-12(二),02,04,06
2019303,2019-11-13(三),00,09,09
2019304,2019-11-14(四),04,05,06
2019305,2019-11-15(五),03,04,09
2019306,2019-11-16(六),01,03,05
2019307,2019-11-17(日),00,03,06
2019308,2019-11-18(一),02,06,07
2019309,2019-11-19(二),01,03,04
2019310,2019-11-20(三),05,06,07
2019311,2019-11-21(四),02,04,08
2019312,2019-11-22(五),00,01,03
2019313,2019-11-23(六),00,04,08
2019314,2019-11-24(日),04,05,09
2019315,2019-11-25(一),03,08,09
2019316,2019-11-26(二),05,08,08
2019317,2019-11-27(三),04,05,08
2019318,2019-11-28(四),02,02,03
2019319,2019-11-29(五),03,03,03
2019320,2019-11-30(六),05,08,08
2019321,2019-12-01(日),03,05,08
2019322,2019-12-02(一),00,04,04
2019323,2019-12-03(二),00,01,07
2019324,2019-12-04(三),02,03,04
2019325,2019-12-05(四),07,08,09
2019326,2019-12-06(五),04,05,05
2019327,2019-12-07(六),02,02,04
2019328,2019-12-08(日),01,02,05
2019329,2019-12-09(一),00,04,07
2019330,2019-12-10(二),02,05,06
2019331,2019-12-11(三),03,08,08
2019332,2019-12-12(四),06,07,07
2019333,2019-12-13(五),03,05,06
2019334,2019-12-14(六),00,00,00
2019335,2019-12-15(日),06,07,07
2019336,2019-12-16(一),05,06,06
2019337,2019-12-17(二),05,09,09
2019338,2019-12-18(三),01,04,09
2019339,2019-12-19(四),00,02,06
2019340,2019-12-20(五),00,01,05
2019341,2019-12-21(六),00,02,08
2019342,2019-12-22(日),07,08,09
2019343,2019-12-23(一),03,05,08
2019344,2019-12-24(二),00,04,07
2019345,2019-12-25(三),01,01,05
2019346,2019-12-26(四),02,04,07
2019347,2019-12-27(五),03,04,08
2019348,2019-12-28(六),02,02,08
2019349,2019-12-29(日),07,08,08
2019350,2019-12-30(一),00,02,09
2019351,2019-12-31(二),02,05,08
2020001,2020-01-01(三),00,07,08
2020002,2020-01-02(四),03,03,07
2020003,2020-01-03(五),00,00,04
2020004,2020-01-04(六),00,07,08
2020005,2020-01-05(日),00,04,08
2020006,2020-01-06(一),02,06,09
2020007,2020-01-07(二),04,06,09
2020008,2020-01-08(三),00,02,06
2020009,2020-01-09(四),04,05,07
2020010,2020-01-10(五),03,08,09
2020011,2020-01-11(六),03,07,09
2020012,2020-01-12(日),00,05,07
2020013,2020-01-13(一),04,04,07
2020014,2020-01-14(二),01,03,07
2020015,2020-01-15(三),05,06,08
2020016,2020-01-16(四),01,02,05
2020017,2020-01-17(五),03,04,04
2020018,2020-01-18(六),02,03,06
2020019,2020-01-19(日),00,04,09
2020020,2020-01-20(一),02,06,09
2020021,2020-01-21(二),00,01,09
2020022,2020-03-11(三),04,05,08
2020023,2020-03-12(四),01,01,05
2020024,2020-03-13(五),02,07,08
2020025,2020-03-14(六),01,03,04
2020026,2020-03-15(日),05,08,08
2020027,2020-03-16(一),01,02,03
2020028,2020-03-17(二),02,05,06
2020029,2020-03-18(三),00,02,04
2020030,2020-03-19(四),00,03,07
2020031,2020-03-20(五),01,08,08
2020032,2020-03-21(六),04,07,09
2020033,2020-03-22(日),01,01,06
2020034,2020-03-23(一),01,03,05
2020035,2020-03-24(二),06,07,07
2020036,2020-03-25(三),00,04,07
2020037,2020-03-26(四),03,06,08
2020038,2020-03-27(五),02,03,09
2020039,2020-03-28(六),02,04,07
2020040,2020-03-29(日),00,00,09
2020041,2020-03-30(一),07,08,09
2020042,2020-03-31(二),00,03,04
2020043,2020-04-01(三),05,06,07
2020044,2020-04-02(四),02,02,07
2020045,2020-04-03(五),02,03,04
2020046,2020-04-04(六),02,02,08
2020047,2020-04-05(日),04,07,08
2020048,2020-04-06(一),07,09,09
2020049,2020-04-07(二),02,07,09
2020050,2020-04-08(三),01,03,04
2020051,2020-04-09(四),01,02,02
2020052,2020-04-10(五),00,03,05
2020053,2020-04-11(六),00,03,04
2020054,2020-04-12(日),07,08,09
2020055,2020-04-13(一),04,06,08
2020056,2020-04-14(二),02,04,06
2020057,2020-04-15(三),00,08,08
2020058,2020-04-16(四),00,02,09
2020059,2020-04-17(五),04,08,09
2020060,2020-04-18(六),02,08,08
2020061,2020-04-19(日),03,05,05
2020062,2020-04-20(一),00,02,09
2020063,2020-04-21(二),03,06,06
2020064,2020-04-22(三),03,05,08
2020065,2020-04-23(四),02,04,09
2020066,2020-04-24(五),01,02,09
2020067,2020-04-25(六),02,04,09
2020068,2020-04-26(日),01,03,05
2020069,2020-04-27(一),00,02,06
2020070,2020-04-28(二),03,05,08
2020071,2020-04-29(三),00,05,09
2020072,2020-04-30(四),01,02,09
2020073,2020-05-01(五),05,06,08
2020074,2020-05-02(六),00,07,09
2020075,2020-05-03(日),02,06,07
2020076,2020-05-04(一),00,02,08
2020077,2020-05-05(二),00,00,02
2020078,2020-05-06(三),05,07,09
2020079,2020-05-07(四),00,05,07
2020080,2020-05-08(五),02,06,06
2020081,2020-05-09(六),01,04,08
2020082,2020-05-10(日),01,01,09
2020083,2020-05-11(一),00,04,04
2020084,2020-05-12(二),01,02,06
2020085,2020-05-13(三),03,03,06
2020086,2020-05-14(四),01,05,06
2020087,2020-05-15(五),01,01,04
2020088,2020-05-16(六),04,06,07
2020089,2020-05-17(日),05,07,07
2020090,2020-05-18(一),05,05,07
2020091,2020-05-19(二),00,08,08
2020092,2020-05-20(三),04,07,09
2020093,2020-05-21(四),01,02,04
2020094,2020-05-22(五),01,01,09
2020095,2020-05-23(六),00,04,07
2020096,2020-05-24(日),06,06,06
2020097,2020-05-25(一),00,04,08
2020098,2020-05-26(二),02,02,09
2020099,2020-05-27(三),01,06,08
2020100,2020-05-28(四),06,06,08
2020101,2020-05-29(五),02,08,09
2020102,2020-05-30(六),06,07,08
2020103,2020-05-31(日),02,07,08
2020104,2020-06-01(一),03,07,09
2020105,2020-06-02(二),01,08,09
2020106,2020-06-03(三),04,06,09
2020107,2020-06-04(四),05,06,08
2020108,2020-06-05(五),01,05,05
2020109,2020-06-06(六),01,08,08
2020110,2020-06-07(日),00,04,05
2020111,2020-06-08(一),00,02,02
2020112,2020-06-09(二),00,03,05
2020113,2020-06-10(三),02,04,05
2020114,2020-06-11(四),03,07,07
2020115,2020-06-12(五),00,03,06
2020116,2020-06-13(六),00,00,08
2020117,2020-06-14(日),01,02,07
2020118,2020-06-15(一),02,07,09
2020119,2020-06-16(二),01,02,05
2020120,2020-06-17(三),00,01,09
2020121,2020-06-18(四),00,07,08
2020122,2020-06-19(五),03,04,08
2020123,2020-06-20(六),00,01,05
2020124,2020-06-21(日),01,05,08
2020125,2020-06-22(一),04,07,09
2020126,2020-06-23(二),01,05,09
2020127,2020-06-24(三),05,08,08
2020128,2020-06-25(四),06,08,08
2020129,2020-06-26(五),00,03,06
2020130,2020-06-27(六),04,05,05
2020131,2020-06-28(日),00,03,05
2020132,2020-06-29(一),04,06,09
2020133,2020-06-30(二),02,06,07
2020134,2020-07-01(三),04,08,08
2020135,2020-07-02(四),05,06,09
2020136,2020-07-03(五),04,06,07
2020137,2020-07-04(六),04,09,09
2020138,2020-07-05(日),00,00,02
2020139,2020-07-06(一),00,05,09
2020140,2020-07-07(二),01,04,08
2020141,2020-07-08(三),00,05,08
2020142,2020-07-09(四),08,09,09
2020143,2020-07-10(五),00,06,08
2020144,2020-07-11(六),06,08,09
2020145,2020-07-12(日),00,01,09
2020146,2020-07-13(一),03,05,05
2020147,2020-07-14(二),00,06,08
2020148,2020-07-15(三),01,08,09
2020149,2020-07-16(四),01,03,09
2020150,2020-07-17(五),01,02,06
2020151,2020-07-18(六),07,08,08
2020152,2020-07-19(日),00,04,07
2020153,2020-07-20(一),01,06,09
2020154,2020-07-21(二),06,08,08
2020155,2020-07-22(三),03,09,09
2020156,2020-07-23(四),01,01,02
2020157,2020-07-24(五),00,00,02
2020158,2020-07-25(六),00,02,03
2020159,2020-07-26(日),01,05,09
2020160,2020-07-27(一),03,05,09
2020161,2020-07-28(二),06,08,08
2020162,2020-07-29(三),00,01,08
2020163,2020-07-30(四),00,04,08
2020164,2020-07-31(五),06,07,09
2020165,2020-08-01(六),00,01,09
2020166,2020-08-02(日),00,08,08
2020167,2020-08-03(一),01,04,06
2020168,2020-08-04(二),01,02,05
2020169,2020-08-05(三),05,06,09
2020170,2020-08-06(四),02,04,09
2020171,2020-08-07(五),00,01,07
2020172,2020-08-08(六),06,07,09
2020173,2020-08-09(日),00,09,09
2020174,2020-08-10(一),06,07,08
2020175,2020-08-11(二),00,03,04
2020176,2020-08-12(三),03,03,09
2020177,2020-08-13(四),01,03,07
2020178,2020-08-14(五),00,02,05
2020179,2020-08-15(六),00,06,06
2020180,2020-08-16(日),04,04,06
2020181,2020-08-17(一),02,02,07
2020182,2020-08-18(二),04,05,08
2020183,2020-08-19(三),04,05,09
2020184,2020-08-20(四),00,01,01
2020185,2020-08-21(五),01,03,06
2020186,2020-08-22(六),00,03,09
2020187,2020-08-23(日),01,02,06
2020188,2020-08-24(一),04,05,06
2020189,2020-08-25(二),02,05,06
2020190,2020-08-26(三),03,03,07
2020191,2020-08-27(四),01,04,06
2020192,2020-08-28(五),00,07,08
2020193,2020-08-29(六),03,03,09
2020194,2020-08-30(日),01,04,09
2020195,2020-08-31(一),02,03,04
2020196,2020-09-01(二),01,04,07
2020197,2020-09-02(三),04,07,08
2020198,2020-09-03(四),02,03,08
2020199,2020-09-04(五),05,06,07
2020200,2020-09-05(六),00,02,06
2020201,2020-09-06(日),02,04,09
2020202,2020-09-07(一),02,04,08
2020203,2020-09-08(二),00,00,01
2020204,2020-09-09(三),01,02,06
2020205,2020-09-10(四),03,09,09
2020206,2020-09-11(五),00,06,09
2020207,2020-09-12(六),02,03,04
2020208,2020-09-13(日),00,02,02
2020209,2020-09-14(一),03,07,07
2020210,2020-09-15(二),04,06,09
2020211,2020-09-16(三),01,02,04
2020212,2020-09-17(四),01,04,08
2020213,2020-09-18(五),00,02,07
2020214,2020-09-19(六),01,05,06
2020215,2020-09-20(日),01,01,04
2020216,2020-09-21(一),03,05,08
2020217,2020-09-22(二),06,07,09
2020218,2020-09-23(三),03,05,08
2020219,2020-09-24(四),02,05,08
2020220,2020-09-25(五),03,07,09
2020221,2020-09-26(六),08,08,09
2020222,2020-09-27(日),03,06,08
2020223,2020-09-28(一),01,02,04
2020224,2020-09-29(二),05,07,08
2020225,2020-09-30(三),00,07,09
2020226,2020-10-05(一),00,03,08
2020227,2020-10-06(二),03,05,06
2020228,2020-10-07(三),00,03,05
2020229,2020-10-08(四),01,01,02
2020230,2020-10-09(五),03,06,09
2020231,2020-10-10(六),06,07,08
2020232,2020-10-11(日),01,02,08
2020233,2020-10-12(一),02,04,07
2020234,2020-10-13(二),01,06,07
2020235,2020-10-14(三),01,03,04
2020236,2020-10-15(四),01,03,06
2020237,2020-10-16(五),03,06,09
2020238,2020-10-17(六),03,03,04
2020239,2020-10-18(日),04,05,07
2020240,2020-10-19(一),05,05,07
2020241,2020-10-20(二),01,01,02
2020242,2020-10-21(三),00,07,08
2020243,2020-10-22(四),02,05,08
2020244,2020-10-23(五),03,03,04
2020245,2020-10-24(六),00,03,09
2020246,2020-10-25(日),04,06,08
2020247,2020-10-26(一),02,04,08
2020248,2020-10-27(二),02,02,08
2020249,2020-10-28(三),00,04,07
2020250,2020-10-29(四),03,06,08
2020251,2020-10-30(五),02,08,08
2020252,2020-10-31(六),04,07,09
2020253,2020-11-01(日),05,05,07
2020254,2020-11-02(一),06,06,09
2020255,2020-11-03(二),00,01,06
2020256,2020-11-04(三),04,04,08
2020257,2020-11-05(四),04,08,09
2020258,2020-11-06(五),00,02,04
2020259,2020-11-07(六),00,02,04
2020260,2020-11-08(日),00,02,08
2020261,2020-11-09(一),01,02,04
2020262,2020-11-10(二),00,06,07
2020263,2020-11-11(三),00,00,07
2020264,2020-11-12(四),01,04,07
2020265,2020-11-13(五),04,06,07
2020266,2020-11-14(六),02,07,08
2020267,2020-11-15(日),05,05,08
2020268,2020-11-16(一),00,07,08
2020269,2020-11-17(二),01,03,09
2020270,2020-11-18(三),03,06,09
2020271,2020-11-19(四),00,05,05
2020272,2020-11-20(五),04,06,07
2020273,2020-11-21(六),00,06,08
2020274,2020-11-22(日),01,08,09
2020275,2020-11-23(一),00,07,07
2020276,2020-11-24(二),02,07,07
2020277,2020-11-25(三),00,01,02
2020278,2020-11-26(四),00,01,02
2020279,2020-11-27(五),02,03,03
2020280,2020-11-28(六),00,00,02
2020281,2020-11-29(日),01,01,04
2020282,2020-11-30(一),01,01,05
2020283,2020-12-01(二),04,08,09
2020284,2020-12-02(三),00,02,05
2020285,2020-12-03(四),05,07,08
2020286,2020-12-04(五),02,06,08
2020287,2020-12-05(六),02,04,06
2020288,2020-12-06(日),05,06,09
2020289,2020-12-07(一),00,06,08
2020290,2020-12-08(二),01,04,08
2020291,2020-12-09(三),03,05,07
2020292,2020-12-10(四),01,04,09
2020293,2020-12-11(五),05,06,06
2020294,2020-12-12(六),00,04,06
2020295,2020-12-13(日),00,02,07
2020296,2020-12-14(一),08,08,09
2020297,2020-12-15(二),00,02,04
2020298,2020-12-16(三),02,04,06
2020299,2020-12-17(四),04,06,09
2020300,2020-12-18(五),02,09,09
2020301,2020-12-19(六),01,04,07
2020302,2020-12-20(日),03,07,09
2020303,2020-12-21(一),03,04,06
2020304,2020-12-22(二),05,06,08
2020305,2020-12-23(三),00,05,06
2020306,2020-12-24(四),00,01,08
2020307,2020-12-25(五),07,08,09
2020308,2020-12-26(六),01,01,05
2020309,2020-12-27(日),03,05,06
2020310,2020-12-28(一),01,01,06
2020311,2020-12-29(二),04,05,07
2020312,2020-12-30(三),03,04,04
2020313,2020-12-31(四),03,05,08
2021001,2021-01-01(五),01,07,07
2021002,2021-01-02(六),06,06,07
2021003,2021-01-03(日),01,01,03
2021004,2021-01-04(一),01,08,09
2021005,2021-01-05(二),03,08,09
2021006,2021-01-06(三),03,03,07
2021007,2021-01-07(四),00,02,09
2021008,2021-01-08(五),02,03,08
2021009,2021-01-09(六),02,06,06
2021010,2021-01-10(日),02,03,03
2021011,2021-01-11(一),00,02,06
2021012,2021-01-12(二),00,06,09
2021013,2021-01-13(三),02,04,04
2021014,2021-01-14(四),02,04,08
2021015,2021-01-15(五),06,07,09
2021016,2021-01-16(六),01,05,06
2021017,2021-01-17(日),00,07,08
2021018,2021-01-18(一),01,02,05
2021019,2021-01-19(二),01,05,08
2021020,2021-01-20(三),07,09,09
2021021,2021-01-21(四),00,01,04
2021022,2021-01-22(五),04,09,09
2021023,2021-01-23(六),01,01,03
2021024,2021-01-24(日),00,00,03
2021025,2021-01-25(一),00,02,08
2021026,2021-01-26(二),02,04,06
2021027,2021-01-27(三),02,04,07
2021028,2021-01-28(四),01,03,08
2021029,2021-01-29(五),00,01,05
2021030,2021-01-30(六),04,06,09
2021031,2021-01-31(日),00,01,09
2021032,2021-02-01(一),00,02,07
2021033,2021-02-02(二),02,05,08
2021034,2021-02-03(三),06,07,09
2021035,2021-02-04(四),00,01,02
2021036,2021-02-05(五),00,01,01
2021037,2021-02-06(六),00,00,07
2021038,2021-02-07(日),05,06,08
2021039,2021-02-08(一),04,06,07
2021040,2021-02-19(五),02,07,09
2021041,2021-02-20(六),01,03,06
2021042,2021-02-21(日),00,01,06
2021043,2021-02-22(一),03,06,09
2021044,2021-02-23(二),02,03,03
2021045,2021-02-24(三),04,04,05
2021046,2021-02-25(四),01,07,09
2021047,2021-02-26(五),03,06,08
2021048,2021-02-27(六),00,00,04
2021049,2021-02-28(日),04,07,07
2021050,2021-03-01(一),01,03,09
2021051,2021-03-02(二),00,06,09
2021052,2021-03-03(三),02,03,09
2021053,2021-03-04(四),06,08,09
2021054,2021-03-05(五),03,04,07
2021055,2021-03-06(六),02,04,05
2021056,2021-03-07(日),05,08,09
2021057,2021-03-08(一),05,05,06
2021058,2021-03-09(二),04,07,08
2021059,2021-03-10(三),01,05,08
2021060,2021-03-11(四),05,07,08
2021061,2021-03-12(五),00,03,05
2021062,2021-03-13(六),00,01,03
2021063,2021-03-14(日),01,01,08
2021064,2021-03-15(一),01,04,09
2021065,2021-03-16(二),00,05,08
2021066,2021-03-17(三),01,06,07
2021067,2021-03-18(四),00,06,08
2021068,2021-03-19(五),05,06,08
2021069,2021-03-20(六),02,07,07
2021070,2021-03-21(日),03,06,07
2021071,2021-03-22(一),01,04,09
2021072,2021-03-23(二),00,00,04
2021073,2021-03-24(三),06,07,08
2021074,2021-03-25(四),02,03,07
2021075,2021-03-26(五),05,07,07
2021076,2021-03-27(六),04,05,09
2021077,2021-03-28(日),03,05,08
2021078,2021-03-29(一),00,07,09
2021079,2021-03-30(二),01,06,07
2021080,2021-03-31(三),01,02,08
2021081,2021-04-01(四),00,03,04
2021082,2021-04-02(五),00,06,07
2021083,2021-04-03(六),01,01,03
2021084,2021-04-04(日),06,06,07
2021085,2021-04-05(一),02,03,05
2021086,2021-04-06(二),02,03,04
2021087,2021-04-07(三),00,02,09
2021088,2021-04-08(四),01,04,04
2021089,2021-04-09(五),03,03,08
2021090,2021-04-10(六),01,03,07
2021091,2021-04-11(日),00,04,05
2021092,2021-04-12(一),00,05,07
2021093,2021-04-13(二),03,03,03
2021094,2021-04-14(三),06,09,09
2021095,2021-04-15(四),08,09,09
2021096,2021-04-16(五),02,04,04
2021097,2021-04-17(六),01,06,08
2021098,2021-04-18(日),00,01,04
2021099,2021-04-19(一),00,08,09
2021100,2021-04-20(二),07,07,08
2021101,2021-04-21(三),01,04,05
2021102,2021-04-22(四),00,01,09
2021103,2021-04-23(五),01,02,05
2021104,2021-04-24(六),03,05,08
2021105,2021-04-25(日),05,08,09
2021106,2021-04-26(一),02,07,08
2021107,2021-04-27(二),02,07,08
2021108,2021-04-28(三),00,03,05
2021109,2021-04-29(四),01,03,08
2021110,2021-04-30(五),01,02,03
2021111,2021-05-01(六),01,02,07
2021112,2021-05-02(日),03,04,09
2021113,2021-05-03(一),00,01,02
2021114,2021-05-04(二),05,07,07
2021115,2021-05-05(三),01,02,03
2021116,2021-05-06(四),01,01,06
2021117,2021-05-07(五),00,07,09
2021118,2021-05-08(六),00,05,05
2021119,2021-05-09(日),05,08,09
2021120,2021-05-10(一),00,04,05
2021121,2021-05-11(二),00,01,08
2021122,2021-05-12(三),00,01,04
2021123,2021-05-13(四),04,07,08
2021124,2021-05-14(五),00,04,07
2021125,2021-05-15(六),02,04,09
2021126,2021-05-16(日),01,04,06
2021127,2021-05-17(一),00,06,06
2021128,2021-05-18(二),01,03,07
2021129,2021-05-19(三),01,06,08
2021130,2021-05-20(四),01,08,09
2021131,2021-05-21(五),00,05,05
2021132,2021-05-22(六),06,08,08
2021133,2021-05-23(日),00,01,06
2021134,2021-05-24(一),04,05,06
2021135,2021-05-25(二),00,01,08
2021136,2021-05-26(三),08,08,08
2021137,2021-05-27(四),00,00,07
2021138,2021-05-28(五),04,05,09
2021139,2021-05-29(六),00,00,08
2021140,2021-05-30(日),03,05,09
2021141,2021-05-31(一),00,00,07
2021142,2021-06-01(二),06,07,09
2021143,2021-06-02(三),02,02,03
2021144,2021-06-03(四),02,05,08
2021145,2021-06-04(五),01,06,07
2021146,2021-06-05(六),05,08,08
2021147,2021-06-06(日),01,08,09
2021148,2021-06-07(一),04,05,09
2021149,2021-06-08(二),02,07,09
2021150,2021-06-09(三),02,06,08
2021151,2021-06-10(四),01,01,06
2021152,2021-06-11(五),01,02,07
2021153,2021-06-12(六),01,01,04
2021154,2021-06-13(日),00,03,04
2021155,2021-06-14(一),00,08,09
2021156,2021-06-15(二),03,03,04
2021157,2021-06-16(三),00,07,08
2021158,2021-06-17(四),00,03,07
2021159,2021-06-18(五),02,03,07
2021160,2021-06-19(六),05,08,09
2021161,2021-06-20(日),02,09,09
2021162,2021-06-21(一),07,08,08
2021163,2021-06-22(二),05,06,06
2021164,2021-06-23(三),01,02,05
2021165,2021-06-24(四),03,07,08
2021166,2021-06-25(五),03,07,08
2021167,2021-06-26(六),01,02,06
2021168,2021-06-27(日),04,05,06
2021169,2021-06-28(一),00,02,04
2021170,2021-06-29(二),01,04,08
2021171,2021-06-30(三),03,06,06
2021172,2021-07-01(四),02,06,07
2021173,2021-07-02(五),00,02,03
2021174,2021-07-03(六),06,06,07
2021175,2021-07-04(日),01,02,03
2021176,2021-07-05(一),01,02,03
2021177,2021-07-06(二),03,06,09
2021178,2021-07-07(三),01,06,07
2021179,2021-07-08(四),04,09,09
2021180,2021-07-09(五),01,04,04
2021181,2021-07-10(六),01,03,07
2021182,2021-07-11(日),02,04,07
2021183,2021-07-12(一),04,05,06
2021184,2021-07-13(二),04,07,09
2021185,2021-07-14(三),03,08,09
2021186,2021-07-15(四),01,02,07
2021187,2021-07-16(五),00,04,07
2021188,2021-07-17(六),00,04,05
2021189,2021-07-18(日),00,03,08
2021190,2021-07-19(一),00,03,06
2021191,2021-07-20(二),01,07,08
2021192,2021-07-21(三),04,06,07
2021193,2021-07-22(四),00,06,06
2021194,2021-07-23(五),04,04,07
2021195,2021-07-24(六),02,05,07
2021196,2021-07-25(日),00,04,07
2021197,2021-07-26(一),00,03,05
2021198,2021-07-27(二),01,01,02
2021199,2021-07-28(三),01,01,03
2021200,2021-07-29(四),02,05,08
2021201,2021-07-30(五),02,07,08
2021202,2021-07-31(六),00,01,06
2021203,2021-08-01(日),00,02,09
2021204,2021-08-02(一),04,05,09
2021205,2021-08-03(二),01,03,08
2021206,2021-08-04(三),02,04,05
2021207,2021-08-05(四),01,04,04
2021208,2021-08-06(五),02,03,08
2021209,2021-08-07(六),03,06,09
2021210,2021-08-08(日),07,07,09
2021211,2021-08-09(一),02,06,07
2021212,2021-08-10(二),02,05,08
2021213,2021-08-11(三),00,05,09
2021214,2021-08-12(四),01,04,04
2021215,2021-08-13(五),01,08,09
2021216,2021-08-14(六),05,06,07
2021217,2021-08-15(日),01,02,06
2021218,2021-08-16(一),00,03,07
2021219,2021-08-17(二),01,02,09
2021220,2021-08-18(三),00,02,03
2021221,2021-08-19(四),02,09,09
2021222,2021-08-20(五),02,03,07
2021223,2021-08-21(六),01,04,08
2021224,2021-08-22(日),00,00,01
2021225,2021-08-23(一),04,08,09
2021226,2021-08-24(二),04,06,08
2021227,2021-08-25(三),00,04,09
2021228,2021-08-26(四),00,04,05
2021229,2021-08-27(五),00,07,08
2021230,2021-08-28(六),04,06,07
2021231,2021-08-29(日),00,02,06
2021232,2021-08-30(一),03,04,07
2021233,2021-08-31(二),00,04,09
2021234,2021-09-01(三),01,05,06
2021235,2021-09-02(四),02,04,05
2021236,2021-09-03(五),06,06,08
2021237,2021-09-04(六),02,04,07
2021238,2021-09-05(日),01,04,09
2021239,2021-09-06(一),00,03,09
2021240,2021-09-07(二),01,01,03
2021241,2021-09-08(三),02,02,06
2021242,2021-09-09(四),04,05,06
2021243,2021-09-10(五),02,03,07
2021244,2021-09-11(六),01,04,07
2021245,2021-09-12(日),04,04,07
2021246,2021-09-13(一),00,01,09
2021247,2021-09-14(二),01,01,02
2021248,2021-09-15(三),00,00,05
2021249,2021-09-16(四),04,04,08
2021250,2021-09-17(五),02,07,08
2021251,2021-09-18(六),01,03,03
2021252,2021-09-19(日),00,01,02
2021253,2021-09-20(一),00,02,03
2021254,2021-09-21(二),00,01,06
2021255,2021-09-22(三),01,06,07
2021256,2021-09-23(四),00,04,09
2021257,2021-09-24(五),01,08,09
2021258,2021-09-25(六),04,06,09
2021259,2021-09-26(日),00,03,09
2021260,2021-09-27(一),00,02,07
2021261,2021-09-28(二),02,03,09
2021262,2021-09-29(三),04,05,08
2021263,2021-09-30(四),01,04,09
2021264,2021-10-05(二),02,07,08
2021265,2021-10-06(三),00,00,07
2021266,2021-10-07(四),00,03,07
2021267,2021-10-08(五),01,05,07
2021268,2021-10-09(六),01,02,08
2021269,2021-10-10(日),02,05,07
2021270,2021-10-11(一),00,03,06
2021271,2021-10-12(二),03,04,08
2021272,2021-10-13(三),05,08,09
2021273,2021-10-14(四),01,07,09
2021274,2021-10-15(五),07,08,09
2021275,2021-10-16(六),02,05,08
2021276,2021-10-17(日),01,07,09
2021277,2021-10-18(一),03,04,05
2021278,2021-10-19(二),05,08,09
2021279,2021-10-20(三),01,05,09
2021280,2021-10-21(四),02,06,07
2021281,2021-10-22(五),02,03,05
2021282,2021-10-23(六),00,05,06
2021283,2021-10-24(日),05,09,09
2021284,2021-10-25(一),00,01,06
2021285,2021-10-26(二),04,04,07
2021286,2021-10-27(三),00,00,08
2021287,2021-10-28(四),03,04,05
2021288,2021-10-29(五),00,03,03
2021289,2021-10-30(六),00,03,08
2021290,2021-10-31(日),05,06,08
2021291,2021-11-01(一),05,07,09
2021292,2021-11-02(二),04,05,09
2021293,2021-11-03(三),03,05,06
2021294,2021-11-04(四),02,04,05
2021295,2021-11-05(五),01,02,05
2021296,2021-11-06(六),04,05,08
2021297,2021-11-07(日),03,08,09
2021298,2021-11-08(一),02,05,08
2021299,2021-11-09(二),00,05,08
2021300,2021-11-10(三),05,06,07
2021301,2021-11-11(四),01,02,05
2021302,2021-11-12(五),02,03,04
2021303,2021-11-13(六),02,03,06
2021304,2021-11-14(日),00,06,09
2021305,2021-11-15(一),00,02,07
2021306,2021-11-16(二),04,07,07
2021307,2021-11-17(三),04,06,08
2021308,2021-11-18(四),00,01,08
2021309,2021-11-19(五),02,02,07
2021310,2021-11-20(六),04,05,06
2021311,2021-11-21(日),05,08,09
2021312,2021-11-22(一),06,08,09
2021313,2021-11-23(二),03,08,09
2021314,2021-11-24(三),00,00,02
2021315,2021-11-25(四),05,05,07
2021316,2021-11-26(五),01,05,06
2021317,2021-11-27(六),01,03,04
2021318,2021-11-28(日),04,08,09
2021319,2021-11-29(一),06,08,08
2021320,2021-11-30(二),03,06,09
2021321,2021-12-01(三),03,07,09
2021322,2021-12-02(四),00,00,05
2021323,2021-12-03(五),04,05,07
2021324,2021-12-04(六),06,08,08
2021325,2021-12-05(日),01,05,05
2021326,2021-12-06(一),00,07,09
2021327,2021-12-07(二),03,05,09
2021328,2021-12-08(三),00,00,03
2021329,2021-12-09(四),02,06,08
2021330,2021-12-10(五),04,04,07
2021331,2021-12-11(六),01,02,02
2021332,2021-12-12(日),00,00,05
2021333,2021-12-13(一),04,04,09
2021334,2021-12-14(二),02,06,09
2021335,2021-12-15(三),03,04,09
2021336,2021-12-16(四),00,05,06
2021337,2021-12-17(五),08,08,09
2021338,2021-12-18(六),00,04,09
2021339,2021-12-19(日),02,06,07
2021340,2021-12-20(一),02,07,08
2021341,2021-12-21(二),00,06,06
2021342,2021-12-22(三),01,02,03
2021343,2021-12-23(四),03,07,09
2021344,2021-12-24(五),01,01,06
2021345,2021-12-25(六),03,05,09
2021346,2021-12-26(日),02,06,06
2021347,2021-12-27(一),04,05,09
2021348,2021-12-28(二),01,04,08
2021349,2021-12-29(三),00,01,06
2021350,2021-12-30(四),00,03,08
2021351,2021-12-31(五),04,07,07
2022001,2022-01-01(六),03,04,09
2022002,2022-01-02(日),02,07,09
2022003,2022-01-03(一),00,00,01
2022004,2022-01-04(二),03,07,09
2022005,2022-01-05(三),00,02,04
2022006,2022-01-06(四),07,08,08
2022007,2022-01-07(五),01,02,09
2022008,2022-01-08(六),04,08,09
2022009,2022-01-09(日),00,01,06
2022010,2022-01-10(一),02,08,09
2022011,2022-01-11(二),03,07,09
2022012,2022-01-12(三),02,05,09
2022013,2022-01-13(四),02,05,08
2022014,2022-01-14(五),02,04,06
2022015,2022-01-15(六),06,07,08
2022016,2022-01-16(日),02,05,08
2022017,2022-01-17(一),03,04,08
2022018,2022-01-18(二),05,05,07
2022019,2022-01-19(三),02,04,04
2022020,2022-01-20(四),01,06,08
2022021,2022-01-21(五),01,02,09
2022022,2022-01-22(六),03,04,07
2022023,2022-01-23(日),04,07,08
2022024,2022-01-24(一),02,04,07
2022025,2022-01-25(二),05,07,09
2022026,2022-01-26(三),01,01,04
2022027,2022-01-27(四),07,07,08
2022028,2022-01-28(五),00,06,08
2022029,2022-02-08(二),05,07,08
2022030,2022-02-09(三),01,05,06
2022031,2022-02-10(四),04,06,06
2022032,2022-02-11(五),00,00,05
2022033,2022-02-12(六),04,04,07
2022034,2022-02-13(日),06,08,09
2022035,2022-02-14(一),00,05,09
2022036,2022-02-15(二),01,04,06
2022037,2022-02-16(三),03,05,06
2022038,2022-02-17(四),00,03,08
2022039,2022-02-18(五),07,07,08
2022040,2022-02-19(六),07,07,09
2022041,2022-02-20(日),01,04,08
2022042,2022-02-21(一),00,02,07
2022043,2022-02-22(二),00,04,04
2022044,2022-02-23(三),01,06,09
2022045,2022-02-24(四),02,02,08
2022046,2022-02-25(五),05,07,08
2022047,2022-02-26(六),02,08,08
2022048,2022-02-27(日),02,02,05
2022049,2022-02-28(一),00,02,06
2022050,2022-03-01(二),02,08,09
2022051,2022-03-02(三),03,05,07
2022052,2022-03-03(四),00,03,05
2022053,2022-03-04(五),04,06,07
2022054,2022-03-05(六),05,05,08
2022055,2022-03-06(日),04,07,09
2022056,2022-03-07(一),00,02,09
2022057,2022-03-08(二),04,05,06
2022058,2022-03-09(三),01,02,08
2022059,2022-03-10(四),02,07,07
2022060,2022-03-11(五),03,04,05
2022061,2022-03-12(六),05,08,09
2022062,2022-03-13(日),01,02,08
2022063,2022-03-14(一),01,09,09
2022064,2022-03-15(二),03,04,05
2022065,2022-03-16(三),02,04,05
2022066,2022-03-17(四),06,08,09
2022067,2022-03-18(五),08,09,09
2022068,2022-03-19(六),05,06,09
2022069,2022-03-20(日),00,03,07
2022070,2022-03-21(一),01,06,08
2022071,2022-03-22(二),03,05,09
2022072,2022-03-23(三),03,07,08
2022073,2022-03-24(四),00,01,04
2022074,2022-03-25(五),05,07,09
2022075,2022-03-26(六),00,06,06
2022076,2022-03-27(日),00,01,09
2022077,2022-03-28(一),06,08,09
2022078,2022-03-29(二),03,08,09
2022079,2022-03-30(三),00,01,02
2022080,2022-03-31(四),02,03,07
2022081,2022-04-01(五),03,08,08
2022082,2022-04-02(六),00,05,05
2022083,2022-04-03(日),04,05,06
2022084,2022-04-04(一),07,07,09
2022085,2022-04-05(二),04,05,06
2022086,2022-04-06(三),00,02,04
2022087,2022-04-07(四),00,06,09
2022088,2022-04-08(五),01,02,06
2022089,2022-04-09(六),01,03,07
2022090,2022-04-10(日),02,02,07
2022091,2022-04-11(一),03,06,07
2022092,2022-04-12(二),02,05,07
2022093,2022-04-13(三),03,03,06
2022094,2022-04-14(四),01,08,09
2022095,2022-04-15(五),01,05,09
2022096,2022-04-16(六),00,01,08
2022097,2022-04-17(日),00,03,04
2022098,2022-04-18(一),04,05,06
2022099,2022-04-19(二),03,03,09
2022100,2022-04-20(三),06,06,06
2022101,2022-04-21(四),01,03,07
2022102,2022-04-22(五),01,05,08
2022103,2022-04-23(六),05,08,09
2022104,2022-04-24(日),00,06,09
2022105,2022-04-25(一),00,04,04
2022106,2022-04-26(二),00,05,07
2022107,2022-04-27(三),00,01,05
2022108,2022-04-28(四),01,02,05
2022109,2022-04-29(五),05,06,08
2022110,2022-04-30(六),00,00,04
2022111,2022-05-01(日),03,03,04
2022112,2022-05-02(一),02,04,05
2022113,2022-05-03(二),02,09,09
2022114,2022-05-04(三),02,03,06
2022115,2022-05-05(四),02,08,09
2022116,2022-05-06(五),01,02,08
2022117,2022-05-07(六),01,02,08
2022118,2022-05-08(日),00,02,06
2022119,2022-05-09(一),00,02,03
2022120,2022-05-10(二),00,05,09
2022121,2022-05-11(三),05,06,07
2022122,2022-05-12(四),02,05,09
2022123,2022-05-13(五),00,05,09
2022124,2022-05-14(六),00,01,09
2022125,2022-05-15(日),00,00,09
2022126,2022-05-16(一),04,05,05
2022127,2022-05-17(二),02,05,06
2022128,2022-05-18(三),01,05,06
2022129,2022-05-19(四),03,05,09
2022130,2022-05-20(五),02,04,06
2022131,2022-05-21(六),05,06,08
2022132,2022-05-22(日),02,05,07
2022133,2022-05-23(一),00,02,09
2022134,2022-05-24(二),03,05,09
2022135,2022-05-25(三),01,06,07
2022136,2022-05-26(四),02,05,06
2022137,2022-05-27(五),01,04,04
2022138,2022-05-28(六),03,04,09
2022139,2022-05-29(日),01,01,02
2022140,2022-05-30(一),02,03,03
2022141,2022-05-31(二),00,05,05
2022142,2022-06-01(三),03,08,08
2022143,2022-06-02(四),01,02,03
2022144,2022-06-03(五),00,00,06
2022145,2022-06-04(六),00,01,05
2022146,2022-06-05(日),04,08,08
2022147,2022-06-06(一),06,08,09
2022148,2022-06-07(二),05,07,07
2022149,2022-06-08(三),00,02,07
2022150,2022-06-09(四),00,03,06
2022151,2022-06-10(五),03,04,04
2022152,2022-06-11(六),05,07,07
2022153,2022-06-12(日),00,08,08
2022154,2022-06-13(一),02,03,04
2022155,2022-06-14(二),03,05,06
2022156,2022-06-15(三),02,04,07
2022157,2022-06-16(四),02,04,09
2022158,2022-06-17(五),05,08,09
2022159,2022-06-18(六),00,01,02
2022160,2022-06-19(日),04,09,09
2022161,2022-06-20(一),02,07,07
2022162,2022-06-21(二),04,06,08
2022163,2022-06-22(三),02,03,05
2022164,2022-06-23(四),00,01,05
2022165,2022-06-24(五),00,07,08
2022166,2022-06-25(六),04,07,08
2022167,2022-06-26(日),03,07,08
2022168,2022-06-27(一),00,02,03
2022169,2022-06-28(二),01,07,09
2022170,2022-06-29(三),03,05,06
2022171,2022-06-30(四),01,03,04
2022172,2022-07-01(五),02,03,04
2022173,2022-07-02(六),05,05,07
2022174,2022-07-03(日),02,03,07
2022175,2022-07-04(一),03,07,07
2022176,2022-07-05(二),04,07,07
2022177,2022-07-06(三),00,02,06
2022178,2022-07-07(四),03,07,08
2022179,2022-07-08(五),06,09,09
2022180,2022-07-09(六),00,03,05
2022181,2022-07-10(日),02,07,08
2022182,2022-07-11(一),01,03,05
2022183,2022-07-12(二),01,05,05
2022184,2022-07-13(三),04,05,08
2022185,2022-07-14(四),01,05,08
2022186,2022-07-15(五),05,06,08
2022187,2022-07-16(六),00,02,05
2022188,2022-07-17(日),06,07,07
2022189,2022-07-18(一),01,06,09
2022190,2022-07-19(二),01,01,08
2022191,2022-07-20(三),01,01,04
2022192,2022-07-21(四),00,03,08
2022193,2022-07-22(五),02,07,09
2022194,2022-07-23(六),06,08,09
2022195,2022-07-24(日),00,06,06
2022196,2022-07-25(一),00,03,06
2022197,2022-07-26(二),05,05,06
2022198,2022-07-27(三),01,01,06
2022199,2022-07-28(四),00,05,08
2022200,2022-07-29(五),07,07,09
2022201,2022-07-30(六),05,07,08
2022202,2022-07-31(日),02,05,06
2022203,2022-08-01(一),01,01,05
2022204,2022-08-02(二),02,05,05
2022205,2022-08-03(三),03,06,09
2022206,2022-08-04(四),00,02,09
2022207,2022-08-05(五),00,07,09
2022208,2022-08-06(六),00,04,08
2022209,2022-08-07(日),01,06,07
2022210,2022-08-08(一),02,03,09
2022211,2022-08-09(二),01,01,03
2022212,2022-08-10(三),00,05,06
2022213,2022-08-11(四),03,05,07
2022214,2022-08-12(五),02,02,08
2022215,2022-08-13(六),01,04,06
2022216,2022-08-14(日),05,06,07
2022217,2022-08-15(一),00,06,09
2022218,2022-08-16(二),01,01,07
2022219,2022-08-17(三),02,07,09
2022220,2022-08-18(四),00,00,06
2022221,2022-08-19(五),03,03,07
2022222,2022-08-20(六),03,08,09
2022223,2022-08-21(日),00,02,03
2022224,2022-08-22(一),00,00,08
2022225,2022-08-23(二),00,01,04
2022226,2022-08-24(三),02,04,06
2022227,2022-08-25(四),04,05,06
2022228,2022-08-26(五),00,04,06
2022229,2022-08-27(六),00,06,09
2022230,2022-08-28(日),00,06,06
2022231,2022-08-29(一),04,04,04
2022232,2022-08-30(二),05,07,09
2022233,2022-08-31(三),03,07,09
2022234,2022-09-01(四),01,08,08
2022235,2022-09-02(五),02,05,06
2022236,2022-09-03(六),03,03,06
2022237,2022-09-04(日),01,06,09
2022238,2022-09-05(一),01,01,03
2022239,2022-09-06(二),00,01,09
2022240,2022-09-07(三),00,05,05
2022241,2022-09-08(四),02,04,07
2022242,2022-09-09(五),02,03,07
2022243,2022-09-10(六),03,06,08
2022244,2022-09-11(日),02,04,09
2022245,2022-09-12(一),00,00,06
2022246,2022-09-13(二),02,02,02
2022247,2022-09-14(三),03,03,08
2022248,2022-09-15(四),01,07,09
2022249,2022-09-16(五),02,05,08
2022250,2022-09-17(六),00,01,04
2022251,2022-09-18(日),03,08,08
2022252,2022-09-19(一),06,08,09
2022253,2022-09-20(二),02,03,07
2022254,2022-09-21(三),03,05,06
2022255,2022-09-22(四),00,09,09
2022256,2022-09-23(五),00,00,07
2022257,2022-09-24(六),00,02,09
2022258,2022-09-25(日),04,04,04
2022259,2022-09-26(一),06,06,09
2022260,2022-09-27(二),00,02,08
2022261,2022-09-28(三),03,08,08
2022262,2022-09-29(四),04,06,07
2022263,2022-09-30(五),02,08,09
2022264,2022-10-05(三),03,03,05
2022265,2022-10-06(四),00,09,09
2022266,2022-10-07(五),00,01,04
2022267,2022-10-08(六),03,07,08
2022268,2022-10-09(日),00,03,07
2022269,2022-10-10(一),03,04,06
2022270,2022-10-11(二),08,08,09
2022271,2022-10-12(三),00,00,05
2022272,2022-10-13(四),01,03,05
2022273,2022-10-14(五),01,01,09
2022274,2022-10-15(六),06,07,08
2022275,2022-10-16(日),00,00,02
2022276,2022-10-17(一),00,03,09
2022277,2022-10-18(二),00,00,08
2022278,2022-10-19(三),01,02,08
2022279,2022-10-20(四),01,04,05
2022280,2022-10-21(五),01,03,09
2022281,2022-10-22(六),02,02,06
2022282,2022-10-23(日),05,07,08
2022283,2022-10-24(一),01,03,09
2022284,2022-10-25(二),00,02,03
2022285,2022-10-26(三),02,02,09
2022286,2022-10-27(四),02,04,05
2022287,2022-10-28(五),01,02,05
2022288,2022-10-29(六),03,05,08
2022289,2022-10-30(日),01,05,07
2022290,2022-10-31(一),02,09,09
2022291,2022-11-01(二),00,07,08
2022292,2022-11-02(三),02,04,08
2022293,2022-11-03(四),00,02,07
2022294,2022-11-04(五),02,06,08
2022295,2022-11-05(六),01,04,08
2022296,2022-11-06(日),00,03,05
2022297,2022-11-07(一),01,03,05
2022298,2022-11-08(二),07,07,07
2022299,2022-11-09(三),01,01,04
2022300,2022-11-10(四),02,02,09
2022301,2022-11-11(五),01,02,08
2022302,2022-11-12(六),04,05,07
2022303,2022-11-13(日),01,03,09
2022304,2022-11-14(一),06,07,07
2022305,2022-11-15(二),01,03,05
2022306,2022-11-16(三),01,08,08
2022307,2022-11-17(四),02,06,07
2022308,2022-11-18(五),00,07,08
2022309,2022-11-19(六),00,02,02
2022310,2022-11-20(日),01,01,09
2022311,2022-11-21(一),02,03,09
2022312,2022-11-22(二),02,05,07
2022313,2022-11-23(三),02,04,09
2022314,2022-11-24(四),01,04,07
2022315,2022-11-25(五),04,08,09
2022316,2022-11-26(六),02,04,07
2022317,2022-11-27(日),05,07,07
2022318,2022-11-28(一),00,03,07
2022319,2022-11-29(二),01,02,02
2022320,2022-11-30(三),00,04,09
2022321,2022-12-01(四),00,03,04
2022322,2022-12-02(五),00,00,09
2022323,2022-12-03(六),01,03,03
2022324,2022-12-04(日),00,04,08
2022325,2022-12-05(一),03,05,08
2022326,2022-12-06(二),04,05,09
2022327,2022-12-07(三),03,05,08
2022328,2022-12-08(四),00,03,09
2022329,2022-12-09(五),04,07,07
2022330,2022-12-10(六),00,00,07
2022331,2022-12-11(日),04,06,07
2022332,2022-12-12(一),01,04,07
2022333,2022-12-13(二),03,06,06
2022334,2022-12-14(三),00,05,05
2022335,2022-12-15(四),02,05,09
2022336,2022-12-16(五),02,08,09
2022337,2022-12-17(六),00,09,09
2022338,2022-12-18(日),00,02,07
2022339,2022-12-19(一),00,02,04
2022340,2022-12-20(二),00,02,04
2022341,2022-12-21(三),01,04,08
2022342,2022-12-22(四),01,05,07
2022343,2022-12-23(五),00,05,08
2022344,2022-12-24(六),04,06,08
2022345,2022-12-25(日),00,03,05
2022346,2022-12-26(一),00,03,09
2022347,2022-12-27(二),03,05,07
2022348,2022-12-28(三),01,05,08
2022349,2022-12-29(四),02,05,06
2022350,2022-12-30(五),06,08,08
2022351,2022-12-31(六),02,04,09
2023001,2023-01-01(日),02,03,04
2023002,2023-01-02(一),00,05,08
2023003,2023-01-03(二),05,06,09
2023004,2023-01-04(三),03,08,09
2023005,2023-01-05(四),00,06,09
2023006,2023-01-06(五),01,05,07
2023007,2023-01-07(六),01,07,08
2023008,2023-01-08(日),00,07,08
2023009,2023-01-09(一),03,07,08
2023010,2023-01-10(二),00,02,06
2023011,2023-01-11(三),06,06,06
2023012,2023-01-12(四),04,06,08
2023013,2023-01-13(五),07,08,08
2023014,2023-01-14(六),02,02,03
2023015,2023-01-15(日),02,03,05
2023016,2023-01-16(一),04,06,06
2023017,2023-01-17(二),00,03,05
2023018,2023-01-18(三),01,01,02
2023019,2023-01-29(日),04,07,08
2023020,2023-01-30(一),04,05,08
2023021,2023-01-31(二),00,02,05
2023022,2023-02-01(三),04,04,06
2023023,2023-02-02(四),02,05,07
2023024,2023-02-03(五),04,05,09
2023025,2023-02-04(六),05,06,08
2023026,2023-02-05(日),01,04,05
2023027,2023-02-06(一),03,03,04
2023028,2023-02-07(二),00,03,04
2023029,2023-02-08(三),02,03,09
2023030,2023-02-09(四),02,05,07
2023031,2023-02-10(五),02,03,07
2023032,2023-02-11(六),01,03,09
2023033,2023-02-12(日),01,05,09
2023034,2023-02-13(一),02,04,08
2023035,2023-02-14(二),00,01,04
2023036,2023-02-15(三),00,03,08
2023037,2023-02-16(四),03,06,08
2023038,2023-02-17(五),04,05,08
2023039,2023-02-18(六),01,09,09
2023040,2023-02-19(日),01,03,04
2023041,2023-02-20(一),01,03,03
2023042,2023-02-21(二),02,07,08
2023043,2023-02-22(三),01,08,09
2023044,2023-02-23(四),01,01,08
2023045,2023-02-24(五),00,00,07
2023046,2023-02-25(六),00,01,03
2023047,2023-02-26(日),01,05,09
2023048,2023-02-27(一),00,03,06
2023049,2023-02-28(二),03,05,07
2023050,2023-03-01(三),00,02,06
2023051,2023-03-02(四),00,06,06
2023052,2023-03-03(五),00,01,05
2023053,2023-03-04(六),00,01,03
2023054,2023-03-05(日),01,01,07
2023055,2023-03-06(一),03,07,08
2023056,2023-03-07(二),01,05,06
2023057,2023-03-08(三),03,07,09
2023058,2023-03-09(四),06,07,07
2023059,2023-03-10(五),00,05,09
2023060,2023-03-11(六),00,06,08
2023061,2023-03-12(日),02,03,05
2023062,2023-03-13(一),02,03,07
2023063,2023-03-14(二),00,00,01
2023064,2023-03-15(三),01,02,07
2023065,2023-03-16(四),03,05,07
2023066,2023-03-17(五),01,08,09
2023067,2023-03-18(六),00,00,09
2023068,2023-03-19(日),07,09,09
2023069,2023-03-20(一),00,04,07
2023070,2023-03-21(二),01,08,09
2023071,2023-03-22(三),02,05,09
2023072,2023-03-23(四),04,06,09
2023073,2023-03-24(五),01,04,05
2023074,2023-03-25(六),01,04,08
2023075,2023-03-26(日),00,02,09
2023076,2023-03-27(一),06,08,08
2023077,2023-03-28(二),00,04,05
2023078,2023-03-29(三),05,06,08
2023079,2023-03-30(四),02,08,09
2023080,2023-03-31(五),04,08,08
2023081,2023-04-01(六),02,08,09
2023082,2023-04-02(日),00,05,07
2023083,2023-04-03(一),00,07,08
2023084,2023-04-04(二),03,08,08
2023085,2023-04-05(三),05,06,08
2023086,2023-04-06(四),01,03,04
2023087,2023-04-07(五),01,02,03
2023088,2023-04-08(六),03,07,08
2023089,2023-04-09(日),01,03,04
2023090,2023-04-10(一),02,04,07
2023091,2023-04-11(二),04,07,09
2023092,2023-04-12(三),08,08,08
2023093,2023-04-13(四),03,07,09
2023094,2023-04-14(五),00,03,05
2023095,2023-04-15(六),00,03,06
2023096,2023-04-16(日),05,05,07
2023097,2023-04-17(一),05,07,08
2023098,2023-04-18(二),01,01,07
2023099,2023-04-19(三),01,02,04
2023100,2023-04-20(四),03,03,09
2023101,2023-04-21(五),04,05,06
2023102,2023-04-22(六),01,01,04
2023103,2023-04-23(日),00,04,08
2023104,2023-04-24(一),03,08,09
2023105,2023-04-25(二),04,08,08
2023106,2023-04-26(三),00,02,06
2023107,2023-04-27(四),00,05,06
2023108,2023-04-28(五),02,03,05
2023109,2023-04-29(六),00,04,09
2023110,2023-04-30(日),00,05,09
2023111,2023-05-01(一),06,07,08
2023112,2023-05-02(二),00,06,09
2023113,2023-05-03(三),05,06,08
2023114,2023-05-04(四),01,06,07
2023115,2023-05-05(五),01,06,07
2023116,2023-05-06(六),01,06,09
2023117,2023-05-07(日),00,01,04
2023118,2023-05-08(一),03,07,07
2023119,2023-05-09(二),01,01,02
2023120,2023-05-10(三),01,07,08
2023121,2023-05-11(四),02,03,09
2023122,2023-05-12(五),01,02,04
2023123,2023-05-13(六),00,04,08
2023124,2023-05-14(日),02,03,06
2023125,2023-05-15(一),00,00,07
2023126,2023-05-16(二),04,06,09
2023127,2023-05-17(三),00,01,07
2023128,2023-05-18(四),00,05,07
2023129,2023-05-19(五),01,05,08
2023130,2023-05-20(六),01,01,05
2023131,2023-05-21(日),00,01,02
2023132,2023-05-22(一),02,05,07
2023133,2023-05-23(二),01,03,07
2023134,2023-05-24(三),03,04,06
2023135,2023-05-25(四),00,05,05
2023136,2023-05-26(五),05,05,07
2023137,2023-05-27(六),06,06,06
2023138,2023-05-28(日),04,05,09
2023139,2023-05-29(一),01,08,09
2023140,2023-05-30(二),05,07,07
2023141,2023-05-31(三),01,03,09
2023142,2023-06-01(四),01,01,07
2023143,2023-06-02(五),04,05,09
2023144,2023-06-03(六),03,05,06
2023145,2023-06-04(日),00,02,06
2023146,2023-06-05(一),02,04,09
2023147,2023-06-06(二),00,07,09
2023148,2023-06-07(三),05,09,09
2023149,2023-06-08(四),02,02,09
2023150,2023-06-09(五),02,04,07
2023151,2023-06-10(六),03,03,09
2023152,2023-06-11(日),01,05,06
2023153,2023-06-12(一),00,05,06
2023154,2023-06-13(二),00,02,06
2023155,2023-06-14(三),02,05,08
2023156,2023-06-15(四),06,08,09
2023157,2023-06-16(五),00,02,09
2023158,2023-06-17(六),00,05,07
2023159,2023-06-18(日),00,02,08
2023160,2023-06-19(一),02,02,04
2023161,2023-06-20(二),01,03,04
2023162,2023-06-21(三),00,02,02
2023163,2023-06-22(四),01,02,04
2023164,2023-06-23(五),01,08,09
2023165,2023-06-24(六),03,03,07
2023166,2023-06-25(日),05,05,07
2023167,2023-06-26(一),01,02,06
2023168,2023-06-27(二),00,05,07
2023169,2023-06-28(三),01,02,08
2023170,2023-06-29(四),02,04,07
2023171,2023-06-30(五),01,05,07
2023172,2023-07-01(六),02,04,05
2023173,2023-07-02(日),00,03,07
2023174,2023-07-03(一),05,06,06
2023175,2023-07-04(二),00,01,09
2023176,2023-07-05(三),08,08,08
2023177,2023-07-06(四),01,01,09
2023178,2023-07-07(五),00,00,03
2023179,2023-07-08(六),03,07,07
2023180,2023-07-09(日),02,03,09
2023181,2023-07-10(一),05,06,07
2023182,2023-07-11(二),00,02,07
2023183,2023-07-12(三),00,06,06
2023184,2023-07-13(四),00,03,07
2023185,2023-07-14(五),06,06,07
2023186,2023-07-15(六),01,04,05
2023187,2023-07-16(日),01,03,05
2023188,2023-07-17(一),00,02,08
2023189,2023-07-18(二),02,03,07
2023190,2023-07-19(三),00,05,09
2023191,2023-07-20(四),06,07,08
2023192,2023-07-21(五),01,02,02
2023193,2023-07-22(六),01,01,08
2023194,2023-07-23(日),01,06,08
2023195,2023-07-24(一),00,03,03
2023196,2023-07-25(二),05,08,09
2023197,2023-07-26(三),05,06,08
2023198,2023-07-27(四),04,08,09
2023199,2023-07-28(五),00,05,08
2023200,2023-07-29(六),01,03,04
2023201,2023-07-30(日),01,02,07
2023202,2023-07-31(一),04,06,08
2023203,2023-08-01(二),03,04,06
2023204,2023-08-02(三),01,03,03
2023205,2023-08-03(四),01,01,07
2023206,2023-08-04(五),02,02,02
2023207,2023-08-05(六),02,02,04
2023208,2023-08-06(日),02,06,09
2023209,2023-08-07(一),06,07,09
2023210,2023-08-08(二),01,06,08
2023211,2023-08-09(三),01,02,06
2023212,2023-08-10(四),04,04,04
2023213,2023-08-11(五),02,03,07
2023214,2023-08-12(六),02,02,05
2023215,2023-08-13(日),00,03,08
2023216,2023-08-14(一),01,07,08
2023217,2023-08-15(二),01,01,08
2023218,2023-08-16(三),00,01,07
2023219,2023-08-17(四),03,04,08
2023220,2023-08-18(五),05,07,08
2023221,2023-08-19(六),00,03,05
2023222,2023-08-20(日),02,05,06
2023223,2023-08-21(一),00,03,09
2023224,2023-08-22(二),04,04,07
2023225,2023-08-23(三),07,08,09
2023226,2023-08-24(四),01,02,08
2023227,2023-08-25(五),00,02,06
2023228,2023-08-26(六),05,08,09
2023229,2023-08-27(日),01,02,04
2023230,2023-08-28(一),07,07,08
2023231,2023-08-29(二),00,04,09
2023232,2023-08-30(三),01,03,03
2023233,2023-08-31(四),02,08,09
2023234,2023-09-01(五),00,01,09
2023235,2023-09-02(六),00,04,08
2023236,2023-09-03(日),00,06,08
2023237,2023-09-04(一),00,06,09
2023238,2023-09-05(二),04,05,05
2023239,2023-09-06(三),01,03,07
2023240,2023-09-07(四),02,02,03
2023241,2023-09-08(五),04,05,09
2023242,2023-09-09(六),04,06,08
2023243,2023-09-10(日),04,08,08
2023244,2023-09-11(一),03,07,07
2023245,2023-09-12(二),06,07,08
2023246,2023-09-13(三),07,07,09
2023247,2023-09-14(四),05,06,09
2023248,2023-09-15(五),00,04,09
2023249,2023-09-16(六),00,06,07
2023250,2023-09-17(日),06,08,09
2023251,2023-09-18(一),00,03,05
2023252,2023-09-19(二),01,02,03
2023253,2023-09-20(三),01,02,07
2023254,2023-09-21(四),02,03,08
2023255,2023-09-22(五),04,05,06
2023256,2023-09-23(六),04,04,07
2023257,2023-09-24(日),04,06,09
2023258,2023-09-25(一),02,07,09
2023259,2023-09-26(二),00,06,08
2023260,2023-09-27(三),04,05,07
2023261,2023-09-28(四),02,03,07
2023262,2023-09-29(五),00,02,02
2023263,2023-09-30(六),03,03,05
2023264,2023-10-05(四),03,06,08
2023265,2023-10-06(五),03,05,06
2023266,2023-10-07(六),01,01,03
2023267,2023-10-08(日),04,07,08
2023268,2023-10-09(一),00,06,07
2023269,2023-10-10(二),05,06,06
2023270,2023-10-11(三),04,05,07
2023271,2023-10-12(四),01,07,09
2023272,2023-10-13(五),00,05,08
2023273,2023-10-14(六),04,05,07
2023274,2023-10-15(日),05,09,09
2023275,2023-10-16(一),03,07,09
2023276,2023-10-17(二),01,04,04
2023277,2023-10-18(三),00,02,09
2023278,2023-10-19(四),00,08,09
2023279,2023-10-20(五),02,07,09
2023280,2023-10-21(六),02,07,08
2023281,2023-10-22(日),04,06,08
2023282,2023-10-23(一),00,01,04
2023283,2023-10-24(二),04,08,09
2023284,2023-10-25(三),03,03,09
2023285,2023-10-26(四),01,05,09
2023286,2023-10-27(五),00,02,05
2023287,2023-10-28(六),00,03,09
2023288,2023-10-29(日),00,05,05
2023289,2023-10-30(一),06,06,08
2023290,2023-10-31(二),03,03,08
2023291,2023-11-01(三),03,05,08
2023292,2023-11-02(四),06,08,09
2023293,2023-11-03(五),00,01,08
2023294,2023-11-04(六),01,05,09
2023295,2023-11-05(日),05,07,09
2023296,2023-11-06(一),01,04,09
2023297,2023-11-07(二),02,02,06
2023298,2023-11-08(三),00,04,07
2023299,2023-11-09(四),00,02,09
2023300,2023-11-10(五),00,00,09
2023301,2023-11-11(六),00,05,08
2023302,2023-11-12(日),01,06,08
2023303,2023-11-13(一),01,02,07
2023304,2023-11-14(二),00,04,08
2023305,2023-11-15(三),02,06,08
2023306,2023-11-16(四),08,08,08
2023307,2023-11-17(五),03,07,09
2023308,2023-11-18(六),04,05,09
2023309,2023-11-19(日),00,02,02
2023310,2023-11-20(一),05,06,09
2023311,2023-11-21(二),01,02,07
2023312,2023-11-22(三),01,07,09
2023313,2023-11-23(四),08,09,09
2023314,2023-11-24(五),02,02,08
2023315,2023-11-25(六),01,06,08
2023316,2023-11-26(日),03,04,08
2023317,2023-11-27(一),01,01,03
2023318,2023-11-28(二),00,01,04
2023319,2023-11-29(三),02,07,07
2023320,2023-11-30(四),03,05,07
2023321,2023-12-01(五),02,05,07
2023322,2023-12-02(六),00,04,08
2023323,2023-12-03(日),02,06,09
2023324,2023-12-04(一),04,05,09
2023325,2023-12-05(二),00,04,09
2023326,2023-12-06(三),01,03,07
2023327,2023-12-07(四),00,01,04
2023328,2023-12-08(五),01,06,09
2023329,2023-12-09(六),03,05,07
2023330,2023-12-10(日),03,06,07
2023331,2023-12-11(一),01,02,04
2023332,2023-12-12(二),01,01,06
2023333,2023-12-13(三),01,08,08
2023334,2023-12-14(四),00,00,09
2023335,2023-12-15(五),01,01,01
2023336,2023-12-16(六),01,08,08
2023337,2023-12-17(日),02,06,08
2023338,2023-12-18(一),04,07,07
2023339,2023-12-19(二),04,07,08
2023340,2023-12-20(三),01,03,08
2023341,2023-12-21(四),02,02,07
2023342,2023-12-22(五),06,07,09
2023343,2023-12-23(六),04,08,08
2023344,2023-12-24(日),06,08,09
2023345,2023-12-25(一),03,04,06
2023346,2023-12-26(二),01,04,09
2023347,2023-12-27(三),00,05,06
2023348,2023-12-28(四),03,05,06
2023349,2023-12-29(五),01,04,05
2023350,2023-12-30(六),01,07,07
2023351,2023-12-31(日),00,04,09
2024001,2024-01-01(一),01,02,08
2024002,2024-01-02(二),06,06,09
2024003,2024-01-03(三),02,07,09
2024004,2024-01-04(四),00,05,07
2024005,2024-01-05(五),00,06,08
2024006,2024-01-06(六),01,02,02
2024007,2024-01-07(日),03,03,06
2024008,2024-01-08(一),02,03,04
2024009,2024-01-09(二),02,05,06
2024010,2024-01-10(三),03,04,07
2024011,2024-01-11(四),02,07,09
2024012,2024-01-12(五),00,05,09
2024013,2024-01-13(六),04,06,08
2024014,2024-01-14(日),01,02,05
2024015,2024-01-15(一),03,04,08
2024016,2024-01-16(二),00,02,09
2024017,2024-01-17(三),05,06,09
2024018,2024-01-18(四),00,03,04
2024019,2024-01-19(五),03,05,09
2024020,2024-01-20(六),06,08,08
2024021,2024-01-21(日),04,04,06
2024022,2024-01-22(一),02,05,08
2024023,2024-01-23(二),02,04,07
2024024,2024-01-24(三),03,04,07
2024025,2024-01-25(四),04,07,09
2024026,2024-01-26(五),01,04,09
2024027,2024-01-27(六),04,08,09
2024028,2024-01-28(日),02,06,06
2024029,2024-01-29(一),00,04,09
2024030,2024-01-30(二),03,05,09
2024031,2024-01-31(三),00,00,06
2024032,2024-02-01(四),05,09,09
2024033,2024-02-02(五),04,05,09
2024034,2024-02-03(六),05,06,08
2024035,2024-02-04(日),00,04,05
2024036,2024-02-05(一),02,05,06
2024037,2024-02-06(二),00,04,06
2024038,2024-02-07(三),06,06,07
2024039,2024-02-18(日),02,02,08
2024040,2024-02-19(一),03,06,07
2024041,2024-02-20(二),01,03,05
2024042,2024-02-21(三),00,06,08
2024043,2024-02-22(四),02,05,07
2024044,2024-02-23(五),03,03,06
2024045,2024-02-24(六),00,04,06
2024046,2024-02-25(日),00,03,07
2024047,2024-02-26(一),00,02,04
2024048,2024-02-27(二),01,02,08
2024049,2024-02-28(三),01,01,08
2024050,2024-02-29(四),03,04,06
2024051,2024-03-01(五),00,03,04
2024052,2024-03-02(六),00,01,03
2024053,2024-03-03(日),04,07,08
2024054,2024-03-04(一),01,02,09
2024055,2024-03-05(二),05,08,09
2024056,2024-03-06(三),02,04,05
2024057,2024-03-07(四),00,05,08
2024058,2024-03-08(五),04,06,09
2024059,2024-03-09(六),05,07,08
2024060,2024-03-10(日),07,08,09
2024061,2024-03-11(一),00,04,06
2024062,2024-03-12(二),03,07,07
2024063,2024-03-13(三),03,04,09
2024064,2024-03-14(四),00,00,09
2024065,2024-03-15(五),04,06,09
2024066,2024-03-16(六),01,08,09
2024067,2024-03-17(日),00,07,09
2024068,2024-03-18(一),02,04,06
2024069,2024-03-19(二),01,04,05
2024070,2024-03-20(三),01,06,07
2024071,2024-03-21(四),01,02,03
2024072,2024-03-22(五),07,07,09
2024073,2024-03-23(六),02,05,08
2024074,2024-03-24(日),00,01,04
2024075,2024-03-25(一),02,04,05
2024076,2024-03-26(二),05,05,06
2024077,2024-03-27(三),03,03,06
2024078,2024-03-28(四),03,07,09
2024079,2024-03-29(五),01,03,09
2024080,2024-03-30(六),05,07,07
2024081,2024-03-31(日),00,01,08
2024082,2024-04-01(一),00,02,09
2024083,2024-04-02(二),08,09,09
2024084,2024-04-03(三),01,02,09
2024085,2024-04-04(四),00,04,09
2024086,2024-04-05(五),02,03,05
2024087,2024-04-06(六),07,07,09
2024088,2024-04-07(日),01,06,07
2024089,2024-04-08(一),04,05,07
2024090,2024-04-09(二),00,08,09
2024091,2024-04-10(三),04,05,06
2024092,2024-04-11(四),00,01,07
2024093,2024-04-12(五),04,06,07
2024094,2024-04-13(六),06,07,09
2024095,2024-04-14(日),02,05,07
2024096,2024-04-15(一),01,02,09
2024097,2024-04-16(二),03,08,09
2024098,2024-04-17(三),00,02,06
2024099,2024-04-18(四),00,01,09
2024100,2024-04-19(五),03,06,09
2024101,2024-04-20(六),04,05,09
2024102,2024-04-21(日),03,03,09
2024103,2024-04-22(一),04,08,09
2024104,2024-04-23(二),05,07,09
2024105,2024-04-24(三),06,07,09
2024106,2024-04-25(四),01,02,07
2024107,2024-04-26(五),00,02,06
2024108,2024-04-27(六),02,03,04
2024109,2024-04-28(日),01,01,08
2024110,2024-04-29(一),00,05,06
2024111,2024-04-30(二),00,02,06
2024112,2024-05-01(三),00,03,06
2024113,2024-05-02(四),02,02,04
2024114,2024-05-03(五),00,05,07
2024115,2024-05-04(六),00,09,09
2024116,2024-05-05(日),01,05,08
2024117,2024-05-06(一),08,09,09
2024118,2024-05-07(二),03,03,04
2024119,2024-05-08(三),00,05,08
2024120,2024-05-09(四),04,05,09
2024121,2024-05-10(五),02,08,09
2024122,2024-05-11(六),00,07,08
2024123,2024-05-12(日),01,03,08
2024124,2024-05-13(一),07,07,08
2024125,2024-05-14(二),04,06,09
2024126,2024-05-15(三),02,03,03
2024127,2024-05-16(四),01,02,04
2024128,2024-05-17(五),03,05,07
2024129,2024-05-18(六),00,06,07
2024130,2024-05-19(日),00,06,06
2024131,2024-05-20(一),00,06,09
2024132,2024-05-21(二),02,05,06
2024133,2024-05-22(三),01,04,07
2024134,2024-05-23(四),00,04,06
2024135,2024-05-24(五),00,03,05
2024136,2024-05-25(六),02,02,07
2024137,2024-05-26(日),02,08,09
2024138,2024-05-27(一),05,05,09
2024139,2024-05-28(二),04,07,08
2024140,2024-05-29(三),03,05,06
2024141,2024-05-30(四),02,05,06
2024142,2024-05-31(五),01,03,08
2024143,2024-06-01(六),05,05,09
2024144,2024-06-02(日),01,06,08
2024145,2024-06-03(一),05,06,07
2024146,2024-06-04(二),00,01,08
2024147,2024-06-05(三),02,02,05
2024148,2024-06-06(四),02,04,06
2024149,2024-06-07(五),01,03,05
2024150,2024-06-08(六),03,05,06
2024151,2024-06-09(日),05,06,07
2024152,2024-06-10(一),04,08,08
2024153,2024-06-11(二),02,07,08
2024154,2024-06-12(三),03,04,08
2024155,2024-06-13(四),01,01,04
2024156,2024-06-14(五),00,01,08
2024157,2024-06-15(六),01,02,06
2024158,2024-06-16(日),01,02,08
2024159,2024-06-17(一),01,02,02
2024160,2024-06-18(二),00,06,09
2024161,2024-06-19(三),04,06,08
2024162,2024-06-20(四),01,04,06
2024163,2024-06-21(五),00,03,04
2024164,2024-06-22(六),03,04,05
2024165,2024-06-23(日),01,04,05
2024166,2024-06-24(一),03,07,09
2024167,2024-06-25(二),00,02,02
2024168,2024-06-26(三),02,05,07
2024169,2024-06-27(四),00,02,04
2024170,2024-06-28(五),02,02,05
2024171,2024-06-29(六),00,04,08
2024172,2024-06-30(日),00,08,09
2024173,2024-07-01(一),04,04,09
2024174,2024-07-02(二),02,03,06
2024175,2024-07-03(三),04,08,08
2024176,2024-07-04(四),00,01,08
2024177,2024-07-05(五),00,04,06
2024178,2024-07-06(六),01,05,08
2024179,2024-07-07(日),00,00,05
2024180,2024-07-08(一),01,08,09
2024181,2024-07-09(二),00,02,03
2024182,2024-07-10(三),04,08,08
2024183,2024-07-11(四),03,04,04
2024184,2024-07-12(五),03,03,09
2024185,2024-07-13(六),00,03,06
2024186,2024-07-14(日),05,07,09
2024187,2024-07-15(一),00,03,08
2024188,2024-07-16(二),05,06,09
2024189,2024-07-17(三),00,03,05
2024190,2024-07-18(四),00,01,04
2024191,2024-07-19(五),02,03,08
2024192,2024-07-20(六),06,06,07
2024193,2024-07-21(日),01,06,08
2024194,2024-07-22(一),01,03,07
2024195,2024-07-23(二),02,05,07
2024196,2024-07-24(三),00,05,06
2024197,2024-07-25(四),02,02,04
2024198,2024-07-26(五),00,01,07
2024199,2024-07-27(六),01,04,07
2024200,2024-07-28(日),00,03,09
2024201,2024-07-29(一),03,04,08
2024202,2024-07-30(二),02,05,05
2024203,2024-07-31(三),01,02,07
2024204,2024-08-01(四),00,03,09
2024205,2024-08-02(五),01,05,06
2024206,2024-08-03(六),01,08,08
2024207,2024-08-04(日),02,08,09
2024208,2024-08-05(一),01,02,08
2024209,2024-08-06(二),06,06,07
2024210,2024-08-07(三),04,04,09
2024211,2024-08-08(四),00,04,05
2024212,2024-08-09(五),00,08,09
2024213,2024-08-10(六),00,00,09
2024214,2024-08-11(日),03,05,06
2024215,2024-08-12(一),03,04,08
2024216,2024-08-13(二),04,04,04
2024217,2024-08-14(三),00,04,05
2024218,2024-08-15(四),04,06,07
2024219,2024-08-16(五),00,03,05
2024220,2024-08-17(六),01,04,04
2024221,2024-08-18(日),00,01,03
2024222,2024-08-19(一),04,05,06
2024223,2024-08-20(二),03,07,07
2024224,2024-08-21(三),00,05,06
2024225,2024-08-22(四),04,08,08
2024226,2024-08-23(五),00,03,08
2024227,2024-08-24(六),01,02,03
2024228,2024-08-25(日),02,08,09
2024229,2024-08-26(一),01,01,09
2024230,2024-08-27(二),04,07,09
2024231,2024-08-28(三),03,08,09
2024232,2024-08-29(四),00,01,02
2024233,2024-08-30(五),03,07,09
2024234,2024-08-31(六),01,05,07
2024235,2024-09-01(日),02,04,09
2024236,2024-09-02(一),01,02,05
2024237,2024-09-03(二),02,04,07
2024238,2024-09-04(三),04,06,09
2024239,2024-09-05(四),02,04,05
2024240,2024-09-06(五),00,05,06
2024241,2024-09-07(六),00,04,07
2024242,2024-09-08(日),02,03,06
2024243,2024-09-09(一),05,05,09
2024244,2024-09-10(二),03,06,08
2024245,2024-09-11(三),01,04,07
2024246,2024-09-12(四),00,01,07
2024247,2024-09-13(五),03,07,08
2024248,2024-09-14(六),01,06,08
2024249,2024-09-15(日),04,04,09
2024250,2024-09-16(一),02,03,05
2024251,2024-09-17(二),01,05,06
2024252,2024-09-18(三),00,06,08
2024253,2024-09-19(四),02,04,07
2024254,2024-09-20(五),00,04,09
2024255,2024-09-21(六),00,06,09
2024256,2024-09-22(日),04,07,09
2024257,2024-09-23(一),01,09,09
2024258,2024-09-24(二),00,07,07
2024259,2024-09-25(三),02,04,09
2024260,2024-09-26(四),02,06,09
2024261,2024-09-27(五),06,06,07
2024262,2024-09-28(六),04,05,06
2024263,2024-09-29(日),02,02,09
2024264,2024-09-30(一),00,01,07
2024265,2024-10-05(六),02,04,05
2024266,2024-10-06(日),00,03,09
2024267,2024-10-07(一),02,02,07
2024268,2024-10-08(二),01,03,09
2024269,2024-10-09(三),03,08,08
2024270,2024-10-10(四),06,09,09
2024271,2024-10-11(五),05,07,09
2024272,2024-10-12(六),02,05,07
2024273,2024-10-13(日),03,03,08
2024274,2024-10-14(一),01,02,07
2024275,2024-10-15(二),02,07,08
2024276,2024-10-16(三),00,06,08
2024277,2024-10-17(四),04,06,08
2024278,2024-10-18(五),01,02,02
2024279,2024-10-19(六),00,00,06
2024280,2024-10-20(日),02,04,08
2024281,2024-10-21(一),00,00,09
2024282,2024-10-22(二),03,08,09
2024283,2024-10-23(三),01,04,09
2024284,2024-10-24(四),02,03,04
2024285,2024-10-25(五),01,07,08
2024286,2024-10-26(六),01,02,06
2024287,2024-10-27(日),01,02,09
2024288,2024-10-28(一),03,08,09
2024289,2024-10-29(二),08,09,09
2024290,2024-10-30(三),01,01,09
2024291,2024-10-31(四),02,04,06
2024292,2024-11-01(五),02,04,06
2024293,2024-11-02(六),01,02,05
2024294,2024-11-03(日),03,04,06
2024295,2024-11-04(一),01,05,07
2024296,2024-11-05(二),01,06,08
2024297,2024-11-06(三),02,03,07
2024298,2024-11-07(四),00,05,05
2024299,2024-11-08(五),04,09,09
2024300,2024-11-09(六),06,06,06
2024301,2024-11-10(日),03,04,05
2024302,2024-11-11(一),01,05,06
2024303,2024-11-12(二),03,03,06
2024304,2024-11-13(三),01,06,09
2024305,2024-11-14(四),06,06,09
2024306,2024-11-15(五),02,06,09
2024307,2024-11-16(六),05,07,09
2024308,2024-11-17(日),04,05,06
2024309,2024-11-18(一),03,05,09
2024310,2024-11-19(二),00,03,06
2024311,2024-11-20(三),00,06,07
2024312,2024-11-21(四),04,05,07
2024313,2024-11-22(五),00,05,09
2024314,2024-11-23(六),02,06,07
2024315,2024-11-24(日),00,02,08
2024316,2024-11-25(一),07,08,09
2024317,2024-11-26(二),03,06,08
2024318,2024-11-27(三),02,05,05
2024319,2024-11-28(四),02,06,07
2024320,2024-11-29(五),07,07,08
2024321,2024-11-30(六),02,04,05
2024322,2024-12-01(日),06,07,08
2024323,2024-12-02(一),03,05,06
2024324,2024-12-03(二),03,04,08
2024325,2024-12-04(三),01,05,08
2024326,2024-12-05(四),02,02,07
2024327,2024-12-06(五),00,02,08
2024328,2024-12-07(六),00,03,06
2024329,2024-12-08(日),00,01,09
2024330,2024-12-09(一),01,06,07
2024331,2024-12-10(二),04,06,09
2024332,2024-12-11(三),05,06,07
2024333,2024-12-12(四),01,05,09
2024334,2024-12-13(五),01,04,05
2024335,2024-12-14(六),03,05,09
2024336,2024-12-15(日),04,06,09
2024337,2024-12-16(一),03,04,08
2024338,2024-12-17(二),07,07,09
2024339,2024-12-18(三),00,05,09
2024340,2024-12-19(四),02,07,08
2024341,2024-12-20(五),01,03,07
2024342,2024-12-21(六),03,04,08
2024343,2024-12-22(日),01,02,04
2024344,2024-12-23(一),00,03,05
2024345,2024-12-24(二),01,03,07
2024346,2024-12-25(三),00,05,06
2024347,2024-12-26(四),02,03,09
2024348,2024-12-27(五),02,08,09
2024349,2024-12-28(六),00,01,08
2024350,2024-12-29(日),02,06,07
2024351,2024-12-30(一),05,06,07
2024352,2024-12-31(二),02,02,09
2025001,2025-01-01(三),00,03,07
2025002,2025-01-02(四),01,06,09
2025003,2025-01-03(五),01,02,04
2025004,2025-01-04(六),03,04,06
2025005,2025-01-05(日),00,05,08
2025006,2025-01-06(一),08,08,09
2025007,2025-01-07(二),01,01,04
2025008,2025-01-08(三),00,02,06
2025009,2025-01-09(四),01,04,06
2025010,2025-01-10(五),03,03,03
2025011,2025-01-11(六),01,05,08
2025012,2025-01-12(日),04,07,08
2025013,2025-01-13(一),00,06,06
2025014,2025-01-14(二),06,07,09
2025015,2025-01-15(三),02,04,09
2025016,2025-01-16(四),00,01,04
2025017,2025-01-17(五),00,02,07
2025018,2025-01-18(六),03,06,08
2025019,2025-01-19(日),00,01,07
2025020,2025-01-20(一),00,05,06
2025021,2025-01-21(二),04,06,08
2025022,2025-01-22(三),03,06,08
2025023,2025-01-23(四),01,05,09
2025024,2025-01-24(五),02,06,07
2025025,2025-01-25(六),04,06,08
2025026,2025-01-26(日),05,08,08
2025027,2025-02-06(四),03,03,08
2025028,2025-02-07(五),00,04,09
2025029,2025-02-08(六),00,06,09
2025030,2025-02-09(日),00,02,03
2025031,2025-02-10(一),03,07,09
2025032,2025-02-11(二),04,09,09
2025033,2025-02-12(三),00,06,06
2025034,2025-02-13(四),01,02,06
2025035,2025-02-14(五),07,07,08
2025036,2025-02-15(六),01,06,07
2025037,2025-02-16(日),01,01,03
2025038,2025-02-17(一),04,07,08
2025039,2025-02-18(二),02,03,09
2025040,2025-02-19(三),02,04,08
2025041,2025-02-20(四),00,01,04
2025042,2025-02-21(五),05,07,07
2025043,2025-02-22(六),04,05,07
2025044,2025-02-23(日),01,02,09
2025045,2025-02-24(一),04,05,05
2025046,2025-02-25(二),00,04,09
2025047,2025-02-26(三),02,04,08
2025048,2025-02-27(四),00,04,06
2025049,2025-02-28(五),00,00,04
2025050,2025-03-01(六),00,06,08
2025051,2025-03-02(日),00,05,09
2025052,2025-03-03(一),05,05,08
2025053,2025-03-04(二),05,08,09
2025054,2025-03-05(三),04,07,09
2025055,2025-03-06(四),03,06,08
2025056,2025-03-07(五),02,04,09
2025057,2025-03-08(六),03,07,09
2025058,2025-03-09(日),00,04,05
2025059,2025-03-10(一),04,07,08
2025060,2025-03-11(二),03,08,09
2025061,2025-03-12(三),04,06,07
2025062,2025-03-13(四),00,01,08
2025063,2025-03-14(五),00,04,05
2025064,2025-03-15(六),02,08,09
2025065,2025-03-16(日),03,05,08
2025066,2025-03-17(一),00,02,07
2025067,2025-03-18(二),03,05,08
2025068,2025-03-19(三),05,05,05
2025069,2025-03-20(四),00,06,09
2025070,2025-03-21(五),04,07,08
2025071,2025-03-22(六),03,04,04
2025072,2025-03-23(日),02,02,07
2025073,2025-03-24(一),07,07,08
2025074,2025-03-25(二),01,04,09
2025075,2025-03-26(三),00,07,09
2025076,2025-03-27(四),01,07,08
2025077,2025-03-28(五),02,05,06
2025078,2025-03-29(六),00,00,00
2025079,2025-03-30(日),05,06,07
2025080,2025-03-31(一),00,00,05
2025081,2025-04-01(二),00,03,04
2025082,2025-04-02(三),01,04,07
2025083,2025-04-03(四),01,05,09
2025084,2025-04-04(五),00,00,03
2025085,2025-04-05(六),03,03,08
2025086,2025-04-06(日),03,08,08
2025087,2025-04-07(一),02,06,08
2025088,2025-04-08(二),00,02,02
2025089,2025-04-09(三),05,06,08
2025090,2025-04-10(四),01,05,09
2025091,2025-04-11(五),01,03,05
2025092,2025-04-12(六),01,03,07
2025093,2025-04-13(日),04,05,05
2025094,2025-04-14(一),04,06,09
2025095,2025-04-15(二),00,06,08
2025096,2025-04-16(三),03,05,08
2025097,2025-04-17(四),02,04,05
2025098,2025-04-18(五),01,04,07
2025099,2025-04-19(六),00,07,07
2025100,2025-04-20(日),03,05,09
2025101,2025-04-21(一),00,01,06
2025102,2025-04-22(二),01,01,06
2025103,2025-04-23(三),00,03,07
2025104,2025-04-24(四),07,07,08
2025105,2025-04-25(五),00,01,05
2025106,2025-04-26(六),02,05,07
2025107,2025-04-27(日),00,02,07
2025108,2025-04-28(一),00,04,07
2025109,2025-04-29(二),01,04,08
2025110,2025-04-30(三),01,04,09
2025111,2025-05-01(四),00,02,07
2025112,2025-05-02(五),04,05,09
2025113,2025-05-03(六),03,05,06
2025114,2025-05-04(日),03,05,07
2025115,2025-05-05(一),00,02,06
2025116,2025-05-06(二),00,02,03
2025117,2025-05-07(三),04,08,09
2025118,2025-05-08(四),01,02,06
2025119,2025-05-09(五),01,03,05
2025120,2025-05-10(六),01,02,09
2025121,2025-05-11(日),00,01,02
2025122,2025-05-12(一),04,08,08
2025123,2025-05-13(二),02,05,07
2025124,2025-05-14(三),00,08,09
2025125,2025-05-15(四),01,03,05
2025126,2025-05-16(五),00,02,03
2025127,2025-05-17(六),01,03,04
2025128,2025-05-18(日),01,04,08
2025129,2025-05-19(一),01,05,09
2025130,2025-05-20(二),00,02,04
2025131,2025-05-21(三),00,02,03
2025132,2025-05-22(四),06,08,09
2025133,2025-05-23(五),04,05,06
2025134,2025-05-24(六),04,07,08
2025135,2025-05-25(日),04,05,08
2025136,2025-05-26(一),01,01,03
2025137,2025-05-27(二),03,08,08
2025138,2025-05-28(三),02,06,09
2025139,2025-05-29(四),05,08,09
2025140,2025-05-30(五),01,04,09
2025141,2025-05-31(六),00,02,02
2025142,2025-06-01(日),01,06,09
2025143,2025-06-02(一),02,05,06
2025144,2025-06-03(二),06,06,06
2025145,2025-06-04(三),02,06,07
2025146,2025-06-05(四),07,08,09
2025147,2025-06-06(五),01,02,03
2025148,2025-06-07(六),03,08,08
2025149,2025-06-08(日),03,04,07
2025150,2025-06-09(一),01,02,03
2025151,2025-06-10(二),01,07,08
2025152,2025-06-11(三),00,01,02
2025153,2025-06-12(四),00,06,09
2025154,2025-06-13(五),02,03,09
2025155,2025-06-14(六),04,09,09
2025156,2025-06-15(日),05,07,07
2025157,2025-06-16(一),06,09,09
2025158,2025-06-17(二),00,01,07
2025159,2025-06-18(三),00,03,07
2025160,2025-06-19(四),00,03,05
2025161,2025-06-20(五),04,07,08
2025162,2025-06-21(六),02,05,07
2025163,2025-06-22(日),03,06,06
2025164,2025-06-23(一),03,03,07
2025165,2025-06-24(二),00,06,09
2025166,2025-06-25(三),00,08,08
2025167,2025-06-26(四),00,02,07
2025168,2025-06-27(五),01,04,05
2025169,2025-06-28(六),07,08,09
2025170,2025-06-29(日),04,05,07
2025171,2025-06-30(一),01,01,03
2025172,2025-07-01(二),00,04,06
2025173,2025-07-02(三),00,02,09
2025174,2025-07-03(四),03,03,05
2025175,2025-07-04(五),01,06,06
2025176,2025-07-05(六),01,02,02
2025177,2025-07-06(日),04,07,09
2025178,2025-07-07(一),02,07,08
2025179,2025-07-08(二),00,02,08
2025180,2025-07-09(三),00,02,06
2025181,2025-07-10(四),06,08,08
2025182,2025-07-11(五),00,07,08
2025183,2025-07-12(六),04,04,07
2025184,2025-07-13(日),07,09,09
2025185,2025-07-14(一),01,04,06
2025186,2025-07-15(二),02,02,07
2025187,2025-07-16(三),01,06,07
2025188,2025-07-17(四),00,01,08
2025189,2025-07-18(五),00,07,09
2025190,2025-07-19(六),00,02,04
2025191,2025-07-20(日),00,02,02
2025192,2025-07-21(一),01,06,09
2025193,2025-07-22(二),06,07,08
2025194,2025-07-23(三),02,06,07
2025195,2025-07-24(四),00,08,09
2025196,2025-07-25(五),03,04,07
2025197,2025-07-26(六),00,05,07
2025198,2025-07-27(日),08,08,09
2025199,2025-07-28(一),03,04,09
2025200,2025-07-29(二),00,01,05
2025201,2025-07-30(三),04,06,08
2025202,2025-07-31(四),03,05,09
2025203,2025-08-01(五),00,01,03
2025204,2025-08-02(六),00,00,07
2025205,2025-08-03(日),00,02,09
2025206,2025-08-04(一),04,04,04
2025207,2025-08-05(二),02,05,05
2025208,2025-08-06(三),02,03,04
2025209,2025-08-07(四),03,07,08
2025210,2025-08-08(五),00,02,05
2025211,2025-08-09(六),07,08,09
2025212,2025-08-10(日),04,05,06
2025213,2025-08-11(一),01,03,08
2025214,2025-08-12(二),00,02,09
2025215,2025-08-13(三),03,05,08
2025216,2025-08-14(四),02,05,06
2025217,2025-08-15(五),04,08,09
2025218,2025-08-16(六),02,05,06
2025219,2025-08-17(日),00,00,09
2025220,2025-08-18(一),03,05,06
2025221,2025-08-19(二),02,06,09
2025222,2025-08-20(三),00,00,01
2025223,2025-08-21(四),03,06,07
2025224,2025-08-22(五),00,09,09
2025225,2025-08-23(六),00,06,08
2025226,2025-08-24(日),00,01,08
2025227,2025-08-25(一),01,01,06
2025228,2025-08-26(二),04,05,06
2025229,2025-08-27(三),00,01,08
2025230,2025-08-28(四),03,04,09
2025231,2025-08-29(五),02,03,07
2025232,2025-08-30(六),00,04,04
2025233,2025-08-31(日),02,05,09
2025234,2025-09-01(一),00,02,06
2025235,2025-09-02(二),06,09,09
2025236,2025-09-03(三),03,05,05
2025237,2025-09-04(四),00,05,09
2025238,2025-09-05(五),00,06,08
2025239,2025-09-06(六),01,02,05
2025240,2025-09-07(日),01,04,09
2025241,2025-09-08(一),00,01,06
2025242,2025-09-09(二),00,09,09
2025243,2025-09-10(三),01,06,07
2025244,2025-09-11(四),03,06,07
2025245,2025-09-12(五),04,08,08
2025246,2025-09-13(六),07,09,09
2025247,2025-09-14(日),02,02,06
2025248,2025-09-15(一),02,05,06
2025249,2025-09-16(二),02,05,09
2025250,2025-09-17(三),00,02,09
2025251,2025-09-18(四),06,08,08
2025252,2025-09-19(五),02,07,09
2025253,2025-09-20(六),04,05,07
2025254,2025-09-21(日),00,02,07
2025255,2025-09-22(一),02,04,06
2025256,2025-09-23(二),00,04,06
2025257,2025-09-24(三),00,06,08
2025258,2025-09-25(四),02,06,06
2025259,2025-09-26(五),02,05,06
2025260,2025-09-27(六),01,09,09
2025261,2025-09-28(日),01,05,07
2025262,2025-09-29(一),01,04,09
2025263,2025-09-30(二),03,09,09
2025264,2025-10-05(日),03,04,07
2025265,2025-10-06(一),04,05,06
2025266,2025-10-07(二),02,03,07
2025267,2025-10-08(三),01,03,09
2025268,2025-10-09(四),04,06,07
2025269,2025-10-10(五),00,05,05
2025270,2025-10-11(六),00,04,08
2025271,2025-10-12(日),02,07,07
2025272,2025-10-13(一),06,07,09
2025273,2025-10-14(二),00,04,05
2025274,2025-10-15(三),05,06,09
2025275,2025-10-16(四),00,02,03
2025276,2025-10-17(五),01,04,07
2025277,2025-10-18(六),00,01,06
2025278,2025-10-19(日),02,06,09
2025279,2025-10-20(一),02,05,07
2025280,2025-10-21(二),01,01,04
2025281,2025-10-22(三),07,08,09
2025282,2025-10-23(四),01,04,06
2025283,2025-10-24(五),04,06,06
2025284,2025-10-25(六),04,04,08
2025285,2025-10-26(日),01,02,07
2025286,2025-10-27(一),02,07,08
2025287,2025-10-28(二),00,05,08
2025288,2025-10-29(三),06,07,07
2025289,2025-10-30(四),03,04,07
2025290,2025-10-31(五),02,03,03
2025291,2025-11-01(六),04,07,09
2025292,2025-11-02(日),01,01,07
2025293,2025-11-03(一),01,04,05
2025294,2025-11-04(二),01,03,05
2025295,2025-11-05(三),02,03,07
2025296,2025-11-06(四),03,05,07
2025297,2025-11-07(五),00,01,05
2025298,2025-11-08(六),04,04,05
2025299,2025-11-09(日),03,05,08
2025300,2025-11-10(一),06,07,08
2025301,2025-11-11(二),05,05,07
2025302,2025-11-12(三),01,05,07
2025303,2025-11-13(四),03,03,09
2025304,2025-11-14(五),01,04,07
2025305,2025-11-15(六),00,01,03
2025306,2025-11-16(日),06,07,09
2025307,2025-11-17(一),01,04,06
2025308,2025-11-18(二),04,04,08
2025309,2025-11-19(三),00,01,09
2025310,2025-11-20(四),01,06,09
2025311,2025-11-21(五),00,04,06
2025312,2025-11-22(六),06,08,09
2025313,2025-11-23(日),04,06,06
2025314,2025-11-24(一),01,07,09
2025315,2025-11-25(二),02,07,09
2025316,2025-11-26(三),05,07,07
2025317,2025-11-27(四),00,01,03
2025318,2025-11-28(五),00,03,04
2025319,2025-11-29(六),02,04,09
2025320,2025-11-30(日),01,01,02
2025321,2025-12-01(一),04,07,08
2025322,2025-12-02(二),02,02,06
2025323,2025-12-03(三),01,05,05
2025324,2025-12-04(四),01,06,06
2025325,2025-12-05(五),01,05,06
2025326,2025-12-06(六),01,05,08
2025327,2025-12-07(日),07,08,09
2025328,2025-12-08(一),00,00,04
2025329,2025-12-09(二),04,05,06
2025330,2025-12-10(三),00,02,06
2025331,2025-12-11(四),00,00,05
2025332,2025-12-12(五),05,08,08
2025333,2025-12-13(六),02,03,07
2025334,2025-12-14(日),01,08,09
2025335,2025-12-15(一),00,01,05
2025336,2025-12-16(二),01,04,06
2025337,2025-12-17(三),06,07,08
2025338,2025-12-18(四),06,08,09
2025339,2025-12-19(五),06,06,07
2025340,2025-12-20(六),00,01,03
2025341,2025-12-21(日),06,09,09
2025342,2025-12-22(一),01,06,08
2025343,2025-12-23(二),04,05,06
2025344,2025-12-24(三),02,02,06
2025345,2025-12-25(四),00,03,06
2025346,2025-12-26(五),07,08,09
2025347,2025-12-27(六),01,02,09
2025348,2025-12-28(日),02,07,08
2025349,2025-12-29(一),03,04,07
2025350,2025-12-30(二),00,05,08
2025351,2025-12-31(三),02,04,05
2026001,2026-01-01(四),02,08,09
2026002,2026-01-02(五),00,02,05
2026003,2026-01-03(六),00,01,06
2026004,2026-01-04(日),00,01,09
2026005,2026-01-05(一),04,06,07
2026006,2026-01-06(二),02,04,04
2026007,2026-01-07(三),03,03,05
2026008,2026-01-08(四),02,02,05
2026009,2026-01-09(五),02,05,06
2026010,2026-01-10(六),06,06,07
2026011,2026-01-11(日),04,06,07
2026012,2026-01-12(一),01,02,04
2026013,2026-01-13(二),01,03,05
2026014,2026-01-14(三),00,00,05
2026015,2026-01-15(四),02,03,05
2026016,2026-01-16(五),02,05,08
2026017,2026-01-17(六),04,05,09
2026018,2026-01-18(日),04,04,09
2026019,2026-01-19(一),02,02,03
2026020,2026-01-20(二),06,06,07
2026021,2026-01-21(三),05,05,09
2026022,2026-01-22(四),06,07,08
2026023,2026-01-23(五),04,07,08
2026024,2026-01-24(六),01,01,09
2026025,2026-01-25(日),00,02,09
2026026,2026-01-26(一),00,09,09
2026027,2026-01-27(二),01,02,06
2026028,2026-01-28(三),00,02,07
2026029,2026-01-29(四),00,00,03
2026030,2026-01-30(五),01,03,04
2026031,2026-01-31(六),01,02,04
2026032,2026-02-01(日),02,04,05
2026033,2026-02-02(一),01,01,09
2026034,2026-02-03(二),00,02,05
2026035,2026-02-04(三),01,02,03
2026036,2026-02-05(四),02,06,07
2026037,2026-02-06(五),00,02,04
2026038,2026-02-07(六),04,06,07
2026039,2026-02-08(日),00,04,05
2026040,2026-02-09(一),02,04,05
2026041,2026-02-10(二),00,01,09
2026042,2026-02-11(三),04,05,08
2026043,2026-02-12(四),05,06,07
2026044,2026-02-13(五),05,08,09
2026045,2026-02-24(二),01,01,08
2026046,2026-02-25(三),01,02,09
2026047,2026-02-26(四),03,06,09
2026048,2026-02-27(五),01,02,06
2026049,2026-02-28(六),00,01,01
2026050,2026-03-01(日),06,08,09
2026051,2026-03-02(一),00,02,03
2026052,2026-03-03(二),02,07,07
2026053,2026-03-04(三),05,05,07
2026054,2026-03-05(四),01,02,07
2026055,2026-03-06(五),00,01,07
2026056,2026-03-07(六),04,07,07
2026057,2026-03-08(日),02,04,06
2026058,2026-03-09(一),03,04,05
2026059,2026-03-10(二),04,07,09
2026060,2026-03-11(三),03,04,09
2026061,2026-03-12(四),02,04,09
2026062,2026-03-13(五),02,04,09
2026063,2026-03-14(六),01,05,07
2026064,2026-03-15(日),00,04,06
2026065,2026-03-16(一),00,05,07
2026066,2026-03-17(二),03,04,09
2026067,2026-03-18(三),05,06,09
2026068,2026-03-19(四),00,06,07
2026069,2026-03-20(五),00,08,09
2026070,2026-03-21(六),04,04,08
2026071,2026-03-22(日),01,02,06
2026072,2026-03-23(一),02,04,05
2026073,2026-03-24(二),00,04,05
2026074,2026-03-25(三),04,07,08
2026075,2026-03-26(四),01,06,08
2026076,2026-03-27(五),03,06,08
2026077,2026-03-28(六),01,01,02
2026078,2026-03-29(日),00,04,09
2026079,2026-03-30(一),02,03,03
2026080,2026-03-31(二),00,02,08
2026081,2026-04-01(三),02,07,08
2026082,2026-04-02(四),02,04,09
2026083,2026-04-03(五),00,05,06
2026084,2026-04-04(六),04,05,06
2026085,2026-04-05(日),01,01,08
2026086,2026-04-06(一),02,03,08
2026087,2026-04-07(二),01,01,09
2026088,2026-04-08(三),00,06,08
2026089,2026-04-09(四),02,02,09
2026090,2026-04-10(五),01,06,08
2026091,2026-04-11(六),03,05,07
2026092,2026-04-12(日),00,07,08
2026093,2026-04-13(一),01,05,08
2026094,2026-04-14(二),01,04,08
2026095,2026-04-15(三),00,02,02
2026096,2026-04-16(四),06,08,09
2026097,2026-04-17(五),01,08,08
2026098,2026-04-18(六),01,03,05
2026099,2026-04-19(日),07,07,08
2026100,2026-04-20(一),01,04,04
2026101,2026-04-21(二),04,05,08
2026102,2026-04-22(三),00,02,04
2026103,2026-04-23(四),01,06,06
2026104,2026-04-24(五),02,04,08
2026105,2026-04-25(六),01,03,06
2026106,2026-04-26(日),02,08,09
2026107,2026-04-27(一),02,07,08
2026108,2026-04-28(二),01,06,07
2026109,2026-04-29(三),01,05,09
2026110,2026-04-30(四),03,07,09
2026111,2026-05-01(五),03,06,08
2026112,2026-05-02(六),00,05,06
2026113,2026-05-03(日),00,00,04
2026114,2026-05-04(一),04,06,08
2026115,2026-05-05(二),01,05,08
2026116,2026-05-06(三),00,00,02
2026117,2026-05-07(四),01,01,04
2026118,2026-05-08(五),01,02,03
2026119,2026-05-09(六),01,01,02
2026120,2026-05-10(日),03,04,07
2026121,2026-05-11(一),03,03,09
2026122,2026-05-12(二),03,04,06
2026123,2026-05-13(三),00,00,02
2026124,2026-05-14(四),00,02,08
2026125,2026-05-15(五),04,05,09
2026126,2026-05-16(六),04,06,08
2026127,2026-05-17(日),00,00,07
2026128,2026-05-18(一),06,07,07
2026129,2026-05-19(二),00,02,03
2026130,2026-05-20(三),02,06,07
2026131,2026-05-21(四),05,08,09
2026132,2026-05-22(五),05,06,07
2026133,2026-05-23(六),00,00,08
2026134,2026-05-24(日),04,05,06
2026135,2026-05-25(一),04,07,08
2026136,2026-05-26(二),08,08,09
2026137,2026-05-27(三),01,05,06
2026138,2026-05-28(四),00,07,09
2026139,2026-05-29(五),02,06,08
2026140,2026-05-30(六),02,05,08
2026141,2026-05-31(日),03,07,09
2026142,2026-06-01(一),04,08,09
2026143,2026-06-02(二),03,06,07
2026144,2026-06-03(三),02,06,07
2026145,2026-06-04(四),02,07,09
2026146,2026-06-05(五),04,04,06
2026147,2026-06-06(六),01,02,07
2026148,2026-06-07(日),00,04,08
2026149,2026-06-08(一),06,06,09
2026150,2026-06-09(二),00,02,07
2026151,2026-06-10(三),01,03,06
2026152,2026-06-11(四),00,02,02
2026153,2026-06-12(五),07,08,08
2026154,2026-06-13(六),03,07,07
2026155,2026-06-14(日),00,04,09
2026156,2026-06-15(一),01,02,06
2026157,2026-06-16(二),02,03,07
2026158,2026-06-17(三),01,07,08
2026159,2026-06-18(四),05,09,09
2026160,2026-06-19(五),02,03,03
2026161,2026-06-20(六),02,05,09
2026162,2026-06-21(日),05,05,08
2026163,2026-06-22(一),03,05,07
2026164,2026-06-23(二),00,06,09
2026165,2026-06-24(三),02,04,04
2026166,2026-06-25(四),00,00,09
2026167,2026-06-26(五),01,03,06
2026168,2026-06-27(六),00,01,03
2026169,2026-06-28(日),02,03,08
2026170,2026-06-29(一),00,05,08
2026171,2026-06-30(二),01,03,04
2026172,2026-07-01(三),04,04,05
2026173,2026-07-02(四),06,07,07
2026174,2026-07-03(五),01,06,08
2026175,2026-07-04(六),01,02,04
2026176,2026-07-05(日),02,06,09
2026177,2026-07-06(一),00,08,08
2026178,2026-07-07(二),02,06,06
2026179,2026-07-08(三),03,09,09
2026180,2026-07-09(四),00,02,05
2026181,2026-07-10(五),01,08,08
2026182,2026-07-11(六),02,06,06
2026183,2026-07-12(日),02,03,09
2026184,2026-07-13(一),00,02,09
2026185,2026-07-14(二),03,07,09
2026186,2026-07-15(三),00,04,05
2026187,2026-07-16(四),00,02,03
2026188,2026-07-17(五),06,09,09
2026189,2026-07-18(六),05,05,08
2026190,2026-07-19(日),00,02,06
2026191,2026-07-20(一),00,06,09
2026192,2026-07-21(二),02,04,05
2026193,2026-07-22(三),02,04,05
2026194,2026-07-23(四),02,03,08
