issue,date,red1,red2,red3,red4,red5,red6,red7
17027,2017-03-10,00,03,04,04,05,08,08
17028,2017-03-12,01,02,02,03,07,08,08
17029,2017-03-14,00,01,02,03,06,06,09
17030,2017-03-17,01,01,03,07,07,08,09
17031,2017-03-19,00,00,02,04,04,05,06
17032,2017-03-21,00,01,01,01,03,04,06
17033,2017-03-24,00,01,01,02,03,05,08
17034,2017-03-26,02,02,02,03,05,06,07
17035,2017-03-28,02,03,05,05,06,07,08
17036,2017-03-31,00,02,02,04,06,06,07
17037,2017-04-02,02,03,03,05,06,07,09
17038,2017-04-04,01,04,04,04,05,05,06
17039,2017-04-07,00,00,01,01,02,02,05
17040,2017-04-09,00,02,04,05,06,07,08
17041,2017-04-11,01,05,05,06,06,09,09
17042,2017-04-14,00,04,06,06,06,08,08
17043,2017-04-16,02,02,05,05,07,07,08
17044,2017-04-18,01,06,07,08,08,09,09
17045,2017-04-21,00,00,01,04,05,08,09
17046,2017-04-23,01,02,02,05,05,06,09
17047,2017-04-25,00,03,03,04,05,07,09
17048,2017-04-28,00,02,06,06,07,07,09
17049,2017-04-30,00,01,05,08,08,08,09
17050,2017-05-02,00,02,03,03,05,06,08
17051,2017-05-05,00,01,03,04,05,06,09
17052,2017-05-07,01,03,03,05,05,08,08
17053,2017-05-09,04,05,06,06,06,06,08
17054,2017-05-12,00,01,02,03,06,08,09
17055,2017-05-14,01,02,04,04,04,05,09
17056,2017-05-16,00,01,01,01,04,04,08
17057,2017-05-19,00,01,02,04,05,09,09
17058,2017-05-21,00,01,04,04,04,05,05
17059,2017-05-23,02,02,05,05,05,08,09
17060,2017-05-26,01,03,04,05,06,07,07
17061,2017-05-28,00,05,06,06,07,07,08
17062,2017-05-30,01,02,04,05,05,06,09
17063,2017-06-02,00,03,06,07,08,09,09
17064,2017-06-04,00,00,02,05,05,05,08
17065,2017-06-06,00,06,06,07,08,08,09
17066,2017-06-09,00,04,05,06,07,08,09
17067,2017-06-11,00,00,00,03,03,07,09
17068,2017-06-13,01,03,03,03,05,06,08
17069,2017-06-16,01,02,02,05,06,08,09
17070,2017-06-18,00,00,04,07,07,07,07
17071,2017-06-20,00,01,02,03,04,07,07
17072,2017-06-23,01,04,05,05,06,07,09
17073,2017-06-25,00,00,02,02,03,04,07
17074,2017-06-27,00,02,03,05,06,06,07
17075,2017-06-30,00,01,02,03,03,03,05
17076,2017-07-02,01,02,02,04,08,09,09
17077,2017-07-04,02,02,03,04,06,09,09
17078,2017-07-07,00,00,01,01,03,05,09
17079,2017-07-09,00,01,06,06,08,08,09
17080,2017-07-11,02,03,04,04,04,08,09
17081,2017-07-14,00,02,04,05,06,07,08
17082,2017-07-16,00,01,02,03,06,08,09
17083,2017-07-18,00,00,02,03,05,06,07
17084,2017-07-21,00,02,02,05,06,06,08
17085,2017-07-23,04,04,05,06,07,08,09
17086,2017-07-25,01,02,04,04,06,06,07
17087,2017-07-28,01,01,05,05,07,08,08
17088,2017-07-30,02,03,05,07,08,08,08
17089,2017-08-01,01,02,03,03,05,05,09
17090,2017-08-04,00,00,02,04,05,06,07
17091,2017-08-06,00,02,05,06,06,09,09
17092,2017-08-08,01,02,04,04,05,08,08
17093,2017-08-11,01,01,05,07,08,08,09
17094,2017-08-13,00,02,02,03,06,07,08
17095,2017-08-15,05,06,06,06,07,08,09
17096,2017-08-18,00,03,05,06,06,07,09
17097,2017-08-20,02,04,04,07,08,09,09
17098,2017-08-22,00,03,03,04,05,06,07
17099,2017-08-25,00,01,02,03,05,05,07
17100,2017-08-27,01,03,06,06,08,08,08
17101,2017-08-29,00,05,06,07,07,09,09
17102,2017-09-01,01,04,04,05,05,06,07
17103,2017-09-03,00,02,04,06,07,07,07
17104,2017-09-05,01,01,03,03,04,07,08
17105,2017-09-08,02,03,04,05,06,07,08
17106,2017-09-10,01,02,05,06,06,07,08
17107,2017-09-12,00,01,01,01,04,07,09
17108,2017-09-15,00,00,00,01,02,03,08
17109,2017-09-17,02,03,06,07,08,09,09
17110,2017-09-19,00,00,01,02,03,08,08
17111,2017-09-22,00,00,01,03,04,04,08
17112,2017-09-24,00,03,03,03,04,05,05
17113,2017-09-26,01,02,04,04,06,07,09
17114,2017-09-29,01,01,05,08,08,08,09
17115,2017-10-01,00,02,04,05,07,09,09
17116,2017-10-03,00,02,02,04,07,09,09
17117,2017-10-06,00,03,04,05,05,06,09
17118,2017-10-08,00,01,04,05,06,07,07
17119,2017-10-10,00,02,03,05,06,06,06
17120,2017-10-13,01,02,03,07,08,08,08
17121,2017-10-15,00,01,01,02,05,06,09
17122,2017-10-17,00,00,00,01,02,05,06
17123,2017-10-20,02,02,03,03,03,04,06
17124,2017-10-22,00,01,02,02,02,06,08
17125,2017-10-24,02,03,04,04,04,04,08
17126,2017-10-27,00,02,03,04,05,05,05
17127,2017-10-29,01,02,02,03,03,06,06
17128,2017-10-31,00,00,01,01,02,03,07
17129,2017-11-03,00,00,03,04,07,08,08
17130,2017-11-05,01,01,04,04,06,09,09
17131,2017-11-07,03,04,05,06,07,09,09
17132,2017-11-10,02,03,05,06,06,08,08
17133,2017-11-12,00,02,04,04,06,09,09
17134,2017-11-14,01,02,02,03,06,07,08
17135,2017-11-17,02,03,04,04,06,06,09
17136,2017-11-19,00,01,01,03,04,08,09
17137,2017-11-21,00,02,03,04,05,07,09
17138,2017-11-24,00,02,05,05,06,06,08
17139,2017-11-26,01,01,03,06,07,08,09
17140,2017-11-28,00,00,01,01,06,07,09
17141,2017-12-01,00,00,04,04,05,06,07
17142,2017-12-03,01,02,05,05,08,09,09
17143,2017-12-05,03,04,06,06,06,07,07
17144,2017-12-08,00,02,03,05,05,06,08
17145,2017-12-10,00,00,00,02,04,05,07
17146,2017-12-12,01,02,03,03,04,07,09
17147,2017-12-15,00,01,03,04,04,06,08
17148,2017-12-17,00,00,01,04,05,05,06
17149,2017-12-19,01,01,01,04,06,07,09
17150,2017-12-22,00,02,04,04,05,06,06
17151,2017-12-24,01,02,03,04,06,08,09
17152,2017-12-26,00,04,04,06,06,06,08
17153,2017-12-29,01,02,06,07,08,09,09
17154,2017-12-31,00,02,02,03,05,06,09
18001,2018-01-02,04,05,05,07,08,09,09
18002,2018-01-05,01,01,04,04,05,06,09
18003,2018-01-07,00,02,03,05,05,05,06
18004,2018-01-09,02,02,02,05,07,09,09
18005,2018-01-12,00,02,03,04,05,06,08
18006,2018-01-14,00,01,02,05,05,08,08
18007,2018-01-16,00,01,04,04,04,06,09
18008,2018-01-19,00,04,04,07,07,08,09
18009,2018-01-21,04,06,07,08,08,09,09
18010,2018-01-23,01,01,01,03,05,06,08
18011,2018-01-26,00,01,02,03,08,09,09
18012,2018-01-28,01,02,03,04,05,07,09
18013,2018-01-30,01,02,03,05,06,07,08
18014,2018-02-02,00,01,02,06,07,07,09
18015,2018-02-04,00,02,06,06,07,08,09
18016,2018-02-06,03,03,04,06,07,09,09
18017,2018-02-09,00,01,03,06,07,09,09
18018,2018-02-11,02,03,05,05,08,09,09
18019,2018-02-13,00,01,04,04,05,06,06
18020,2018-02-23,00,01,01,04,05,06,06
18021,2018-02-25,01,03,04,06,06,08,09
18022,2018-02-27,00,01,03,03,04,04,07
18023,2018-03-02,00,01,02,03,04,05,09
18024,2018-03-04,01,02,02,06,07,07,09
18025,2018-03-06,00,05,06,06,07,08,09
18026,2018-03-09,00,00,01,01,03,03,08
18027,2018-03-11,01,05,06,06,07,09,09
18028,2018-03-13,01,06,07,08,08,09,09
18029,2018-03-16,01,01,03,04,06,08,09
18030,2018-03-18,00,00,01,02,03,06,08
18031,2018-03-20,00,01,03,06,07,08,08
18032,2018-03-23,00,01,03,04,08,08,08
18033,2018-03-25,01,01,03,05,06,06,09
18034,2018-03-27,03,03,03,05,07,07,08
18035,2018-03-30,00,02,03,06,06,07,08
18036,2018-04-01,02,03,04,04,04,06,07
18037,2018-04-03,00,02,02,06,08,08,09
18038,2018-04-06,02,03,03,07,08,09,09
18039,2018-04-08,03,03,03,05,06,06,08
18040,2018-04-10,02,03,04,04,05,06,06
18041,2018-04-13,02,03,05,06,08,09,09
18042,2018-04-15,00,01,02,04,04,05,07
18043,2018-04-17,00,00,01,03,05,07,09
18044,2018-04-20,02,03,06,06,07,08,09
18045,2018-04-22,00,00,05,06,06,09,09
18046,2018-04-24,00,02,02,03,04,06,06
18047,2018-04-27,00,00,03,03,04,08,08
18048,2018-04-29,00,00,02,04,08,08,08
18049,2018-05-01,01,01,03,04,05,07,07
18050,2018-05-04,00,01,02,02,03,05,08
18051,2018-05-06,03,03,05,06,06,06,09
18052,2018-05-08,00,03,06,07,07,08,08
18053,2018-05-11,01,02,04,04,05,07,07
18054,2018-05-13,02,04,07,07,07,08,09
18055,2018-05-15,00,01,04,06,08,09,09
18056,2018-05-18,00,02,03,03,04,05,07
18057,2018-05-20,00,00,01,02,04,09,09
18058,2018-05-22,01,04,05,06,07,09,09
18059,2018-05-25,01,03,04,06,06,07,08
18060,2018-05-27,00,02,02,02,07,08,09
18061,2018-05-29,00,00,03,04,06,07,09
18062,2018-06-01,02,03,03,04,06,07,08
18063,2018-06-03,01,01,01,05,05,08,09
18064,2018-06-05,00,01,01,03,04,06,09
18065,2018-06-08,00,00,01,02,03,04,06
18066,2018-06-10,00,00,03,04,05,05,05
18067,2018-06-12,03,04,05,05,06,07,07
18068,2018-06-15,02,04,04,06,07,07,09
18069,2018-06-17,00,00,00,01,03,04,08
18070,2018-06-19,02,04,05,06,06,09,09
18071,2018-06-22,00,00,03,05,06,06,06
18072,2018-06-24,05,05,06,07,07,08,09
18073,2018-06-26,00,00,03,05,06,08,09
18074,2018-06-29,00,01,04,06,07,08,09
18075,2018-07-01,01,02,03,06,06,07,08
18076,2018-07-03,01,01,02,02,03,08,09
18077,2018-07-06,00,01,03,04,05,06,07
18078,2018-07-08,00,01,03,04,04,08,08
18079,2018-07-10,01,01,01,05,05,07,09
18080,2018-07-13,00,03,04,04,04,08,09
18081,2018-07-15,01,04,04,05,06,08,08
18082,2018-07-17,00,01,01,01,02,04,09
18083,2018-07-20,00,01,02,04,06,07,09
18084,2018-07-22,04,04,05,05,07,09,09
18085,2018-07-24,00,00,01,06,06,06,09
18086,2018-07-27,00,00,03,04,06,08,09
18087,2018-07-29,01,03,04,05,06,06,07
18088,2018-07-31,03,04,05,06,07,07,08
18089,2018-08-03,01,01,06,06,07,08,09
18090,2018-08-05,06,06,07,07,08,08,08
18091,2018-08-07,00,01,03,03,03,06,07
18092,2018-08-10,01,02,05,05,07,09,09
18093,2018-08-12,00,01,03,06,08,09,09
18094,2018-08-14,01,02,04,05,06,07,09
18095,2018-08-17,00,00,01,03,06,06,09
18096,2018-08-19,00,00,00,05,05,06,07
18097,2018-08-21,02,03,03,05,07,07,07
18098,2018-08-24,01,02,02,04,06,08,09
18099,2018-08-26,04,05,06,06,07,08,08
18100,2018-08-28,00,04,05,06,07,08,08
18101,2018-08-31,01,05,06,06,08,09,09
18102,2018-09-02,00,01,03,04,05,05,08
18103,2018-09-04,01,03,05,05,07,08,09
18104,2018-09-07,00,01,03,03,04,05,06
18105,2018-09-09,01,01,02,03,05,05,09
18106,2018-09-11,00,01,03,05,08,08,09
18107,2018-09-14,00,02,03,03,04,05,06
18108,2018-09-16,03,03,04,06,06,07,08
18109,2018-09-18,01,03,05,05,07,07,08
18110,2018-09-21,00,02,03,04,04,09,09
18111,2018-09-23,00,01,02,05,05,07,09
18112,2018-09-25,01,03,04,06,08,09,09
18113,2018-09-28,01,03,04,04,05,05,09
18114,2018-09-30,00,03,03,04,05,07,08
18115,2018-10-02,00,00,02,05,06,07,08
18116,2018-10-05,02,04,06,06,08,09,09
18117,2018-10-07,02,02,04,06,08,08,09
18118,2018-10-09,02,04,04,07,08,09,09
18119,2018-10-12,01,03,04,05,07,09,09
18120,2018-10-14,00,01,01,01,01,02,08
18121,2018-10-16,03,04,04,06,06,07,09
18122,2018-10-19,01,02,02,03,03,04,08
18123,2018-10-21,01,03,04,05,08,08,09
18124,2018-10-23,02,02,03,05,06,08,08
18125,2018-10-26,01,01,01,05,05,06,09
18126,2018-10-28,00,00,02,03,05,05,09
18127,2018-10-30,00,01,01,01,02,03,03
18128,2018-11-02,00,01,02,03,04,05,06
18129,2018-11-04,00,01,03,05,06,09,09
18130,2018-11-06,00,01,01,04,06,06,06
18131,2018-11-09,01,01,01,05,09,09,09
18132,2018-11-11,01,03,03,04,06,07,07
18133,2018-11-13,01,03,06,07,07,08,09
18134,2018-11-16,01,03,04,07,08,08,09
18135,2018-11-18,01,01,02,02,05,08,08
18136,2018-11-20,00,00,02,04,06,07,07
18137,2018-11-23,00,01,03,05,06,07,09
18138,2018-11-25,00,00,00,02,08,09,09
18139,2018-11-27,02,03,03,05,07,07,08
18140,2018-11-30,00,01,04,05,05,08,09
18141,2018-12-02,03,03,04,04,05,05,09
18142,2018-12-04,00,00,00,01,04,05,07
18143,2018-12-07,01,02,02,04,06,06,09
18144,2018-12-09,01,01,05,06,06,07,09
18145,2018-12-11,02,02,06,07,08,08,09
18146,2018-12-14,02,05,06,08,09,09,09
18147,2018-12-16,00,00,01,01,04,05,08
18148,2018-12-18,00,02,02,03,03,04,09
18149,2018-12-21,00,02,05,06,06,07,07
18150,2018-12-23,00,00,00,02,02,06,09
18151,2018-12-25,01,04,04,05,07,09,09
18152,2018-12-28,02,02,04,06,07,07,07
18153,2018-12-30,04,05,06,06,07,09,09
19001,2019-01-01,02,05,06,06,06,09,09
19002,2019-01-04,01,01,04,04,05,06,07
19003,2019-01-06,00,04,04,05,05,09,09
19004,2019-01-08,00,02,02,04,04,06,09
19005,2019-01-11,01,02,04,05,06,07,09
19006,2019-01-13,00,02,04,05,05,06,07
19007,2019-01-15,00,02,04,06,08,08,09
19008,2019-01-18,03,04,05,07,07,08,09
19009,2019-01-20,01,01,07,07,08,09,09
19010,2019-01-22,02,02,03,03,08,08,09
19011,2019-01-25,01,03,05,05,07,08,09
19012,2019-01-27,01,01,02,02,04,04,06
19013,2019-01-29,01,02,03,06,07,08,08
19014,2019-02-01,00,03,04,06,06,08,09
19015,2019-02-03,00,02,03,03,07,09,09
19016,2019-02-12,00,00,00,00,02,06,07
19017,2019-02-15,02,03,04,05,05,09,09
19018,2019-02-17,00,01,01,02,04,05,09
19019,2019-02-19,03,04,05,07,07,09,09
19020,2019-02-22,01,01,03,04,06,07,09
19021,2019-02-24,00,00,02,05,05,07,08
19022,2019-02-26,02,04,04,06,07,07,08
19023,2019-03-01,02,03,05,05,05,05,07
19024,2019-03-03,01,02,03,04,05,08,09
19025,2019-03-05,00,03,04,05,06,06,06
19026,2019-03-08,00,03,05,05,07,07,09
19027,2019-03-10,01,02,03,04,08,08,09
19028,2019-03-12,01,01,02,04,05,05,06
19029,2019-03-15,00,03,03,03,04,05,06
19030,2019-03-17,02,03,06,07,07,08,09
19031,2019-03-19,00,01,01,02,03,04,07
19032,2019-03-22,00,02,02,02,02,05,09
19033,2019-03-24,00,00,01,01,02,05,05
19034,2019-03-26,00,00,00,00,02,03,08
19035,2019-03-29,01,03,03,06,07,08,08
19036,2019-03-31,00,00,02,05,05,07,08
19037,2019-04-02,00,01,01,02,03,08,09
19038,2019-04-05,00,00,01,05,07,09,09
19039,2019-04-07,01,02,03,04,07,07,08
19040,2019-04-09,01,02,04,04,08,08,08
19041,2019-04-12,00,01,02,05,05,06,08
19042,2019-04-14,00,02,02,02,06,06,08
19043,2019-04-16,01,03,04,04,07,07,08
19044,2019-04-19,00,00,02,03,06,08,08
19045,2019-04-21,03,07,07,07,08,09,09
19046,2019-04-23,01,01,02,02,05,05,09
19047,2019-04-26,02,03,06,06,07,07,08
19048,2019-04-28,02,02,04,06,08,08,09
19049,2019-04-30,01,02,05,06,08,09,09
19050,2019-05-03,00,00,02,02,06,08,09
19051,2019-05-05,01,02,04,05,07,09,09
19052,2019-05-07,00,03,05,07,08,08,08
19053,2019-05-10,02,03,04,06,07,07,09
19054,2019-05-12,00,01,01,04,06,06,07
19055,2019-05-14,00,05,06,07,07,08,08
19056,2019-05-17,02,04,04,06,06,07,07
19057,2019-05-19,00,02,03,05,07,09,09
19058,2019-05-21,01,05,05,08,08,09,09
19059,2019-05-24,00,00,01,02,06,07,09
19060,2019-05-26,01,02,04,07,08,08,09
19061,2019-05-28,02,06,07,08,08,09,09
19062,2019-05-31,01,02,04,04,05,07,08
19063,2019-06-02,01,02,02,04,06,08,08
19064,2019-06-04,01,01,02,02,03,03,07
19065,2019-06-07,02,02,03,03,04,06,07
19066,2019-06-09,00,01,06,06,07,07,08
19067,2019-06-11,00,04,05,07,08,08,09
19068,2019-06-14,00,03,03,06,06,08,09
19069,2019-06-16,00,01,04,06,06,07,08
19070,2019-06-18,02,02,04,04,07,09,09
19071,2019-06-21,02,02,04,04,08,08,09
19072,2019-06-23,00,01,04,06,06,08,09
19073,2019-06-25,02,02,02,04,05,05,09
19074,2019-06-28,00,00,02,05,05,06,09
19075,2019-06-30,02,03,03,05,05,06,08
19076,2019-07-02,01,01,02,05,07,08,09
19077,2019-07-05,00,01,02,03,04,04,05
19078,2019-07-07,00,00,03,03,04,07,09
19079,2019-07-09,00,02,04,05,05,08,09
19080,2019-07-12,01,01,02,03,05,05,08
19081,2019-07-14,00,01,03,04,05,07,08
19082,2019-07-16,00,03,04,06,07,07,08
19083,2019-07-19,00,01,01,04,05,09,09
19084,2019-07-21,00,00,03,04,06,07,09
19085,2019-07-23,01,01,01,04,07,08,09
19086,2019-07-26,00,02,02,03,03,05,09
19087,2019-07-28,00,00,01,01,03,06,08
19088,2019-07-30,02,06,07,08,09,09,09
19089,2019-08-02,01,02,03,05,06,07,08
19090,2019-08-04,00,00,06,06,06,06,08
19091,2019-08-06,01,03,05,05,07,08,08
19092,2019-08-09,01,01,01,02,07,08,08
19093,2019-08-11,00,04,05,06,07,08,09
19094,2019-08-13,00,03,04,05,05,06,08
19095,2019-08-16,00,03,03,03,06,08,09
19096,2019-08-18,00,02,02,03,04,06,08
19097,2019-08-20,01,04,04,05,05,06,06
19098,2019-08-23,00,00,03,05,06,08,09
19099,2019-08-25,00,01,03,07,07,07,09
19100,2019-08-27,00,06,07,07,08,08,09
19101,2019-08-30,00,02,03,05,05,06,06
19102,2019-09-01,00,00,01,03,05,06,09
19103,2019-09-03,00,01,03,05,06,06,09
19104,2019-09-06,00,04,05,05,06,07,09
19105,2019-09-08,00,02,03,03,03,04,09
19106,2019-09-10,03,03,04,05,06,07,08
19107,2019-09-13,00,00,02,02,03,04,09
19108,2019-09-15,00,00,01,07,08,09,09
19109,2019-09-17,02,03,04,08,08,09,09
19110,2019-09-20,02,02,03,06,08,09,09
19111,2019-09-22,00,00,02,02,03,05,05
19112,2019-09-24,01,01,02,04,07,08,09
19113,2019-09-27,04,04,05,06,08,09,09
19114,2019-09-29,00,02,04,07,07,09,09
19115,2019-10-08,03,04,05,06,06,08,08
19116,2019-10-11,00,00,03,03,05,08,08
19117,2019-10-13,00,01,02,03,07,07,09
19118,2019-10-15,01,02,03,07,07,08,09
19119,2019-10-18,01,02,02,05,07,09,09
19120,2019-10-20,00,00,02,03,04,06,08
19121,2019-10-22,03,03,04,07,08,09,09
19122,2019-10-25,00,00,06,07,08,09,09
19123,2019-10-27,00,01,02,03,05,07,08
19124,2019-10-29,01,01,05,05,06,08,09
19125,2019-11-01,02,04,04,07,08,09,09
19126,2019-11-03,00,03,03,04,06,07,07
19127,2019-11-05,01,02,03,04,08,08,09
19128,2019-11-08,04,05,05,06,08,09,09
19129,2019-11-10,00,00,01,02,02,03,08
19130,2019-11-12,00,00,02,05,06,07,09
19131,2019-11-15,01,02,03,04,08,08,09
19132,2019-11-17,00,01,02,03,06,08,08
19133,2019-11-19,03,03,05,05,05,05,09
19134,2019-11-22,00,02,03,03,04,04,07
19135,2019-11-24,02,05,06,06,07,07,09
19136,2019-11-26,03,05,05,05,07,07,09
19137,2019-11-29,02,02,04,04,06,08,09
19138,2019-12-01,01,05,05,05,07,09,09
19139,2019-12-03,00,01,02,05,06,06,06
19140,2019-12-06,00,00,02,05,07,08,08
19141,2019-12-08,00,00,01,01,03,07,09
19142,2019-12-10,00,01,03,03,04,05,07
19143,2019-12-13,00,03,03,05,05,08,08
19144,2019-12-15,01,01,04,04,07,08,08
19145,2019-12-17,01,03,03,06,08,09,09
19146,2019-12-20,02,04,04,05,06,06,09
19147,2019-12-22,01,01,04,06,06,08,09
19148,2019-12-24,01,02,07,08,08,08,09
19149,2019-12-27,00,01,03,04,05,05,06
19150,2019-12-29,01,03,05,05,07,09,09
19151,2019-12-31,00,01,01,03,04,04,07
20001,2020-01-03,01,04,05,06,07,09,09
20002,2020-01-05,00,01,01,02,02,03,08
20003,2020-01-07,02,02,02,04,05,07,09
20004,2020-01-10,01,03,05,07,08,09,09
20005,2020-01-12,00,00,04,05,05,08,09
20006,2020-01-14,00,00,08,08,09,09,09
20007,2020-01-17,00,01,03,04,04,08,09
20008,2020-01-19,00,00,02,04,06,07,08
20009,2020-01-21,01,02,04,04,04,06,07
20010,2020-03-13,01,01,03,03,03,04,07
20011,2020-03-15,05,06,07,07,08,08,08
20012,2020-03-17,01,02,03,04,06,07,08
20013,2020-03-20,00,01,01,04,05,05,08
20014,2020-03-22,00,00,02,04,04,06,06
20015,2020-03-24,00,02,02,02,05,06,08
20016,2020-03-27,01,01,02,03,06,06,08
20017,2020-03-29,03,04,05,05,05,07,07
20018,2020-03-31,01,03,03,03,06,08,09
20019,2020-04-03,00,01,02,04,04,07,08
20020,2020-04-05,01,02,02,03,03,07,09
20021,2020-04-07,00,01,01,03,04,07,08
20022,2020-04-10,00,00,01,03,05,06,07
20023,2020-04-12,00,03,03,05,05,06,07
20024,2020-04-14,00,01,01,05,05,07,08
20025,2020-04-17,01,01,02,03,05,05,07
20026,2020-04-19,02,03,03,04,09,09,09
20027,2020-04-21,02,04,04,06,07,08,09
20028,2020-04-24,01,01,03,04,07,08,08
20029,2020-04-26,00,01,02,02,04,06,07
20030,2020-04-28,01,01,02,02,02,03,08
20031,2020-05-01,02,02,03,05,05,05,07
20032,2020-05-03,02,02,03,03,03,06,09
20033,2020-05-05,00,03,04,05,07,08,09
20034,2020-05-08,00,02,03,04,08,09,09
20035,2020-05-10,01,01,02,03,03,04,08
20036,2020-05-12,02,05,06,06,07,07,09
20037,2020-05-15,00,02,03,05,05,07,09
20038,2020-05-17,00,03,03,04,05,06,08
20039,2020-05-19,02,03,03,06,07,07,07
20040,2020-05-22,02,03,04,05,08,08,09
20041,2020-05-24,01,03,04,05,07,09,09
20042,2020-05-26,00,01,02,02,03,03,08
20043,2020-05-29,00,05,06,07,07,07,08
20044,2020-05-31,01,02,04,07,07,07,09
20045,2020-06-02,00,02,03,04,04,05,08
20046,2020-06-05,00,00,02,04,05,05,09
20047,2020-06-07,01,04,05,07,08,08,09
20048,2020-06-09,01,02,03,05,06,06,07
20049,2020-06-12,00,00,01,03,03,05,08
20050,2020-06-14,04,04,04,04,06,07,08
20051,2020-06-16,00,01,02,03,03,03,09
20052,2020-06-19,03,03,04,05,06,08,09
20053,2020-06-21,00,02,03,03,05,08,09
20054,2020-06-23,02,02,05,06,07,08,08
20055,2020-06-26,00,02,04,05,06,07,09
20056,2020-06-28,02,03,05,05,05,06,08
20057,2020-06-30,01,02,03,03,03,07,08
20058,2020-07-03,00,01,03,03,05,08,08
20059,2020-07-05,02,05,06,08,08,08,09
20060,2020-07-07,00,01,02,04,04,07,09
20061,2020-07-10,01,01,01,04,05,07,09
20062,2020-07-12,01,03,04,04,06,09,09
20063,2020-07-14,00,02,03,03,05,07,08
20064,2020-07-17,02,04,04,04,05,06,08
20065,2020-07-19,02,04,05,06,06,08,09
20066,2020-07-21,02,03,03,04,08,08,08
20067,2020-07-24,01,02,05,05,06,08,09
20068,2020-07-26,00,04,05,06,08,08,09
20069,2020-07-28,01,01,01,03,04,05,05
20070,2020-07-31,02,04,06,07,07,08,08
20071,2020-08-02,01,01,03,04,05,07,07
20072,2020-08-04,00,01,01,03,04,07,09
20073,2020-08-07,00,01,04,05,05,06,09
20074,2020-08-09,02,03,07,07,08,09,09
20075,2020-08-11,00,03,05,05,05,07,09
20076,2020-08-14,00,04,07,08,08,09,09
20077,2020-08-16,00,00,01,06,07,08,09
20078,2020-08-18,01,01,02,03,05,06,06
20079,2020-08-21,00,00,01,03,04,06,09
20080,2020-08-23,03,05,06,06,08,08,08
20081,2020-08-25,00,01,05,05,07,09,09
20082,2020-08-28,00,00,01,01,04,04,05
20083,2020-08-30,01,01,02,03,04,04,08
20084,2020-09-01,01,02,04,04,05,05,08
20085,2020-09-04,01,04,05,05,09,09,09
20086,2020-09-06,02,02,03,04,07,08,09
20087,2020-09-08,00,01,01,02,03,08,09
20088,2020-09-11,05,05,05,07,08,08,09
20089,2020-09-13,03,03,03,06,06,08,09
20090,2020-09-15,01,01,02,05,06,07,08
20091,2020-09-18,02,03,03,03,03,06,09
20092,2020-09-20,02,03,06,07,08,08,09
20093,2020-09-22,00,00,00,03,05,06,09
20094,2020-09-25,00,04,05,05,06,08,09
20095,2020-09-27,02,02,02,02,05,08,08
20096,2020-09-29,02,03,04,05,06,07,09
20097,2020-10-06,00,03,04,07,09,09,09
20098,2020-10-09,00,01,01,02,02,06,09
20099,2020-10-11,00,01,01,02,03,05,08
20100,2020-10-13,00,00,01,02,05,06,07
20101,2020-10-16,03,03,04,05,06,09,12
20102,2020-10-18,03,03,03,03,05,09,09
20103,2020-10-20,00,01,03,05,06,06,08
20104,2020-10-23,00,00,01,03,05,09,09
20105,2020-10-25,01,01,02,04,04,07,08
20106,2020-10-27,00,01,01,03,08,08,09
20107,2020-10-30,00,02,03,03,07,08,09
20108,2020-11-01,00,01,02,03,03,05,06
20109,2020-11-03,01,01,03,04,08,09,09
20110,2020-11-06,02,04,05,05,06,07,08
20111,2020-11-08,00,03,03,05,08,09,14
20112,2020-11-10,00,04,04,04,04,06,09
20113,2020-11-13,00,00,03,04,04,08,09
20114,2020-11-15,00,03,04,05,07,08,08
20115,2020-11-17,01,03,04,04,05,08,08
20116,2020-11-20,00,01,03,03,07,09,10
20117,2020-11-22,00,00,05,05,06,07,09
20118,2020-11-24,01,01,05,06,07,08,14
20119,2020-11-27,02,02,02,02,03,07,07
20120,2020-11-29,00,00,04,04,05,08,14
20121,2020-12-01,01,02,04,07,08,09,09
20122,2020-12-04,00,01,06,07,08,09,09
20123,2020-12-06,01,01,04,04,06,07,07
20124,2020-12-08,00,01,02,04,05,09,11
20125,2020-12-11,01,01,01,04,06,07,09
20126,2020-12-13,01,03,03,07,08,09,13
20127,2020-12-15,02,03,05,05,08,08,13
20128,2020-12-18,01,01,02,04,07,08,09
20129,2020-12-20,01,03,05,07,08,08,09
20130,2020-12-22,00,03,04,05,06,08,09
20131,2020-12-25,00,00,03,05,08,08,09
20132,2020-12-27,02,05,05,06,07,09,09
20133,2020-12-29,00,01,02,05,09,09,12
21001,2021-01-01,00,01,02,03,05,05,13
21002,2021-01-03,00,00,07,07,07,08,08
21003,2021-01-05,01,02,03,07,08,09,14
21004,2021-01-08,00,00,01,04,07,08,09
21005,2021-01-10,00,00,00,03,05,07,09
21006,2021-01-12,02,02,03,04,05,09,13
21007,2021-01-15,00,01,01,02,08,09,12
21008,2021-01-17,00,03,04,05,07,07,14
21009,2021-01-19,00,05,07,08,08,09,09
21010,2021-01-22,01,04,05,05,06,07,08
21011,2021-01-24,00,03,04,05,05,06,06
21012,2021-01-26,00,00,01,01,03,07,09
21013,2021-01-29,00,02,04,04,06,07,09
21014,2021-01-31,01,02,06,07,07,07,11
21015,2021-02-02,04,05,06,07,07,08,11
21016,2021-02-05,01,02,04,05,07,08,09
21017,2021-02-07,00,02,02,05,07,09,11
21018,2021-02-19,00,01,02,07,07,08,09
21019,2021-02-21,00,02,04,05,06,08,09
21020,2021-02-23,00,00,03,04,09,09,14
21021,2021-02-26,02,04,05,05,08,08,08
21022,2021-02-28,00,00,02,02,05,06,09
21023,2021-03-02,02,03,07,09,09,09,14
21024,2021-03-05,01,02,03,05,05,06,07
21025,2021-03-07,00,00,01,04,04,08,10
21026,2021-03-09,01,02,03,04,07,09,09
21027,2021-03-12,00,02,03,03,06,07,09
21028,2021-03-14,03,04,04,04,05,06,09
21029,2021-03-16,00,04,04,05,05,06,08
21030,2021-03-19,00,02,02,03,06,09,10
21031,2021-03-21,01,01,06,06,07,08,08
21032,2021-03-23,00,00,02,02,04,05,05
21033,2021-03-26,00,02,03,06,07,07,09
21034,2021-03-28,01,01,02,03,03,03,05
21035,2021-03-30,01,03,04,05,06,07,08
21036,2021-04-02,01,02,02,03,03,05,09
21037,2021-04-04,00,00,01,02,07,08,13
21038,2021-04-06,01,01,01,04,05,08,11
21039,2021-04-09,00,00,02,04,07,08,14
21040,2021-04-11,00,03,04,05,09,09,12
21041,2021-04-13,00,02,07,08,08,09,14
21042,2021-04-16,01,02,03,06,07,09,09
21043,2021-04-18,00,01,02,03,04,05,06
21044,2021-04-20,00,03,04,04,05,06,09
21045,2021-04-23,00,00,02,02,06,08,14
21046,2021-04-25,03,03,05,05,09,09,14
21047,2021-04-27,00,01,03,04,08,09,13
21048,2021-04-30,01,02,02,03,05,06,09
21049,2021-05-02,00,03,04,04,04,05,14
21050,2021-05-04,00,00,01,02,03,03,09
21051,2021-05-07,00,00,03,04,06,09,14
21052,2021-05-09,03,03,05,05,07,08,14
21053,2021-05-11,01,03,04,04,06,06,11
21054,2021-05-14,04,04,04,06,06,09,09
21055,2021-05-16,01,03,04,05,07,08,14
21056,2021-05-18,00,00,01,03,03,08,11
21057,2021-05-21,01,01,02,05,06,07,08
21058,2021-05-23,01,01,04,04,05,07,12
21059,2021-05-25,02,06,06,06,08,09,14
21060,2021-05-28,00,04,04,05,06,07,08
21061,2021-05-30,00,02,04,04,05,06,08
21062,2021-06-01,01,01,02,06,07,08,08
21063,2021-06-04,02,03,04,05,08,09,09
21064,2021-06-06,00,02,02,03,05,05,05
21065,2021-06-08,00,04,06,07,08,08,10
21066,2021-06-11,00,01,02,04,04,05,09
21067,2021-06-13,00,01,03,07,08,08,08
21068,2021-06-15,01,04,05,08,08,08,14
21069,2021-06-18,02,02,03,04,05,05,09
21070,2021-06-20,00,02,03,03,06,09,11
21071,2021-06-22,03,03,05,06,07,07,11
21072,2021-06-25,02,04,05,05,07,08,11
21073,2021-06-27,03,03,03,04,05,05,09
21074,2021-06-29,00,01,02,02,05,07,12
21075,2021-07-02,01,02,04,05,07,09,10
21076,2021-07-04,00,00,01,03,06,08,08
21077,2021-07-06,01,02,02,06,06,08,11
21078,2021-07-09,00,01,03,03,07,07,08
21079,2021-07-11,00,01,01,02,05,08,11
21080,2021-07-13,02,02,02,04,07,07,08
21081,2021-07-16,00,02,03,03,04,05,07
21082,2021-07-18,01,03,04,05,05,05,07
21083,2021-07-20,04,07,08,08,09,09,13
21084,2021-07-23,00,01,03,04,06,06,07
21085,2021-07-25,00,02,03,03,05,07,09
21086,2021-07-27,00,00,01,01,02,04,09
21087,2021-07-30,02,03,03,06,08,08,09
21088,2021-08-01,02,05,05,05,06,07,09
21089,2021-08-03,03,03,05,08,08,09,10
21090,2021-08-06,00,02,04,06,06,07,08
21091,2021-08-08,03,04,05,06,07,08,09
21092,2021-08-10,01,02,07,09,09,09,14
21093,2021-08-13,03,05,06,07,07,08,09
21094,2021-08-15,01,01,01,04,05,07,08
21095,2021-08-17,04,05,06,06,06,07,07
21096,2021-08-20,00,03,05,05,06,09,13
21097,2021-08-22,00,00,04,04,05,05,05
21098,2021-08-24,00,01,05,06,07,07,09
21099,2021-08-27,00,00,03,04,07,07,08
21100,2021-08-29,00,02,03,05,05,09,14
21101,2021-08-31,00,01,05,06,08,08,10
21102,2021-09-03,01,01,04,04,06,06,07
21103,2021-09-05,03,05,05,06,08,09,09
21104,2021-09-07,00,01,02,05,07,08,09
21105,2021-09-10,01,02,02,03,03,08,08
21106,2021-09-12,00,02,04,05,07,08,09
21107,2021-09-14,00,01,02,03,03,09,09
21108,2021-09-17,00,00,04,07,07,08,08
21109,2021-09-19,00,03,04,04,07,09,13
21110,2021-09-21,01,04,06,07,07,09,09
21111,2021-09-24,00,01,05,05,09,09,09
21112,2021-09-26,00,01,02,04,06,06,06
21113,2021-09-28,00,00,01,04,05,05,08
21114,2021-10-05,00,01,04,07,08,08,14
21115,2021-10-08,00,03,05,06,07,08,11
21116,2021-10-10,00,00,03,04,07,07,07
21117,2021-10-12,01,06,06,07,09,09,09
21118,2021-10-15,00,01,02,03,06,07,08
21119,2021-10-17,02,05,06,06,08,09,14
21120,2021-10-19,01,03,03,04,07,08,10
21121,2021-10-22,00,02,05,05,07,08,09
21122,2021-10-24,01,03,06,06,08,08,08
21123,2021-10-26,00,00,00,02,02,04,07
21124,2021-10-29,01,01,02,03,04,07,12
21125,2021-10-31,00,03,05,06,07,07,11
21126,2021-11-02,01,02,06,07,08,08,09
21127,2021-11-05,00,02,02,03,03,04,09
21128,2021-11-07,00,01,04,05,06,07,09
21129,2021-11-09,01,01,01,03,07,07,08
21130,2021-11-12,01,01,03,04,05,05,06
21131,2021-11-14,01,02,02,04,06,09,09
21132,2021-11-16,00,00,01,01,02,06,06
21133,2021-11-19,00,01,02,02,05,07,11
21134,2021-11-21,01,02,02,03,08,08,09
21135,2021-11-23,02,03,03,03,04,06,09
21136,2021-11-26,00,02,02,03,05,05,07
21137,2021-11-28,02,03,04,05,06,06,11
21138,2021-11-30,02,03,06,06,06,09,09
21139,2021-12-03,00,00,02,03,06,08,14
21140,2021-12-05,00,01,02,07,07,08,09
21141,2021-12-07,00,00,00,04,04,07,13
21142,2021-12-10,00,01,01,02,03,04,13
21143,2021-12-12,00,04,05,06,06,08,10
21144,2021-12-14,02,03,04,04,07,08,09
21145,2021-12-17,00,00,02,03,04,06,07
21146,2021-12-19,00,00,01,01,03,08,11
21147,2021-12-21,00,01,02,03,06,07,09
21148,2021-12-24,00,00,02,04,04,04,06
21149,2021-12-26,00,00,07,07,08,08,09
21150,2021-12-28,03,04,05,06,08,08,08
21151,2021-12-31,01,01,03,06,06,06,13
22001,2022-01-02,01,03,04,05,06,07,14
22002,2022-01-04,03,06,06,06,08,08,13
22003,2022-01-07,00,03,03,04,05,07,09
22004,2022-01-09,00,02,04,04,06,09,11
22005,2022-01-11,03,04,05,08,09,09,12
22006,2022-01-14,00,05,07,08,08,08,09
22007,2022-01-16,01,01,02,06,07,08,09
22008,2022-01-18,02,05,05,06,06,07,08
22009,2022-01-21,03,04,05,06,08,08,09
22010,2022-01-23,00,01,01,03,05,08,09
22011,2022-01-25,00,02,02,08,09,09,10
22012,2022-01-28,01,02,02,03,03,08,09
22013,2022-02-08,04,05,05,06,06,07,08
22014,2022-02-11,01,02,03,03,05,06,08
22015,2022-02-13,01,01,02,08,08,09,09
22016,2022-02-15,04,05,06,06,06,06,09
22017,2022-02-18,00,04,05,07,08,09,13
22018,2022-02-20,00,03,04,04,07,07,09
22019,2022-02-22,00,00,03,06,06,08,08
22020,2022-02-25,00,01,02,05,05,06,09
22021,2022-02-27,00,00,01,02,03,06,09
22022,2022-03-01,00,01,01,04,04,08,12
22023,2022-03-04,01,02,02,03,05,07,11
22024,2022-03-06,02,03,05,05,06,08,12
22025,2022-03-08,00,03,04,06,06,06,06
22026,2022-03-11,01,01,01,04,06,07,08
22027,2022-03-13,01,01,02,03,03,07,09
22028,2022-03-15,01,01,01,02,04,05,08
22029,2022-03-18,01,01,03,05,06,06,07
22030,2022-03-20,02,02,04,05,08,08,09
22031,2022-03-22,00,01,05,07,07,08,08
22032,2022-03-25,01,02,03,08,09,09,13
22033,2022-03-27,01,01,03,05,05,08,13
22034,2022-03-29,00,00,03,04,05,06,09
22035,2022-04-01,01,02,03,05,06,08,09
22036,2022-04-03,00,01,01,02,03,06,09
22037,2022-04-05,00,01,02,03,03,05,09
22038,2022-04-08,01,05,05,07,07,09,12
22039,2022-04-10,00,03,03,03,06,09,09
22040,2022-04-12,00,02,05,08,08,09,09
22041,2022-04-15,01,02,03,04,05,06,09
22042,2022-04-17,00,01,02,04,05,06,09
22043,2022-04-19,02,04,05,05,06,06,06
22044,2022-04-22,00,05,05,06,06,09,09
22045,2022-04-24,00,00,04,05,06,08,09
22046,2022-04-26,00,01,01,03,04,05,08
22047,2022-04-29,01,02,03,05,06,09,09
22048,2022-05-01,03,03,04,05,06,09,14
22049,2022-05-03,00,00,01,04,05,07,09
22050,2022-05-06,00,02,03,04,04,05,05
22051,2022-05-08,02,04,06,06,08,08,08
22052,2022-05-10,01,03,05,06,07,09,11
22053,2022-05-13,00,02,03,04,05,09,13
22054,2022-05-15,01,01,03,03,07,07,09
22055,2022-05-17,01,02,03,04,06,09,13
22056,2022-05-20,00,03,05,05,06,06,14
22057,2022-05-22,00,05,06,06,08,08,09
22058,2022-05-24,00,01,04,04,04,07,14
22059,2022-05-27,01,01,03,03,04,06,09
22060,2022-05-29,01,01,03,04,04,09,09
22061,2022-05-31,01,04,05,05,06,06,13
22062,2022-06-03,00,00,01,02,03,03,04
22063,2022-06-05,01,02,06,07,07,09,09
22064,2022-06-07,00,03,03,03,06,07,08
22065,2022-06-10,01,04,04,04,07,08,08
22066,2022-06-12,00,01,02,02,07,08,13
22067,2022-06-14,00,01,03,05,06,08,13
22068,2022-06-17,01,03,04,06,08,08,09
22069,2022-06-19,00,01,03,03,05,07,13
22070,2022-06-21,01,05,06,06,08,09,09
22071,2022-06-24,01,02,02,06,07,07,12
22072,2022-06-26,01,03,03,04,08,09,09
22073,2022-06-28,01,03,03,06,08,08,13
22074,2022-07-01,00,01,01,02,03,09,14
22075,2022-07-03,00,03,03,05,08,08,09
22076,2022-07-05,01,03,05,05,07,08,08
22077,2022-07-08,00,00,01,03,05,06,11
22078,2022-07-10,02,02,04,06,08,08,09
22079,2022-07-12,00,03,03,04,05,06,09
22080,2022-07-15,00,00,03,08,09,09,13
22081,2022-07-17,00,02,02,05,05,06,06
22082,2022-07-19,00,02,05,07,08,09,09
22083,2022-07-22,01,02,03,04,05,09,12
22084,2022-07-24,02,02,04,08,09,09,11
22085,2022-07-26,00,05,06,07,07,07,08
22086,2022-07-29,02,03,04,04,06,06,09
22087,2022-07-31,00,03,07,07,08,09,13
22088,2022-08-02,02,04,06,06,06,06,09
22089,2022-08-05,01,03,07,07,08,09,13
22090,2022-08-07,02,02,02,04,04,04,06
22091,2022-08-09,00,01,02,07,07,09,09
22092,2022-08-12,03,04,05,07,07,08,08
22093,2022-08-14,00,01,04,04,07,07,07
22094,2022-08-16,01,01,03,03,04,06,14
22095,2022-08-19,00,01,03,05,06,07,14
22096,2022-08-21,00,01,06,07,07,08,10
22097,2022-08-23,00,01,02,05,05,06,11
22098,2022-08-26,01,04,04,05,06,08,12
22099,2022-08-28,00,02,04,07,09,09,10
22100,2022-08-30,00,02,04,05,06,06,07
22101,2022-09-02,00,03,06,07,07,09,11
22102,2022-09-04,00,02,05,05,07,07,09
22103,2022-09-06,00,00,02,02,02,03,12
22104,2022-09-09,00,01,02,03,05,06,09
22105,2022-09-11,02,03,04,04,04,06,09
22106,2022-09-13,00,00,03,05,07,08,09
22107,2022-09-16,01,03,04,05,06,07,09
22108,2022-09-18,02,02,05,07,07,08,10
22109,2022-09-20,00,04,06,08,08,09,14
22110,2022-09-23,00,01,04,07,07,08,12
22111,2022-09-25,00,00,00,02,05,05,05
22112,2022-09-27,00,01,01,02,08,09,11
22113,2022-09-30,01,03,06,07,07,07,09
22114,2022-10-07,02,05,06,08,08,09,13
22115,2022-10-09,00,02,03,04,05,08,13
22116,2022-10-11,01,02,04,05,07,09,09
22117,2022-10-14,01,02,03,05,05,06,09
22118,2022-10-16,00,01,01,07,07,08,12
22119,2022-10-18,00,01,05,06,07,08,08
22120,2022-10-21,00,03,04,06,07,08,09
22121,2022-10-23,02,03,04,06,08,09,11
22122,2022-10-25,02,04,04,05,06,07,09
22123,2022-10-28,01,04,04,06,08,09,12
22124,2022-10-30,00,03,04,04,05,08,09
22125,2022-11-01,00,01,04,05,05,09,14
22126,2022-11-04,03,03,03,04,04,05,13
22127,2022-11-06,00,00,04,07,08,09,13
22128,2022-11-08,01,02,03,06,07,09,12
22129,2022-11-11,00,03,03,04,07,07,08
22130,2022-11-13,00,03,04,04,07,08,08
22131,2022-11-15,00,01,02,02,05,06,08
22132,2022-11-18,01,02,02,04,07,08,09
22133,2022-11-20,01,01,04,04,06,07,08
22134,2022-11-22,02,04,06,06,07,07,09
22135,2022-11-25,00,01,03,07,08,08,11
22136,2022-11-27,02,02,03,04,05,05,12
22137,2022-11-29,00,02,03,04,09,09,09
22138,2022-12-02,01,01,04,04,05,06,08
22139,2022-12-04,01,03,03,03,04,06,09
22140,2022-12-06,00,02,04,04,08,08,10
22141,2022-12-09,00,00,03,06,06,07,13
22142,2022-12-11,00,02,03,03,06,07,12
22143,2022-12-13,00,02,04,05,06,06,08
22144,2022-12-16,02,05,07,07,07,08,09
22145,2022-12-18,01,03,06,06,07,08,08
22146,2022-12-20,00,01,01,01,02,04,05
22147,2022-12-23,01,03,04,07,07,07,08
22148,2022-12-25,01,02,03,03,07,09,09
22149,2022-12-27,02,02,03,04,06,08,09
22150,2022-12-30,00,00,06,09,09,09,13
23001,2023-01-01,00,03,05,07,08,09,12
23002,2023-01-03,00,03,04,04,08,09,10
23003,2023-01-06,00,00,01,02,09,09,10
23004,2023-01-08,01,02,05,07,07,07,09
23005,2023-01-10,00,00,02,02,04,06,11
23006,2023-01-13,00,01,04,04,04,09,09
23007,2023-01-15,00,02,02,05,07,07,08
23008,2023-01-17,02,02,03,07,08,08,11
23009,2023-01-29,00,02,02,02,04,04,14
23010,2023-01-31,02,03,03,04,05,09,09
23011,2023-02-03,01,05,06,07,08,09,09
23012,2023-02-05,00,00,00,03,04,06,07
23013,2023-02-07,01,02,04,04,05,08,13
23014,2023-02-10,01,01,02,04,05,06,11
23015,2023-02-12,02,03,05,07,07,09,09
23016,2023-02-14,01,02,05,07,08,08,10
23017,2023-02-17,01,02,05,06,06,07,09
23018,2023-02-19,00,02,02,03,04,04,08
23019,2023-02-21,01,02,04,06,07,07,07
23020,2023-02-24,02,02,03,04,05,05,09
23021,2023-02-26,01,02,06,06,06,07,08
23022,2023-02-28,06,07,07,07,09,09,11
23023,2023-03-03,00,00,05,05,06,08,12
23024,2023-03-05,00,01,02,06,06,08,09
23025,2023-03-07,03,03,04,05,07,08,09
23026,2023-03-10,00,02,02,03,03,04,07
23027,2023-03-12,04,06,06,08,08,09,12
23028,2023-03-14,00,01,01,02,05,06,13
23029,2023-03-17,00,00,03,04,06,07,08
23030,2023-03-19,01,01,04,04,05,08,10
23031,2023-03-21,00,02,04,05,06,07,10
23032,2023-03-24,00,00,01,04,04,08,10
23033,2023-03-26,01,02,06,06,08,08,14
23034,2023-03-28,00,02,04,05,06,07,13
23035,2023-03-31,01,01,01,02,03,06,07
23036,2023-04-02,00,05,06,08,09,09,12
23037,2023-04-04,00,00,01,05,06,09,09
23038,2023-04-07,01,01,03,05,05,08,08
23039,2023-04-09,00,00,03,04,05,07,07
23040,2023-04-11,01,02,03,04,05,06,08
23041,2023-04-14,00,00,01,04,05,06,08
23042,2023-04-16,00,00,00,02,05,05,06
23043,2023-04-18,01,03,03,04,05,08,09
23044,2023-04-21,01,03,03,05,05,08,08
23045,2023-04-23,00,01,03,03,04,05,05
23046,2023-04-25,01,02,03,04,08,08,12
23047,2023-04-28,00,00,00,01,05,05,09
23048,2023-04-30,00,01,01,07,07,08,12
23049,2023-05-02,01,05,06,07,08,09,09
23050,2023-05-05,00,03,04,07,07,08,09
23051,2023-05-07,00,00,02,03,05,05,09
23052,2023-05-09,01,01,03,06,07,07,07
23053,2023-05-12,02,03,04,05,05,07,07
23054,2023-05-14,02,07,08,09,09,09,09
23055,2023-05-16,00,05,06,06,07,07,08
23056,2023-05-19,04,06,07,08,08,08,13
23057,2023-05-21,00,01,02,04,04,05,08
23058,2023-05-23,01,02,05,07,08,09,12
23059,2023-05-26,00,02,02,03,06,07,07
23060,2023-05-28,01,02,04,07,08,09,13
23061,2023-05-30,01,01,02,04,04,07,09
23062,2023-06-02,02,02,05,06,06,09,09
23063,2023-06-04,01,02,02,03,05,06,09
23064,2023-06-06,00,01,02,05,06,07,07
23065,2023-06-09,00,02,03,06,06,09,09
23066,2023-06-11,02,02,03,03,04,05,08
23067,2023-06-13,00,00,01,02,03,06,09
23068,2023-06-16,00,00,01,01,01,09,11
23069,2023-06-18,02,02,04,05,07,08,08
23070,2023-06-20,02,02,06,07,08,09,09
23071,2023-06-23,01,02,03,04,04,09,09
23072,2023-06-25,00,02,04,05,07,08,08
23073,2023-06-27,00,00,03,07,07,07,09
23074,2023-06-30,00,01,02,03,06,08,12
23075,2023-07-02,01,01,02,03,04,05,09
23076,2023-07-04,02,03,04,05,08,09,09
23077,2023-07-07,00,01,04,07,07,08,14
23078,2023-07-09,01,02,03,04,04,05,07
23079,2023-07-11,02,04,05,05,07,08,09
23080,2023-07-14,01,04,06,07,08,08,10
23081,2023-07-16,00,01,01,03,07,09,14
23082,2023-07-18,03,03,04,06,08,08,11
23083,2023-07-21,01,02,03,04,04,09,09
23084,2023-07-23,00,00,01,05,07,08,10
23085,2023-07-25,03,04,06,07,07,08,09
23086,2023-07-28,00,02,05,05,07,08,09
23087,2023-07-30,01,01,01,03,04,06,14
23088,2023-08-01,00,02,05,05,06,07,10
23089,2023-08-04,01,02,02,03,04,05,08
23090,2023-08-06,01,03,03,07,08,09,12
23091,2023-08-08,03,03,04,05,09,09,09
23092,2023-08-11,01,01,01,02,02,05,06
23093,2023-08-13,00,00,01,02,03,07,08
23094,2023-08-15,02,02,02,03,04,06,08
23095,2023-08-18,03,03,07,07,09,09,11
23096,2023-08-20,02,04,04,05,06,08,11
23097,2023-08-22,03,04,05,06,06,07,14
23098,2023-08-25,00,01,01,04,06,09,09
23099,2023-08-27,03,04,05,05,06,09,14
23100,2023-08-29,01,03,03,04,06,09,09
23101,2023-09-01,02,05,06,06,06,08,09
23102,2023-09-03,00,00,01,03,04,05,09
23103,2023-09-05,00,03,04,05,08,09,11
23104,2023-09-08,02,04,04,08,08,09,10
23105,2023-09-10,00,01,02,03,06,07,09
23106,2023-09-12,00,01,02,05,05,07,08
23107,2023-09-15,00,00,02,04,05,05,06
23108,2023-09-17,00,01,08,09,09,09,13
23109,2023-09-19,00,01,03,03,07,08,09
23110,2023-09-22,00,01,03,03,04,05,06
23111,2023-09-24,03,04,05,08,08,08,14
23112,2023-09-26,01,01,06,08,08,08,09
23113,2023-09-29,00,01,02,03,05,08,09
23114,2023-10-06,01,01,03,03,05,06,14
23115,2023-10-08,00,00,01,07,07,08,10
23116,2023-10-10,01,02,03,05,05,05,06
23117,2023-10-13,02,03,04,05,06,08,09
23118,2023-10-15,00,04,04,04,04,05,11
23119,2023-10-17,01,02,05,05,09,09,10
23120,2023-10-20,03,06,06,07,08,09,14
23121,2023-10-22,03,04,05,06,08,08,10
23122,2023-10-24,01,03,05,06,08,09,12
23123,2023-10-27,02,02,03,03,04,05,11
23124,2023-10-29,00,01,03,05,08,08,09
23125,2023-10-31,00,01,05,06,07,08,09
23126,2023-11-03,01,02,03,06,08,09,10
23127,2023-11-05,01,01,03,05,07,07,09
23128,2023-11-07,01,02,02,04,05,07,11
23129,2023-11-10,00,04,04,04,04,05,11
23130,2023-11-12,00,05,06,07,08,09,12
23131,2023-11-14,02,02,03,04,04,05,07
23132,2023-11-17,00,01,02,03,07,07,09
23133,2023-11-19,03,03,04,05,06,09,10
23134,2023-11-21,00,05,06,08,09,09,11
23135,2023-11-24,04,05,05,05,06,09,09
23136,2023-11-26,01,01,05,07,07,09,09
23137,2023-11-28,04,06,06,07,07,08,13
23138,2023-12-01,02,04,05,06,07,07,07
23139,2023-12-03,01,01,04,04,06,06,09
23140,2023-12-05,00,00,00,02,03,06,09
23141,2023-12-08,01,02,04,04,05,06,06
23142,2023-12-10,01,03,03,03,05,06,08
23143,2023-12-12,00,01,02,05,06,09,13
23144,2023-12-15,00,00,01,01,02,07,09
23145,2023-12-17,01,02,04,04,05,06,08
23146,2023-12-19,00,01,01,02,06,08,09
23147,2023-12-22,01,01,01,03,07,08,09
23148,2023-12-24,00,00,01,03,04,06,08
23149,2023-12-26,02,03,05,06,08,08,09
23150,2023-12-29,01,01,02,03,05,06,09
23151,2023-12-31,00,02,03,05,07,08,11
24001,2024-01-02,01,03,04,08,08,09,09
24002,2024-01-05,01,02,02,08,09,09,11
24003,2024-01-07,00,01,02,04,05,06,11
24004,2024-01-09,01,01,02,03,04,06,08
24005,2024-01-12,01,05,05,07,07,09,09
24006,2024-01-14,01,02,03,03,04,04,06
24007,2024-01-16,00,02,02,03,07,09,09
24008,2024-01-19,00,01,02,05,09,09,09
24009,2024-01-21,01,03,04,05,07,08,09
24010,2024-01-23,01,01,03,04,06,07,09
24011,2024-01-26,01,02,02,05,09,09,10
24012,2024-01-28,01,03,04,05,05,07,10
24013,2024-01-30,00,01,01,02,04,06,06
24014,2024-02-02,00,01,03,05,05,07,09
24015,2024-02-04,00,01,01,02,04,07,11
24016,2024-02-06,03,04,05,05,08,09,10
24017,2024-02-18,01,01,03,03,05,07,09
24018,2024-02-20,00,01,02,04,07,08,09
24019,2024-02-23,02,04,04,05,05,07,08
24020,2024-02-25,01,02,03,03,05,06,14
24021,2024-02-27,01,04,05,06,06,07,09
24022,2024-03-01,01,04,06,06,06,06,07
24023,2024-03-03,00,00,02,04,04,04,13
24024,2024-03-05,00,01,02,02,04,04,06
24025,2024-03-08,00,01,01,03,04,08,13
24026,2024-03-10,00,01,02,04,06,07,10
24027,2024-03-12,01,01,03,03,04,04,08
24028,2024-03-15,02,03,04,05,06,07,09
24029,2024-03-17,00,01,02,04,05,07,08
24030,2024-03-19,02,03,05,07,07,08,09
24031,2024-03-22,03,05,06,06,06,08,08
24032,2024-03-24,04,05,05,06,07,07,09
24033,2024-03-26,00,01,02,03,04,08,12
24034,2024-03-29,01,03,03,03,05,07,09
24035,2024-03-31,00,05,07,07,07,09,09
24036,2024-04-02,01,02,05,05,07,08,09
24037,2024-04-05,00,00,01,01,01,08,09
24038,2024-04-07,02,02,04,07,08,09,09
24039,2024-04-09,01,01,02,03,05,05,09
24040,2024-04-12,00,02,02,02,06,07,07
24041,2024-04-14,01,08,08,08,08,09,09
24042,2024-04-16,00,00,01,02,03,05,08
24043,2024-04-19,02,03,03,06,07,08,11
24044,2024-04-21,00,01,02,06,07,09,09
24045,2024-04-23,02,05,06,07,07,09,09
24046,2024-04-26,02,03,04,04,05,06,08
24047,2024-04-28,02,02,04,04,05,06,07
24048,2024-04-30,00,02,05,05,05,06,07
24049,2024-05-03,01,01,03,03,05,08,08
24050,2024-05-05,02,03,04,06,06,09,09
24051,2024-05-07,01,05,05,05,06,07,07
24052,2024-05-10,00,01,03,04,05,09,14
24053,2024-05-12,01,03,06,06,09,09,10
24054,2024-05-14,01,02,03,04,06,07,08
24055,2024-05-17,02,03,05,06,06,07,14
24056,2024-05-19,03,03,06,08,08,08,09
24057,2024-05-21,01,02,06,06,08,09,10
24058,2024-05-24,01,03,03,07,08,09,12
24059,2024-05-26,00,02,04,05,06,07,08
24060,2024-05-28,00,01,01,02,04,07,07
24061,2024-05-31,00,01,01,03,05,07,09
24062,2024-06-02,01,03,04,06,07,08,09
24063,2024-06-04,01,03,03,03,05,06,06
24064,2024-06-07,01,02,04,04,04,08,10
24065,2024-06-09,01,04,04,05,05,06,09
24066,2024-06-11,00,01,03,04,05,06,07
24067,2024-06-14,00,03,03,04,04,06,08
24068,2024-06-16,02,03,03,05,06,07,08
24069,2024-06-18,00,01,02,02,07,08,08
24070,2024-06-21,03,05,05,08,08,08,14
24071,2024-06-23,02,02,03,05,07,09,09
24072,2024-06-25,02,04,05,06,07,07,12
24073,2024-06-28,01,03,04,07,07,08,10
24074,2024-06-30,01,02,05,05,07,08,09
24075,2024-07-02,01,05,06,08,08,09,11
24076,2024-07-05,01,02,02,04,04,04,08
24077,2024-07-07,00,02,02,03,06,08,08
24078,2024-07-09,01,03,03,04,09,09,11
24079,2024-07-12,00,02,03,04,08,09,11
24080,2024-07-14,00,00,04,05,07,09,09
24081,2024-07-16,01,02,02,04,05,07,08
24082,2024-07-19,00,05,06,07,07,07,07
24083,2024-07-21,00,02,04,06,06,08,10
24084,2024-07-23,01,03,05,05,06,06,09
24085,2024-07-26,03,03,04,04,06,07,07
24086,2024-07-28,00,03,04,05,07,08,11
24087,2024-07-30,00,00,01,01,03,06,07
24088,2024-08-02,01,01,03,05,06,09,09
24089,2024-08-04,00,01,02,02,06,08,09
24090,2024-08-06,00,01,03,04,06,06,08
24091,2024-08-09,01,01,04,04,06,07,09
24092,2024-08-11,00,02,02,03,04,07,08
24093,2024-08-13,00,00,02,03,07,09,13
24094,2024-08-16,03,03,03,05,06,06,06
24095,2024-08-18,00,02,03,06,06,07,09
24096,2024-08-20,00,02,02,05,06,07,09
24097,2024-08-23,00,00,01,02,05,08,09
24098,2024-08-25,02,03,04,05,07,09,09
24099,2024-08-27,01,01,01,03,07,07,07
24100,2024-08-30,02,05,07,08,08,08,12
24101,2024-09-01,00,02,03,03,05,06,06
24102,2024-09-03,02,02,04,07,08,09,09
24103,2024-09-06,00,02,05,05,06,06,08
24104,2024-09-08,00,00,02,05,06,08,08
24105,2024-09-10,00,00,01,02,02,04,04
24106,2024-09-13,02,03,03,04,05,08,09
24107,2024-09-15,00,02,03,05,07,08,09
24108,2024-09-17,02,03,05,06,07,07,14
24109,2024-09-20,01,02,03,06,09,09,14
24110,2024-09-22,01,01,04,04,05,05,05
24111,2024-09-24,00,01,01,02,03,04,04
24112,2024-09-27,01,03,03,04,05,06,07
24113,2024-09-29,02,03,04,04,04,06,10
24114,2024-10-06,01,01,04,06,07,07,08
24115,2024-10-08,04,04,05,08,08,08,09
24116,2024-10-11,00,03,04,04,06,07,09
24117,2024-10-13,01,04,04,05,06,07,08
24118,2024-10-15,00,06,06,07,09,09,09
24119,2024-10-18,00,01,03,05,06,07,09
24120,2024-10-20,00,00,03,04,04,08,08
24121,2024-10-22,00,01,02,04,07,08,08
24122,2024-10-25,01,02,03,06,07,08,11
24123,2024-10-27,00,01,01,02,03,06,10
24124,2024-10-29,00,03,03,05,07,07,09
24125,2024-11-01,00,02,09,09,09,09,11
24126,2024-11-03,00,00,01,02,05,08,09
24127,2024-11-05,02,02,05,06,07,07,08
24128,2024-11-08,00,00,01,03,08,09,09
24129,2024-11-10,00,04,04,05,06,06,07
24130,2024-11-12,00,00,03,06,07,08,08
24131,2024-11-15,02,02,03,05,09,09,12
24132,2024-11-17,00,02,03,04,05,05,08
24133,2024-11-19,02,02,05,05,07,07,09
24134,2024-11-22,01,03,08,08,08,09,10
24135,2024-11-24,00,02,03,05,07,09,12
24136,2024-11-26,01,01,06,07,07,07,08
24137,2024-11-29,00,01,02,03,08,09,09
24138,2024-12-01,01,02,04,05,06,07,14
24139,2024-12-03,00,01,04,05,05,07,09
24140,2024-12-06,01,02,02,03,06,06,09
24141,2024-12-08,01,01,03,05,05,08,08
24142,2024-12-10,02,03,05,08,09,09,09
24143,2024-12-13,01,02,02,04,07,08,09
24144,2024-12-15,03,03,05,09,09,09,10
24145,2024-12-17,00,01,03,04,07,08,09
24146,2024-12-20,00,00,02,02,06,09,13
24147,2024-12-22,00,02,04,04,06,08,09
24148,2024-12-24,00,04,05,06,08,09,11
24149,2024-12-27,00,00,02,04,07,08,08
24150,2024-12-29,03,04,06,06,06,07,10
24151,2024-12-31,00,00,04,05,06,07,08
25001,2025-01-03,00,00,02,02,03,03,09
25002,2025-01-05,02,04,06,06,08,09,14
25003,2025-01-07,03,04,05,08,08,09,11
25004,2025-01-10,00,00,02,02,04,05,07
25005,2025-01-12,01,02,03,03,03,04,06
25006,2025-01-14,01,02,04,05,06,06,11
25007,2025-01-17,00,00,01,02,02,05,07
25008,2025-01-19,01,01,02,03,04,08,10
25009,2025-01-21,03,04,06,07,07,08,08
25010,2025-01-24,00,01,03,03,04,04,08
25011,2025-01-26,01,02,07,07,08,09,14
25012,2025-02-07,04,05,05,06,07,09,11
25013,2025-02-09,00,03,04,07,07,07,09
25014,2025-02-11,01,03,03,05,05,06,07
25015,2025-02-14,00,03,04,05,06,09,13
25016,2025-02-16,01,04,05,06,07,09,11
25017,2025-02-18,00,01,03,06,06,08,10
25018,2025-02-21,02,04,06,06,06,09,10
25019,2025-02-23,00,00,02,03,05,05,10
25020,2025-02-25,00,02,05,07,08,09,09
25021,2025-02-28,01,02,02,02,03,08,13
25022,2025-03-02,00,00,01,02,04,05,06
25023,2025-03-04,01,02,04,05,05,07,08
25024,2025-03-07,00,00,00,00,07,07,09
25025,2025-03-09,00,01,04,06,08,08,14
25026,2025-03-11,03,04,04,05,08,09,12
25027,2025-03-14,00,02,03,05,06,08,12
25028,2025-03-16,01,03,03,04,06,07,09
25029,2025-03-18,00,01,01,04,05,07,09
25030,2025-03-21,04,06,07,08,08,08,14
25031,2025-03-23,01,03,04,05,07,07,08
25032,2025-03-25,00,00,02,05,05,09,09
25033,2025-03-28,01,06,06,07,07,07,08
25034,2025-03-30,00,00,02,04,06,08,09
25035,2025-04-01,00,03,06,06,06,08,08
25036,2025-04-04,02,04,05,06,08,08,09
25037,2025-04-06,00,02,02,02,06,06,07
25038,2025-04-08,01,02,03,04,05,09,09
25039,2025-04-11,03,03,03,04,04,05,07
25040,2025-04-13,03,03,07,08,08,09,09
25041,2025-04-15,01,01,04,05,07,07,08
25042,2025-04-18,03,04,06,07,07,09,09
25043,2025-04-20,00,00,03,05,07,08,11
25044,2025-04-22,00,00,01,06,08,09,11
25045,2025-04-25,01,01,02,03,04,05,06
25046,2025-04-27,02,02,02,05,06,07,08
25047,2025-04-29,00,01,02,03,03,05,12
25048,2025-05-02,01,02,02,07,07,08,08
25049,2025-05-04,02,03,04,05,05,07,08
25050,2025-05-06,01,01,01,03,04,07,08
25051,2025-05-09,00,00,03,03,04,05,11
25052,2025-05-11,00,01,02,05,07,08,09
25053,2025-05-13,00,00,03,04,05,06,10
25054,2025-05-16,01,01,03,04,04,05,09
25055,2025-05-18,01,01,01,01,04,06,07
25056,2025-05-20,00,02,02,04,06,07,08
25057,2025-05-23,00,00,00,03,06,07,08
25058,2025-05-25,01,03,06,06,06,08,13
25059,2025-05-27,04,05,06,06,07,09,14
25060,2025-05-30,00,00,01,05,05,07,07
25061,2025-06-01,00,02,03,05,06,06,07
25062,2025-06-03,01,02,02,05,06,06,08
25063,2025-06-06,02,04,05,05,07,09,12
25064,2025-06-08,00,02,03,03,06,08,09
25065,2025-06-10,00,00,02,05,08,08,10
25066,2025-06-13,01,04,04,05,06,07,08
25067,2025-06-15,01,01,02,02,02,04,09
25068,2025-06-17,00,02,03,03,07,07,09
25069,2025-06-20,02,03,03,04,05,05,05
25070,2025-06-22,02,02,05,05,06,09,11
25071,2025-06-24,00,00,02,03,05,05,07
25072,2025-06-27,00,00,01,03,05,07,08
25073,2025-06-29,01,02,03,04,05,06,12
25074,2025-07-01,03,04,06,07,07,08,09
25075,2025-07-04,01,01,02,05,07,08,09
25076,2025-07-06,01,01,02,03,07,07,08
25077,2025-07-08,00,02,02,03,04,05,06
25078,2025-07-11,00,02,03,03,05,07,08
25079,2025-07-13,02,04,05,06,07,07,11
25080,2025-07-15,01,01,01,02,03,07,09
25081,2025-07-18,00,01,02,02,03,04,09
25082,2025-07-20,01,03,05,06,08,09,10
25083,2025-07-22,00,04,05,05,05,07,07
25084,2025-07-25,00,01,04,04,05,06,06
25085,2025-07-27,02,03,04,04,05,08,09
25086,2025-07-29,01,03,06,06,07,09,13
25087,2025-08-01,01,04,04,06,06,07,14
25088,2025-08-03,00,04,04,05,06,06,14
25089,2025-08-05,00,00,01,06,07,09,14
25090,2025-08-08,00,01,05,06,08,08,09
25091,2025-08-10,00,02,03,04,08,08,09
25092,2025-08-12,00,00,01,02,04,07,09
25093,2025-08-15,00,02,04,07,08,08,10
25094,2025-08-17,00,01,01,04,06,06,12
25095,2025-08-19,01,02,03,05,06,09,13
25096,2025-08-22,00,02,03,04,06,07,09
25097,2025-08-24,03,03,05,06,06,07,09
25098,2025-08-26,00,02,04,04,07,08,08
25099,2025-08-29,02,03,04,05,07,09,12
25100,2025-08-31,00,03,04,04,06,07,08
25101,2025-09-02,00,00,03,05,05,06,12
25102,2025-09-05,06,06,07,07,07,08,08
25103,2025-09-07,00,02,02,03,04,06,07
25104,2025-09-09,00,01,02,03,07,09,09
25105,2025-09-12,00,03,04,07,07,07,08
25106,2025-09-14,01,02,02,03,06,09,09
25107,2025-09-16,00,02,03,04,08,08,08
25108,2025-09-19,00,01,01,01,02,09,09
25109,2025-09-21,01,03,03,06,07,08,13
25110,2025-09-23,01,02,05,06,08,09,12
25111,2025-09-26,00,02,04,04,08,09,11
25112,2025-09-28,01,04,05,05,06,07,10
25113,2025-09-30,00,01,01,01,04,08,09
25114,2025-10-05,02,03,03,03,03,08,08
25115,2025-10-07,00,01,02,06,07,09,12
25116,2025-10-10,01,02,03,04,06,06,09
25117,2025-10-12,01,02,04,04,04,05,07
25118,2025-10-14,00,01,04,07,07,07,11
25119,2025-10-17,03,05,08,09,09,09,10
25120,2025-10-19,01,01,05,06,08,08,09
25121,2025-10-21,01,03,04,04,05,08,08
25122,2025-10-24,02,03,05,05,06,08,10
25123,2025-10-26,00,05,06,07,07,08,09
25124,2025-10-28,00,00,00,04,08,08,10
25125,2025-10-31,03,04,05,06,07,08,09
25126,2025-11-02,02,02,04,06,06,09,12
25127,2025-11-04,00,01,04,05,06,07,09
25128,2025-11-07,01,01,01,02,02,03,12
25129,2025-11-09,00,03,03,06,07,07,09
25130,2025-11-11,00,00,03,04,04,05,07
25131,2025-11-14,00,00,01,01,02,03,05
25132,2025-11-16,02,03,03,06,09,09,09
25133,2025-11-18,01,02,03,04,04,07,09
25134,2025-11-21,03,04,08,08,09,09,13
25135,2025-11-23,01,02,06,06,07,08,09
25136,2025-11-25,00,04,05,08,09,09,09
25137,2025-11-28,02,04,05,06,07,08,09
25138,2025-11-30,00,00,01,02,03,05,09
25139,2025-12-02,03,03,04,07,08,08,09
25140,2025-12-05,00,02,03,06,07,09,11
25141,2025-12-07,00,01,03,04,04,05,09
25142,2025-12-09,01,02,04,04,06,09,09
25143,2025-12-12,00,01,03,06,06,07,07
25144,2025-12-14,00,00,01,02,04,05,07
25145,2025-12-16,00,06,08,08,09,09,09
25146,2025-12-19,00,04,05,06,06,08,13
25147,2025-12-21,00,01,01,03,05,05,06
25148,2025-12-23,00,02,04,07,08,09,10
25149,2025-12-26,02,02,05,06,07,08,08
25150,2025-12-28,01,01,03,05,07,08,08
25151,2025-12-30,05,06,07,07,08,08,09
26001,2026-01-02,01,01,01,01,01,02,04
26002,2026-01-04,03,04,05,05,08,09,09
26003,2026-01-06,00,01,01,03,05,05,09
26004,2026-01-09,01,01,03,04,04,05,06
26005,2026-01-11,04,04,04,06,06,08,14
26006,2026-01-13,00,01,04,05,06,08,08
26007,2026-01-16,00,00,03,05,05,09,09
26008,2026-01-18,01,04,04,05,09,09,14
26009,2026-01-20,00,01,02,05,06,08,09
26010,2026-01-23,02,02,03,03,06,08,09
26011,2026-01-25,02,03,03,05,06,07,13
26012,2026-01-27,00,04,06,06,06,06,08
26013,2026-01-30,02,03,05,05,06,06,09
26014,2026-02-01,01,01,02,05,08,08,09
26015,2026-02-03,00,01,01,01,05,09,09
26016,2026-02-06,03,03,04,04,06,07,13
26017,2026-02-08,00,00,00,02,06,08,08
26018,2026-02-10,02,02,03,05,06,07,09
26019,2026-02-13,00,01,02,06,07,08,08
26020,2026-02-24,00,04,05,05,05,06,09
26021,2026-02-27,02,03,03,04,05,06,06
26022,2026-03-01,00,01,02,03,07,09,09
26023,2026-03-03,02,03,04,08,08,08,13
26024,2026-03-06,00,03,04,04,05,09,12
26025,2026-03-08,00,03,04,05,05,08,13
26026,2026-03-10,02,03,06,08,08,09,14
26027,2026-03-13,00,03,06,07,07,08,09
26028,2026-03-15,00,01,01,06,07,08,09
26029,2026-03-17,00,01,02,03,04,04,11
26030,2026-03-20,01,01,05,08,09,09,13
26031,2026-03-22,02,02,05,06,08,09,13
26032,2026-03-24,01,03,04,04,05,06,14
26033,2026-03-27,01,01,03,08,09,09,14
26034,2026-03-29,01,03,03,05,05,09,09
26035,2026-03-31,02,02,02,04,07,07,07
26036,2026-04-03,02,07,08,08,08,09,09
26037,2026-04-05,00,01,04,06,09,09,09
26038,2026-04-07,00,00,01,02,03,07,13
26039,2026-04-10,00,02,02,05,06,06,12
26040,2026-04-12,00,01,04,07,07,07,08
26041,2026-04-14,01,01,04,07,09,09,13
26042,2026-04-17,01,01,03,05,06,06,08
26043,2026-04-19,05,05,06,08,09,09,11
26044,2026-04-21,00,01,01,02,06,07,09
26045,2026-04-24,01,02,03,06,08,09,14
26046,2026-04-26,02,03,05,06,08,08,13
26047,2026-04-28,00,02,03,05,08,08,09
26048,2026-05-01,01,02,04,05,05,06,09
26049,2026-05-03,00,02,05,07,07,08,09
26050,2026-05-05,00,02,02,02,03,05,06
26051,2026-05-08,03,03,06,07,08,08,12
26052,2026-05-10,02,02,03,05,05,06,12
26053,2026-05-12,01,02,03,03,04,08,12
26054,2026-05-15,02,03,04,05,06,08,09
26055,2026-05-17,03,03,05,05,05,06,08
26056,2026-05-19,00,00,02,02,05,07,12
26057,2026-05-22,00,01,03,03,05,05,06
26058,2026-05-24,01,01,02,03,03,04,07
26059,2026-05-26,00,02,03,04,04,06,09
26060,2026-05-29,00,01,02,03,03,03,14
26061,2026-05-31,00,00,02,04,08,08,12
26062,2026-06-02,00,01,03,03,05,06,07
26063,2026-06-05,00,05,05,06,06,06,07
26064,2026-06-07,02,02,03,03,05,07,09
26065,2026-06-09,00,01,03,04,07,07,09
26066,2026-06-12,00,03,05,06,07,09,12
26067,2026-06-14,01,03,03,04,05,06,07
26068,2026-06-16,01,01,02,05,05,06,07
26069,2026-06-19,02,03,04,05,07,07,09
26070,2026-06-21,01,01,03,04,05,06,06
26071,2026-06-23,03,04,05,06,07,07,09
26072,2026-06-26,00,03,04,05,06,06,08
26073,2026-06-28,00,04,06,06,08,08,09
26074,2026-06-30,01,02,04,06,08,08,09
26075,2026-07-03,02,03,04,04,05,07,08
26076,2026-07-05,00,00,01,02,05,05,08
26077,2026-07-07,00,02,04,05,05,05,09
26078,2026-07-10,01,04,04,05,07,08,12
26079,2026-07-12,03,05,06,07,08,08,14
26080,2026-07-14,01,02,03,04,04,06,09
26081,2026-07-17,02,03,03,04,05,05,08
04101,2004-05-21,01,01,05,05,05,08,08
04102,2004-05-23,01,03,04,06,06,07,09
04103,2004-05-25,00,02,04,05,06,07,08
04104,2004-05-28,01,01,02,04,06,09,09
04105,2004-05-30,01,02,02,04,04,07,09
04106,2004-06-01,00,00,01,01,01,02,07
04107,2004-06-04,02,03,04,04,06,07,09
04108,2004-06-06,00,02,02,04,06,07,08
04109,2004-06-08,00,01,03,03,03,04,09
04110,2004-06-11,01,03,03,05,07,09,09
04111,2004-06-13,03,04,05,06,06,07,08
04112,2004-06-15,01,01,02,03,04,05,07
04113,2004-06-18,02,03,04,05,05,06,07
04114,2004-06-20,01,01,02,03,04,05,06
04115,2004-06-22,00,00,00,02,04,06,07
04116,2004-06-25,00,01,03,03,06,08,09
04117,2004-06-27,01,04,04,05,05,09,09
04118,2004-06-29,02,03,04,08,09,09,09
04119,2004-07-02,01,02,03,06,07,08,09
04120,2004-07-04,01,03,04,04,08,08,09
04121,2004-07-06,00,02,05,06,07,08,09
04122,2004-07-09,04,05,06,06,07,07,09
04123,2004-07-11,02,03,05,05,06,07,09
04124,2004-07-13,00,05,06,06,08,09,09
04125,2004-07-16,04,06,06,07,07,07,08
04126,2004-07-18,01,01,02,03,03,05,06
04127,2004-07-20,00,01,04,06,07,07,07
04128,2004-07-23,01,02,02,04,04,05,08
04129,2004-07-25,00,02,02,02,07,07,08
04130,2004-07-27,00,01,02,06,07,08,09
04131,2004-07-30,01,01,01,01,05,06,08
04132,2004-08-01,00,00,00,02,03,05,05
04133,2004-08-03,00,01,02,03,04,04,08
04134,2004-08-06,00,00,01,03,05,07,08
04135,2004-08-08,02,04,04,04,05,09,09
04136,2004-08-10,00,00,02,03,04,06,09
04137,2004-08-13,00,03,04,06,08,09,09
04138,2004-08-15,00,02,02,06,06,07,08
04139,2004-08-17,00,02,05,06,06,07,07
04140,2004-08-20,01,02,02,03,04,06,08
04141,2004-08-22,00,01,02,04,05,06,08
04142,2004-08-24,00,00,01,02,03,03,05
04143,2004-08-27,01,03,03,03,03,04,06
04144,2004-08-29,01,03,05,07,08,09,09
04145,2004-09-01,00,01,01,02,04,07,08
04146,2004-09-03,02,03,04,05,06,06,09
04147,2004-09-05,00,00,05,05,06,06,09
04148,2004-09-07,00,02,02,06,07,08,09
04149,2004-09-10,01,02,02,03,05,06,06
04150,2004-09-12,01,01,03,06,06,08,09
04151,2004-09-14,01,03,04,05,06,07,09
04152,2004-09-17,00,03,04,06,07,08,08
04153,2004-09-19,02,03,04,04,05,05,09
04154,2004-09-21,00,02,03,04,05,07,09
04155,2004-09-24,02,02,04,05,06,06,07
04156,2004-09-26,00,01,03,08,09,09,09
04157,2004-09-28,00,02,02,04,05,05,08
04158,2004-10-01,01,02,04,04,05,08,09
04159,2004-10-03,02,03,03,04,05,09,09
04160,2004-10-05,00,03,03,04,04,05,07
04161,2004-10-08,00,01,03,04,05,08,08
04162,2004-10-10,00,01,05,06,07,07,09
04163,2004-10-12,00,00,03,05,05,08,08
04164,2004-10-15,01,03,04,05,07,07,09
04165,2004-10-17,01,03,04,06,06,08,09
04166,2004-10-19,00,01,03,05,06,06,09
04167,2004-10-22,00,00,01,04,05,06,07
04168,2004-10-24,01,02,03,05,09,09,09
04169,2004-10-26,00,03,03,03,04,05,06
04170,2004-10-29,00,05,05,06,06,08,09
04171,2004-10-31,00,01,02,02,05,06,08
04172,2004-11-02,00,00,01,03,06,07,08
04173,2004-11-05,00,03,03,04,04,07,07
04174,2004-11-07,00,00,01,01,02,03,07
04175,2004-11-09,00,01,02,03,04,04,05
04176,2004-11-12,00,00,00,01,05,06,08
04177,2004-11-14,01,02,02,07,08,08,09
04178,2004-11-16,01,03,03,05,07,07,08
04179,2004-11-19,00,01,02,03,07,08,08
04180,2004-11-21,02,03,04,04,04,07,08
04181,2004-11-23,02,02,02,04,05,05,06
04182,2004-11-26,00,00,01,04,04,08,09
04183,2004-11-28,01,03,04,04,06,06,06
04184,2004-11-30,00,00,02,02,02,03,03
04185,2004-12-03,01,04,04,04,05,07,07
04186,2004-12-05,01,02,06,07,08,09,09
04187,2004-12-07,00,01,01,03,08,08,09
04188,2004-12-10,01,03,03,04,08,08,09
04189,2004-12-12,01,02,04,06,07,08,08
04190,2004-12-14,01,04,05,05,07,08,09
04191,2004-12-17,02,04,06,07,09,09,09
04192,2004-12-19,00,01,02,03,04,07,08
04193,2004-12-21,01,03,05,06,08,08,09
04194,2004-12-24,00,00,01,02,04,04,05
04195,2004-12-26,00,01,01,03,04,07,08
04196,2004-12-28,02,04,04,04,05,06,08
04197,2004-12-31,00,00,02,03,03,03,04
05001,2005-01-02,01,01,04,04,04,05,05
05002,2005-01-04,01,02,02,04,06,07,08
05003,2005-01-07,02,02,02,03,05,08,08
05004,2005-01-09,03,07,07,07,08,08,09
05005,2005-01-11,03,03,04,05,06,07,09
05006,2005-01-14,00,00,01,02,03,07,08
05007,2005-01-16,00,01,01,03,03,09,09
05008,2005-01-18,00,02,05,06,08,09,09
05009,2005-01-21,01,02,02,04,06,06,08
05010,2005-01-23,00,01,01,01,06,07,09
05011,2005-01-25,02,03,04,07,07,07,09
05012,2005-01-28,01,02,03,04,04,06,09
05013,2005-01-30,01,02,07,08,08,08,09
05014,2005-02-01,00,01,02,03,04,05,06
05015,2005-02-04,00,00,01,02,03,08,08
05016,2005-02-06,00,00,02,03,03,05,07
05017,2005-02-08,00,01,01,02,03,06,06
05018,2005-02-18,01,03,03,07,08,08,09
05019,2005-02-20,00,01,01,05,06,09,09
05020,2005-02-22,00,00,03,03,08,08,09
05021,2005-02-25,00,06,07,08,08,08,09
05022,2005-02-27,00,01,02,03,04,06,07
05023,2005-03-01,04,07,07,08,08,08,09
05024,2005-03-04,00,01,02,02,05,06,09
05025,2005-03-06,01,03,03,04,06,07,09
05026,2005-03-08,01,02,05,06,07,08,09
05027,2005-03-11,02,03,04,05,05,06,07
05028,2005-03-13,04,05,05,05,06,09,09
05029,2005-03-15,00,01,02,02,06,07,07
05030,2005-03-18,01,01,04,05,06,07,08
05031,2005-03-20,00,00,01,02,02,03,06
05032,2005-03-22,00,02,03,03,07,09,09
05033,2005-03-25,01,04,04,07,07,08,09
05034,2005-03-27,00,01,02,02,04,08,09
05035,2005-03-29,01,01,03,05,05,06,08
05036,2005-04-01,00,00,03,06,06,08,08
05037,2005-04-03,00,00,01,03,04,07,09
05038,2005-04-05,01,01,02,04,07,07,07
05039,2005-04-08,00,00,01,03,07,07,09
05040,2005-04-10,01,04,05,06,06,06,09
05041,2005-04-12,00,01,03,03,05,05,06
05042,2005-04-15,00,00,03,05,06,06,07
05043,2005-04-17,01,01,02,03,03,04,08
05044,2005-04-19,00,04,04,04,05,06,08
05045,2005-04-22,02,02,04,05,05,06,08
05046,2005-04-24,01,02,02,03,03,03,09
05047,2005-04-26,00,01,02,03,03,04,08
05048,2005-04-29,00,00,00,03,03,07,09
05049,2005-05-01,01,01,03,04,04,06,08
05050,2005-05-03,02,02,02,05,07,08,09
05051,2005-05-06,01,01,04,04,05,06,09
05052,2005-05-08,00,00,02,02,03,04,08
05053,2005-05-10,01,02,02,04,04,07,07
05054,2005-05-13,01,01,04,07,08,08,08
05055,2005-05-15,00,04,04,04,05,05,09
05056,2005-05-17,03,04,06,08,08,09,09
05057,2005-05-20,01,04,04,06,07,07,09
05058,2005-05-22,01,02,05,06,06,07,08
05059,2005-05-24,00,01,06,06,07,08,09
05060,2005-05-27,00,00,01,02,03,09,09
05061,2005-05-29,00,04,05,06,06,06,07
05062,2005-05-31,01,03,03,04,06,07,07
05063,2005-06-03,01,03,03,04,07,07,09
05064,2005-06-05,00,03,03,04,05,06,08
05065,2005-06-07,00,01,03,06,09,09,09
05066,2005-06-10,00,01,01,02,05,05,09
05067,2005-06-12,00,01,02,06,07,08,08
05068,2005-06-14,04,04,05,06,08,08,09
05069,2005-06-17,00,00,02,03,05,07,09
05070,2005-06-19,02,03,03,04,06,06,09
05071,2005-06-21,01,04,06,06,07,09,09
05072,2005-06-24,00,01,03,06,06,06,08
05073,2005-06-26,01,03,03,03,06,07,09
05074,2005-06-28,00,02,02,03,07,08,08
05075,2005-07-01,00,01,02,04,05,06,06
05076,2005-07-03,01,03,05,05,06,07,08
05077,2005-07-05,01,02,07,07,07,09,09
05078,2005-07-08,00,01,02,06,07,08,09
05079,2005-07-10,01,02,03,03,07,07,08
05080,2005-07-12,00,02,02,02,07,08,09
05081,2005-07-15,01,01,04,05,07,09,09
05082,2005-07-17,00,01,05,07,07,09,09
05083,2005-07-19,02,04,04,05,06,08,09
05084,2005-07-22,00,03,06,07,08,09,09
05085,2005-07-24,01,03,04,05,06,06,06
05086,2005-07-26,01,04,04,05,06,07,08
05087,2005-07-29,00,01,02,04,05,07,09
05088,2005-07-31,02,03,03,03,06,07,08
05089,2005-08-02,02,03,05,06,08,09,09
05090,2005-08-05,00,02,02,03,05,08,09
05091,2005-08-07,02,02,04,05,05,06,06
05092,2005-08-09,01,04,04,04,05,08,09
05093,2005-08-12,00,01,03,05,09,09,09
05094,2005-08-14,00,01,02,04,06,06,07
05095,2005-08-16,03,03,04,05,07,07,09
05096,2005-08-19,00,00,00,03,04,07,09
05097,2005-08-21,00,00,01,05,05,05,06
05098,2005-08-23,02,03,04,04,05,07,09
05099,2005-08-26,01,02,03,05,05,05,06
05100,2005-08-28,00,01,02,04,04,05,09
05101,2005-08-30,00,01,02,03,07,08,08
05102,2005-09-02,02,04,05,05,07,08,08
05103,2005-09-04,02,02,03,04,06,07,08
05104,2005-09-06,00,02,03,06,07,07,08
05105,2005-09-09,00,00,04,05,07,08,08
05106,2005-09-11,01,02,02,04,06,07,08
05107,2005-09-13,02,02,02,05,06,09,09
05108,2005-09-16,01,02,03,05,09,09,09
05109,2005-09-18,00,01,03,03,04,06,09
05110,2005-09-20,01,01,03,04,05,05,08
05111,2005-09-23,01,03,05,06,06,09,09
05112,2005-09-25,02,03,03,03,04,06,06
05113,2005-09-27,00,02,02,03,05,05,09
05114,2005-09-30,00,02,02,05,06,07,08
05115,2005-10-02,00,00,04,06,07,08,09
05116,2005-10-04,01,04,04,04,05,08,09
05117,2005-10-07,00,06,07,07,07,09,09
05118,2005-10-09,01,02,02,03,03,07,09
05119,2005-10-11,01,02,05,05,07,07,09
05120,2005-10-14,00,03,04,07,09,09,09
05121,2005-10-16,02,02,03,04,05,07,08
05122,2005-10-18,02,03,04,04,08,09,09
05123,2005-10-21,00,05,05,06,06,08,09
05124,2005-10-23,00,01,01,05,07,09,09
05125,2005-10-25,00,00,02,02,03,05,08
05126,2005-10-28,00,01,03,04,04,05,06
05127,2005-10-30,02,03,03,06,06,07,08
05128,2005-11-01,00,02,04,06,07,09,09
05129,2005-11-04,00,01,02,07,08,08,08
05130,2005-11-06,00,02,02,05,05,05,08
05131,2005-11-08,01,01,02,03,04,08,09
05132,2005-11-11,01,01,01,02,05,06,07
05133,2005-11-13,00,01,03,03,05,07,09
05134,2005-11-15,00,01,01,05,05,07,07
05135,2005-11-18,01,01,04,08,08,08,09
05136,2005-11-20,01,02,02,05,07,08,09
05137,2005-11-22,00,01,02,06,07,08,09
05138,2005-11-25,02,02,02,02,05,07,08
05139,2005-11-27,01,01,02,04,05,09,09
05140,2005-11-29,00,02,04,05,05,08,09
05141,2005-12-02,00,01,07,07,07,08,08
05142,2005-12-04,00,00,01,02,07,07,08
05143,2005-12-06,00,01,07,07,07,07,09
05144,2005-12-09,03,04,06,08,08,09,09
05145,2005-12-11,00,03,05,06,06,08,09
05146,2005-12-13,06,07,07,08,09,09,09
05147,2005-12-16,01,01,01,06,06,09,09
05148,2005-12-18,00,01,01,03,03,05,08
05149,2005-12-20,02,04,05,07,07,08,08
05150,2005-12-23,01,02,03,06,06,08,09
05151,2005-12-25,00,01,05,05,07,08,08
05152,2005-12-27,00,03,04,08,08,09,09
05153,2005-12-30,01,02,04,06,07,09,09
06001,2006-01-01,00,02,05,05,06,06,09
06002,2006-01-03,01,02,04,05,06,07,08
06003,2006-01-06,02,03,04,05,05,06,07
06004,2006-01-08,01,01,01,05,08,08,08
06005,2006-01-10,03,05,05,05,06,07,08
06006,2006-01-13,02,02,02,05,07,07,08
06007,2006-01-15,01,02,06,06,07,08,09
06008,2006-01-17,00,01,02,03,06,07,09
06009,2006-01-20,00,00,01,02,02,04,08
06010,2006-01-22,00,00,01,02,03,05,06
06011,2006-01-24,00,00,01,02,02,04,09
06012,2006-01-27,00,02,03,04,06,07,09
06013,2006-02-05,00,00,00,02,03,06,06
06014,2006-02-07,00,03,04,06,07,07,08
06015,2006-02-10,01,02,02,05,06,08,08
06016,2006-02-12,00,02,05,07,08,08,09
06017,2006-02-14,03,06,07,08,08,09,09
06018,2006-02-17,03,03,04,04,05,06,09
06019,2006-02-19,00,00,02,06,07,09,09
06020,2006-02-21,00,01,02,02,03,04,09
06021,2006-02-24,00,00,01,03,04,05,07
06022,2006-02-26,00,02,02,03,05,06,07
06023,2006-02-28,00,06,06,07,08,09,09
06024,2006-03-03,00,00,02,02,06,09,09
06025,2006-03-05,00,01,03,03,04,07,09
06026,2006-03-07,00,01,05,06,06,07,08
06027,2006-03-10,01,02,02,07,07,08,08
06028,2006-03-12,00,01,03,04,04,05,08
06029,2006-03-14,00,02,06,06,07,08,09
06030,2006-03-17,00,01,04,05,08,08,08
06031,2006-03-19,00,00,03,03,05,06,07
06032,2006-03-21,01,02,03,06,07,08,08
06033,2006-03-24,02,04,05,06,06,08,08
06034,2006-03-26,00,01,02,03,03,05,07
06035,2006-03-28,00,01,01,03,03,05,09
06036,2006-03-31,01,04,04,05,05,07,07
06037,2006-04-02,01,02,03,04,06,06,07
06038,2006-04-04,00,01,03,06,06,07,08
06039,2006-04-07,01,01,02,03,06,08,09
06040,2006-04-09,00,01,03,05,06,07,08
06041,2006-04-11,03,04,05,06,07,09,09
06042,2006-04-14,00,01,04,07,08,08,09
06043,2006-04-16,01,02,02,03,05,08,09
06044,2006-04-18,00,02,03,03,03,07,09
06045,2006-04-21,00,01,01,05,05,06,08
06046,2006-04-23,00,01,02,04,05,05,07
06047,2006-04-25,01,04,04,06,06,07,09
06048,2006-04-28,00,03,03,04,06,07,09
06049,2006-04-30,00,03,05,06,06,07,09
06050,2006-05-02,01,03,03,03,04,05,08
06051,2006-05-05,04,05,06,06,07,08,09
06052,2006-05-07,00,00,02,05,05,07,08
06053,2006-05-09,00,05,06,06,06,08,08
06054,2006-05-12,05,05,06,06,07,08,08
06055,2006-05-14,01,01,01,02,02,02,07
06056,2006-05-16,02,03,03,05,08,08,09
06057,2006-05-19,00,02,04,06,07,07,09
06058,2006-05-21,01,02,02,03,04,06,08
06059,2006-05-23,00,02,05,05,05,07,09
06060,2006-05-26,01,01,01,08,08,09,09
06061,2006-05-28,01,03,03,04,07,09,09
06062,2006-05-30,00,01,01,02,03,04,05
06063,2006-06-02,01,02,02,03,03,03,06
06064,2006-06-04,00,02,02,02,06,07,09
06065,2006-06-06,03,04,05,06,06,07,08
06066,2006-06-09,00,01,02,03,07,09,09
06067,2006-06-11,00,03,04,05,06,09,09
06068,2006-06-13,00,01,02,03,04,05,08
06069,2006-06-16,00,01,03,04,05,06,08
06070,2006-06-18,00,01,01,01,02,04,07
06071,2006-06-20,00,00,01,06,08,08,08
06072,2006-06-23,00,03,04,04,04,08,09
06073,2006-06-25,00,00,01,03,04,05,05
06074,2006-06-27,00,00,01,01,04,06,09
06075,2006-06-30,00,00,02,03,03,04,09
06076,2006-07-02,00,02,03,06,07,08,09
06077,2006-07-04,01,01,04,05,05,06,06
06078,2006-07-07,00,01,03,04,05,06,08
06079,2006-07-09,01,01,02,02,03,04,06
06080,2006-07-11,00,01,02,04,05,08,09
06081,2006-07-14,00,01,01,01,02,02,04
06082,2006-07-16,04,04,05,05,05,06,07
06083,2006-07-18,00,00,04,04,06,07,08
06084,2006-07-21,00,05,06,07,07,08,09
06085,2006-07-23,01,03,03,07,09,09,09
06086,2006-07-25,00,01,02,04,05,07,09
06087,2006-07-28,02,04,05,05,06,08,09
06088,2006-07-30,00,01,01,02,02,05,06
06089,2006-08-01,00,00,01,03,03,05,09
06090,2006-08-04,02,03,04,04,05,05,06
06091,2006-08-06,01,01,02,02,03,04,07
06092,2006-08-08,01,02,04,07,07,08,09
06093,2006-08-11,01,01,04,04,08,09,09
06094,2006-08-13,00,03,04,05,07,08,09
06095,2006-08-15,01,03,04,06,06,08,08
06096,2006-08-18,00,01,03,03,03,04,06
06097,2006-08-20,03,04,04,04,05,08,09
06098,2006-08-22,00,01,03,05,07,08,08
06099,2006-08-25,02,03,04,06,08,08,09
06100,2006-08-27,00,00,01,01,04,05,07
06101,2006-08-29,02,03,03,06,07,07,09
06102,2006-09-01,02,03,04,06,06,07,09
06103,2006-09-03,02,03,04,07,07,08,09
06104,2006-09-05,00,02,05,07,08,08,09
06105,2006-09-08,03,04,04,05,07,08,08
06106,2006-09-10,02,03,04,04,05,05,07
06107,2006-09-12,00,01,01,04,07,08,08
06108,2006-09-15,00,01,01,03,07,08,08
06109,2006-09-17,01,02,04,05,06,07,08
06110,2006-09-19,01,01,02,02,03,06,09
06111,2006-09-22,00,00,01,01,01,03,09
06112,2006-09-24,01,02,04,04,04,05,08
06113,2006-09-26,01,02,02,02,05,09,09
06114,2006-09-29,00,01,02,04,04,05,06
06115,2006-10-01,02,03,04,07,08,08,09
06116,2006-10-03,02,02,03,06,08,09,09
06117,2006-10-06,01,02,03,04,05,08,09
06118,2006-10-08,03,03,03,06,08,08,09
06119,2006-10-10,01,02,02,03,03,08,09
06120,2006-10-13,01,03,06,07,08,08,09
06121,2006-10-15,00,00,01,02,04,09,09
06122,2006-10-17,00,00,04,05,06,07,08
06123,2006-10-20,00,03,03,04,06,07,07
06124,2006-10-22,01,01,03,03,05,05,08
06125,2006-10-24,01,02,03,04,04,06,07
06126,2006-10-27,01,02,02,04,06,06,08
06127,2006-10-29,01,03,07,08,09,09,09
06128,2006-10-31,01,01,02,03,04,08,09
06129,2006-11-03,01,01,02,02,06,06,08
06130,2006-11-05,02,06,06,07,07,07,08
06131,2006-11-07,00,01,04,04,05,08,09
06132,2006-11-10,00,00,01,02,02,06,07
06133,2006-11-12,00,01,03,03,03,04,06
06134,2006-11-14,02,03,04,06,07,09,09
06135,2006-11-17,01,01,04,04,05,08,09
06136,2006-11-19,01,03,04,04,04,05,08
06137,2006-11-21,00,01,02,03,07,07,08
06138,2006-11-24,01,02,02,04,04,06,07
06139,2006-11-26,01,02,03,03,03,09,09
06140,2006-11-28,00,04,06,08,09,09,09
06141,2006-12-01,00,00,01,02,02,03,05
06142,2006-12-03,02,02,03,03,04,08,09
06143,2006-12-05,02,02,03,03,04,05,05
06144,2006-12-08,00,06,08,08,08,08,09
06145,2006-12-10,04,04,06,06,07,08,09
06146,2006-12-12,01,01,05,07,07,09,09
06147,2006-12-15,01,04,05,05,05,07,08
06148,2006-12-17,00,02,02,04,07,08,09
06149,2006-12-19,00,02,03,04,05,08,09
06150,2006-12-22,00,05,06,06,08,09,09
06151,2006-12-24,00,01,02,03,04,06,06
06152,2006-12-26,01,01,01,07,08,09,09
06153,2006-12-29,00,04,05,07,07,08,09
06154,2006-12-31,00,01,02,04,06,07,09
07001,2007-01-02,03,03,05,05,05,06,09
07002,2007-01-05,02,03,03,05,08,08,08
07003,2007-01-07,05,05,06,07,07,08,08
07004,2007-01-09,01,03,04,06,07,09,09
07005,2007-01-12,00,00,02,04,04,04,06
07006,2007-01-14,00,00,01,03,03,05,06
07007,2007-01-16,01,04,05,06,08,09,09
07008,2007-01-19,01,02,03,05,06,06,07
07009,2007-01-21,00,02,03,05,07,08,08
07010,2007-01-23,00,01,06,07,07,08,09
07011,2007-01-26,01,02,03,03,03,09,09
07012,2007-01-28,01,02,03,04,05,06,06
07013,2007-01-30,00,00,00,06,06,08,08
07014,2007-02-02,01,01,03,03,04,04,05
07015,2007-02-04,01,03,05,05,07,08,09
07016,2007-02-06,00,02,04,05,05,05,07
07017,2007-02-09,00,04,05,07,08,08,09
07018,2007-02-11,00,01,04,05,08,09,09
07019,2007-02-13,01,02,02,06,07,08,08
07020,2007-02-16,00,02,03,05,06,07,09
07021,2007-02-25,00,03,04,05,06,06,07
07022,2007-02-27,00,01,01,03,06,06,09
07023,2007-03-02,02,03,04,05,05,06,08
07024,2007-03-04,03,04,05,06,08,09,09
07025,2007-03-06,00,00,00,00,01,03,06
07026,2007-03-09,00,02,04,04,05,07,09
07027,2007-03-11,00,00,02,05,06,07,09
07028,2007-03-13,00,01,03,05,06,07,07
07029,2007-03-16,00,00,00,01,02,04,09
07030,2007-03-18,00,01,01,02,03,05,08
07031,2007-03-20,01,02,03,05,06,06,09
07032,2007-03-23,01,01,02,02,03,09,09
07033,2007-03-25,02,02,04,05,07,08,08
07034,2007-03-27,01,02,02,04,04,08,09
07035,2007-03-30,01,01,05,06,08,08,08
07036,2007-04-01,01,03,05,05,06,07,07
07037,2007-04-03,02,03,04,04,04,05,07
07038,2007-04-06,01,01,01,03,03,03,08
07039,2007-04-08,01,02,03,04,06,06,07
07040,2007-04-10,02,02,03,05,05,06,09
07041,2007-04-13,02,02,02,07,07,08,09
07042,2007-04-15,00,00,02,03,04,07,09
07043,2007-04-17,01,04,05,07,08,09,09
07044,2007-04-20,02,05,05,06,07,08,08
07045,2007-04-22,00,01,03,04,07,08,09
07046,2007-04-24,00,00,02,06,09,09,09
07047,2007-04-27,00,01,01,02,02,04,06
07048,2007-04-29,01,03,04,05,09,09,09
07049,2007-05-01,02,04,04,05,05,07,07
07050,2007-05-04,00,01,04,06,06,08,09
07051,2007-05-06,00,01,03,03,04,04,05
07052,2007-05-08,00,00,04,04,05,07,08
07053,2007-05-11,01,02,06,07,08,09,09
07054,2007-05-13,01,01,02,03,04,05,07
07055,2007-05-15,03,03,05,05,06,08,09
07056,2007-05-18,00,01,02,02,05,08,08
07057,2007-05-20,00,01,02,03,05,07,08
07058,2007-05-22,01,03,05,05,07,08,09
07059,2007-05-25,00,01,02,03,04,07,09
07060,2007-05-27,00,00,03,03,08,08,09
07061,2007-05-29,00,01,01,02,03,03,09
07062,2007-06-01,00,00,02,03,06,07,08
07063,2007-06-03,00,01,02,04,04,04,09
07064,2007-06-05,02,03,03,04,07,08,09
07065,2007-06-08,01,01,01,04,07,09,09
07066,2007-06-10,00,03,05,07,07,07,09
07067,2007-06-12,00,02,03,03,05,06,08
07068,2007-06-15,00,03,04,06,07,07,08
07069,2007-06-17,00,02,06,06,08,09,09
07070,2007-06-19,00,02,05,07,08,08,09
07071,2007-06-22,02,03,03,05,06,08,08
07072,2007-06-24,00,00,02,04,06,07,07
07073,2007-06-26,00,01,02,03,06,07,07
07074,2007-06-29,01,03,03,06,06,07,08
07075,2007-07-01,00,02,04,04,05,06,09
07076,2007-07-03,04,05,06,08,08,09,09
07077,2007-07-06,00,01,03,03,06,06,09
07078,2007-07-08,02,03,03,03,05,05,08
07079,2007-07-10,04,04,05,06,06,08,09
07080,2007-07-13,00,02,05,05,06,07,08
07081,2007-07-15,00,00,02,03,05,06,08
07082,2007-07-17,00,00,00,01,03,06,09
07083,2007-07-20,00,00,01,04,04,05,09
07084,2007-07-22,00,03,03,04,06,07,08
07085,2007-07-24,01,01,02,05,06,07,07
07086,2007-07-27,00,01,01,03,04,05,07
07087,2007-07-29,00,01,01,02,03,05,06
07088,2007-07-31,00,03,04,07,08,09,09
07089,2007-08-03,00,02,04,05,05,05,09
07090,2007-08-05,00,01,01,02,03,07,09
07091,2007-08-07,00,01,01,04,05,07,07
07092,2007-08-10,00,01,02,04,06,08,09
07093,2007-08-12,00,01,03,04,06,07,09
07094,2007-08-14,01,02,04,05,06,06,08
07095,2007-08-17,00,00,05,06,06,08,09
07096,2007-08-19,00,04,04,06,06,06,09
07097,2007-08-21,02,04,06,07,08,09,09
07098,2007-08-24,00,03,04,05,07,09,09
07099,2007-08-26,04,06,07,08,08,09,09
07100,2007-08-28,00,01,02,04,04,05,07
07101,2007-08-31,02,05,05,06,07,08,08
07102,2007-09-02,00,00,00,01,06,07,09
07103,2007-09-04,02,03,04,05,05,07,09
07104,2007-09-07,00,00,03,03,04,08,08
07105,2007-09-09,01,01,04,06,07,08,08
07106,2007-09-11,01,01,03,05,08,08,09
07107,2007-09-14,00,03,05,07,07,09,09
07108,2007-09-16,02,03,04,04,05,07,08
07109,2007-09-18,00,02,04,05,09,09,09
07110,2007-09-21,01,03,04,06,07,07,09
07111,2007-09-23,00,01,01,02,06,06,09
07112,2007-09-25,00,01,04,05,08,08,09
07113,2007-09-28,01,03,03,05,07,08,08
07114,2007-09-30,01,02,02,06,08,09,09
07115,2007-10-02,00,00,02,02,02,05,08
07116,2007-10-05,01,01,01,01,04,09,09
07117,2007-10-07,01,01,01,02,04,05,06
07118,2007-10-09,05,06,06,06,07,07,08
07119,2007-10-12,00,03,04,08,09,09,09
07120,2007-10-14,01,01,03,04,06,07,09
07121,2007-10-16,00,02,05,06,07,07,08
07122,2007-10-19,01,03,03,04,04,07,07
07123,2007-10-21,00,01,01,02,04,05,06
07124,2007-10-23,01,02,04,05,05,07,08
07125,2007-10-26,00,00,03,03,04,04,08
07126,2007-10-28,01,05,07,07,07,08,08
07127,2007-10-30,00,04,04,06,08,08,09
07128,2007-11-02,01,04,05,06,07,07,09
07129,2007-11-04,04,06,07,07,07,08,08
07130,2007-11-06,01,03,04,04,05,09,09
07131,2007-11-09,03,03,05,06,07,07,09
07132,2007-11-11,00,01,02,04,05,06,07
07133,2007-11-13,00,02,03,05,06,07,09
07134,2007-11-16,01,05,06,08,08,09,09
07135,2007-11-18,00,02,05,06,07,08,09
07136,2007-11-20,00,02,03,05,08,08,08
07137,2007-11-23,00,00,01,02,04,05,06
07138,2007-11-25,01,02,04,04,07,09,09
07139,2007-11-27,04,04,04,06,08,08,08
07140,2007-11-30,01,04,05,07,08,09,09
07141,2007-12-02,00,00,02,05,05,08,09
07142,2007-12-04,00,00,04,06,06,06,09
07143,2007-12-07,00,01,02,03,03,05,07
07144,2007-12-09,01,01,03,04,04,05,08
07145,2007-12-11,02,04,06,07,08,09,09
07146,2007-12-14,00,01,03,03,05,07,07
07147,2007-12-16,00,00,00,00,02,02,07
07148,2007-12-18,00,01,02,03,03,04,06
07149,2007-12-21,00,03,04,06,08,09,09
07150,2007-12-23,01,01,01,01,04,04,07
07151,2007-12-25,01,02,02,02,04,04,05
07152,2007-12-28,00,01,03,04,07,08,08
07153,2007-12-30,01,03,04,05,07,08,09
08001,2008-01-01,01,03,05,06,08,08,09
08002,2008-01-04,01,03,03,05,05,07,08
08003,2008-01-06,00,02,03,04,04,04,08
08004,2008-01-08,01,01,01,04,05,07,08
08005,2008-01-11,00,01,01,03,06,07,07
08006,2008-01-13,02,03,04,05,06,06,09
08007,2008-01-15,02,06,06,06,08,09,09
08008,2008-01-18,01,02,02,07,09,09,09
08009,2008-01-20,00,00,00,02,04,05,05
08010,2008-01-22,00,00,05,05,06,07,09
08011,2008-01-25,02,04,06,07,08,08,09
08012,2008-01-27,03,05,08,08,09,09,09
08013,2008-01-29,03,06,06,06,06,07,08
08014,2008-02-01,01,03,03,04,07,08,09
08015,2008-02-03,00,01,03,04,06,07,08
08016,2008-02-05,02,03,04,04,05,08,08
08017,2008-02-15,00,01,03,04,05,05,09
08018,2008-02-17,02,03,06,06,08,09,09
08019,2008-02-19,00,01,02,05,06,09,09
08020,2008-02-22,00,01,01,02,03,05,08
08021,2008-02-24,01,02,03,04,06,07,08
08022,2008-02-26,00,01,01,04,06,06,09
08023,2008-02-29,00,00,01,01,08,08,09
08024,2008-03-02,01,01,02,02,04,07,07
08025,2008-03-04,00,02,03,03,06,07,09
08026,2008-03-07,00,02,03,03,07,08,09
08027,2008-03-09,00,00,01,01,02,03,04
08028,2008-03-11,01,02,03,03,03,06,06
08029,2008-03-14,03,05,06,06,07,08,09
08030,2008-03-16,00,03,03,04,06,08,09
08031,2008-03-18,00,01,01,02,04,04,07
08032,2008-03-21,02,02,02,03,05,05,07
08033,2008-03-23,00,01,03,03,05,07,08
08034,2008-03-25,01,02,05,06,06,09,09
08035,2008-03-28,00,03,03,06,08,08,09
08036,2008-03-30,00,02,03,04,05,07,09
08037,2008-04-01,00,02,03,05,06,09,09
08038,2008-04-04,02,03,03,06,08,08,09
08039,2008-04-06,00,00,02,02,03,08,08
08040,2008-04-08,00,02,05,05,05,08,09
08041,2008-04-11,00,01,04,05,05,06,09
08042,2008-04-13,00,01,01,01,03,07,08
08043,2008-04-15,00,02,05,07,08,09,09
08044,2008-04-18,01,03,05,05,06,08,09
08045,2008-04-20,00,01,02,05,05,08,09
08046,2008-04-22,00,00,01,02,06,07,08
08047,2008-04-25,00,04,08,08,08,09,09
08048,2008-04-27,01,03,03,04,04,06,08
08049,2008-04-29,02,05,05,06,06,07,08
08050,2008-05-02,01,04,06,06,06,07,09
08051,2008-05-04,00,05,05,06,06,08,09
08052,2008-05-06,01,06,06,06,07,09,09
08053,2008-05-09,00,01,02,05,07,07,08
08054,2008-05-11,00,02,03,05,06,07,09
08055,2008-05-13,01,02,03,03,05,06,06
08056,2008-05-16,00,01,01,03,04,04,08
08057,2008-05-18,01,03,05,06,07,07,09
08058,2008-05-20,04,04,05,05,05,06,09
08059,2008-05-23,00,01,02,06,07,07,09
08060,2008-05-25,01,02,04,05,06,08,09
08061,2008-05-27,00,00,00,01,08,08,09
08062,2008-05-30,00,02,02,02,05,05,06
08063,2008-06-01,00,00,03,05,07,09,09
08064,2008-06-03,00,00,00,03,08,08,09
08065,2008-06-06,00,03,05,07,08,09,09
08066,2008-06-08,01,01,02,02,04,04,08
08067,2008-06-10,00,02,03,03,04,07,07
08068,2008-06-13,00,01,03,04,06,08,09
08069,2008-06-15,01,02,03,04,06,08,09
08070,2008-06-17,00,00,00,02,03,05,06
08071,2008-06-20,00,00,00,02,04,08,09
08072,2008-06-22,01,01,01,01,04,07,07
08073,2008-06-24,02,03,03,04,05,07,08
08074,2008-06-27,02,02,04,05,05,06,09
08075,2008-06-29,02,04,05,05,06,07,07
08076,2008-07-01,04,05,06,07,08,09,09
08077,2008-07-04,03,03,06,08,08,09,09
08078,2008-07-06,00,00,02,04,06,06,09
08079,2008-07-08,02,03,05,06,07,07,08
08080,2008-07-11,02,02,04,05,07,09,09
08081,2008-07-13,00,01,01,04,05,05,07
08082,2008-07-15,01,02,02,03,04,07,08
08083,2008-07-18,01,02,04,05,05,07,07
08084,2008-07-20,04,05,06,08,08,09,09
08085,2008-07-22,01,01,04,04,07,09,09
08086,2008-07-25,01,01,02,03,04,04,06
08087,2008-07-27,01,02,05,06,06,08,09
08088,2008-07-29,01,01,03,05,08,08,09
08089,2008-08-01,02,02,03,04,07,07,09
08090,2008-08-03,01,05,06,06,07,08,09
08091,2008-08-05,00,02,03,05,06,07,09
08092,2008-08-08,00,01,05,05,06,09,09
08093,2008-08-10,00,00,01,02,06,09,09
08094,2008-08-12,00,03,04,04,04,06,06
08095,2008-08-15,00,02,02,02,08,08,08
08096,2008-08-17,02,04,06,07,09,09,09
08097,2008-08-19,02,04,05,07,07,08,09
08098,2008-08-22,00,02,02,08,08,09,09
08099,2008-08-24,00,01,05,05,05,06,06
08100,2008-08-26,01,02,03,03,04,07,09
08101,2008-08-29,00,00,02,03,04,05,08
08102,2008-08-31,01,03,03,03,03,05,07
08103,2008-09-02,00,01,01,03,04,05,05
08104,2008-09-05,00,00,00,01,01,08,09
08105,2008-09-07,01,02,02,03,04,05,05
08106,2008-09-09,01,02,04,07,07,07,09
08107,2008-09-12,02,03,03,04,05,07,09
08108,2008-09-14,01,03,07,07,08,08,09
08109,2008-09-16,01,03,04,05,05,09,09
08110,2008-09-19,01,02,03,03,07,08,09
08111,2008-09-21,01,05,07,07,07,09,09
08112,2008-09-23,00,03,03,05,06,08,09
08113,2008-09-26,01,04,07,07,08,08,08
08114,2008-09-28,01,05,05,07,08,09,09
08115,2008-09-30,01,04,05,07,08,09,09
08116,2008-10-03,03,04,05,07,07,07,09
08117,2008-10-05,02,03,03,04,05,08,08
08118,2008-10-07,04,04,05,06,06,08,09
08119,2008-10-10,01,01,02,02,03,04,06
08120,2008-10-12,00,01,01,05,05,05,06
08121,2008-10-14,01,01,04,06,06,07,08
08122,2008-10-17,00,00,04,07,07,09,09
08123,2008-10-19,00,00,02,04,06,08,09
08124,2008-10-21,00,02,02,03,04,07,07
08125,2008-10-24,01,02,03,04,08,09,09
08126,2008-10-26,02,02,03,03,04,04,09
08127,2008-10-28,00,00,00,00,01,04,09
08128,2008-10-31,00,02,02,04,05,07,08
08129,2008-11-02,00,00,02,06,06,07,08
08130,2008-11-04,00,02,03,07,08,08,09
08131,2008-11-07,01,03,05,06,07,07,07
08132,2008-11-09,02,02,04,05,07,08,09
08133,2008-11-11,01,05,06,08,08,09,09
08134,2008-11-14,00,03,04,05,07,07,09
08135,2008-11-16,00,01,03,05,08,08,09
08136,2008-11-18,00,01,01,02,04,05,09
08137,2008-11-21,00,01,03,04,06,08,09
08138,2008-11-23,01,03,04,05,06,07,08
08139,2008-11-25,03,03,06,06,07,07,09
08140,2008-11-28,00,01,01,03,05,08,09
08141,2008-11-30,01,02,05,05,05,07,09
08142,2008-12-02,02,03,03,04,07,07,09
08143,2008-12-05,01,01,02,03,06,08,09
08144,2008-12-07,00,02,02,04,05,08,08
08145,2008-12-09,03,03,03,04,04,05,06
08146,2008-12-12,00,00,01,01,02,07,09
08147,2008-12-14,00,01,04,05,05,06,07
08148,2008-12-16,01,01,03,03,03,04,06
08149,2008-12-19,00,01,01,02,03,04,06
08150,2008-12-21,00,01,06,06,07,07,09
08151,2008-12-23,01,03,04,05,06,06,06
08152,2008-12-26,03,04,05,05,06,06,09
08153,2008-12-28,00,01,02,03,04,06,08
08154,2008-12-30,00,02,02,04,05,07,08
09001,2009-01-02,00,01,02,03,04,07,09
09002,2009-01-04,00,04,04,05,07,08,08
09003,2009-01-06,00,01,01,02,04,05,09
09004,2009-01-09,01,01,02,02,03,05,08
09005,2009-01-11,01,06,06,07,07,07,08
09006,2009-01-13,01,02,03,03,05,06,07
09007,2009-01-16,00,01,04,06,07,08,09
09008,2009-01-18,01,03,04,06,06,06,08
09009,2009-01-20,02,03,03,08,08,09,09
09010,2009-01-23,00,01,02,02,03,05,08
09011,2009-02-01,01,04,04,08,08,09,09
09012,2009-02-03,00,02,02,06,06,07,09
09013,2009-02-06,03,03,05,05,06,07,09
09014,2009-02-08,02,05,06,07,08,09,09
09015,2009-02-10,02,06,06,06,07,08,08
09016,2009-02-13,01,02,02,06,06,07,08
09017,2009-02-15,02,02,03,04,04,04,06
09018,2009-02-17,01,02,02,02,03,03,06
09019,2009-02-20,00,01,01,03,05,06,09
09020,2009-02-22,02,02,02,06,07,08,08
09021,2009-02-24,00,01,01,04,06,07,09
09022,2009-02-27,01,03,03,07,07,07,09
09023,2009-03-01,01,01,02,02,03,06,09
09024,2009-03-03,02,04,06,08,09,09,09
09025,2009-03-06,00,01,01,03,05,08,09
09026,2009-03-08,00,02,03,08,08,08,09
09027,2009-03-10,01,04,05,07,07,08,09
09028,2009-03-13,00,01,03,03,07,08,09
09029,2009-03-15,02,02,03,03,06,08,09
09030,2009-03-17,02,04,04,06,06,08,09
09031,2009-03-20,02,03,03,06,07,09,09
09032,2009-03-22,03,03,05,05,05,09,09
09033,2009-03-24,01,02,02,03,03,04,07
09034,2009-03-27,00,01,04,05,06,07,09
09035,2009-03-29,03,04,05,05,06,07,08
09036,2009-03-31,00,01,05,06,06,08,09
09037,2009-04-03,03,04,06,06,07,08,09
09038,2009-04-05,01,02,06,06,08,09,09
09039,2009-04-07,01,02,02,04,04,09,09
09040,2009-04-10,00,01,02,05,05,07,07
09041,2009-04-12,01,02,03,06,06,07,08
09042,2009-04-14,00,00,03,05,06,07,09
09043,2009-04-17,02,03,04,07,07,08,09
09044,2009-04-19,00,04,05,07,08,08,09
09045,2009-04-21,00,01,01,03,04,07,08
09046,2009-04-24,00,01,03,04,04,05,07
09047,2009-04-26,01,01,03,05,05,07,08
09048,2009-04-28,01,02,03,05,05,08,08
09049,2009-05-01,00,00,03,04,05,05,06
09050,2009-05-03,00,02,02,02,02,08,08
09051,2009-05-05,00,00,01,03,04,05,09
09052,2009-05-08,01,02,03,03,04,05,07
09053,2009-05-10,00,00,01,02,04,08,09
09054,2009-05-12,01,02,02,03,05,06,07
09055,2009-05-15,01,01,02,06,08,09,09
09056,2009-05-17,01,05,05,06,07,08,09
09057,2009-05-19,00,03,06,06,08,09,09
09058,2009-05-22,01,02,03,04,06,08,09
09059,2009-05-24,00,01,02,02,03,05,05
09060,2009-05-26,01,02,04,05,07,07,08
09061,2009-05-29,02,03,03,05,05,06,07
09062,2009-05-31,01,02,02,04,08,08,09
09063,2009-06-02,01,03,05,06,06,06,08
09064,2009-06-05,01,03,04,05,05,06,07
09065,2009-06-07,01,01,01,06,06,07,07
09066,2009-06-09,01,02,02,04,06,07,09
09067,2009-06-12,04,04,05,06,07,08,09
09068,2009-06-14,00,00,01,01,01,02,04
09069,2009-06-16,01,02,03,04,05,06,07
09070,2009-06-19,02,05,07,07,08,08,09
09071,2009-06-21,00,02,03,04,06,07,09
09072,2009-06-23,04,04,06,06,07,09,09
09073,2009-06-26,00,00,06,08,08,09,09
09074,2009-06-28,00,02,04,06,07,08,09
09075,2009-06-30,00,03,03,05,05,06,09
09076,2009-07-03,00,00,01,02,03,03,07
09077,2009-07-05,01,04,05,05,05,06,07
09078,2009-07-07,00,00,03,03,08,08,09
09079,2009-07-10,00,03,04,05,06,09,09
09080,2009-07-12,00,00,00,01,04,05,08
09081,2009-07-14,03,04,05,05,06,08,09
09082,2009-07-17,01,03,04,04,05,09,09
09083,2009-07-19,01,04,04,04,05,05,08
09084,2009-07-21,01,04,05,05,06,06,06
09085,2009-07-24,00,04,07,07,07,08,09
09086,2009-07-26,00,01,02,03,03,07,09
09087,2009-07-28,01,02,02,03,06,06,07
09088,2009-07-31,00,01,03,03,06,06,09
09089,2009-08-02,00,01,02,02,04,05,09
09090,2009-08-04,01,02,05,06,07,07,07
09091,2009-08-07,00,02,04,05,05,06,08
09092,2009-08-09,00,03,04,05,06,08,09
09093,2009-08-11,00,02,03,04,06,06,07
09094,2009-08-14,00,00,02,02,05,06,07
09095,2009-08-16,01,02,03,03,03,07,09
09096,2009-08-18,01,02,02,04,05,06,08
09097,2009-08-21,01,03,04,06,08,08,09
09098,2009-08-23,01,02,05,06,06,07,07
09099,2009-08-25,00,00,00,03,06,07,07
09100,2009-08-28,00,01,02,02,04,07,09
09101,2009-08-30,01,02,02,02,05,05,09
09102,2009-09-01,00,01,01,02,03,05,07
09103,2009-09-04,03,04,05,06,09,09,09
09104,2009-09-06,04,04,04,05,08,08,09
09105,2009-09-08,00,03,04,06,07,09,09
09106,2009-09-11,03,04,06,06,08,08,09
09107,2009-09-13,00,01,02,02,04,07,07
09108,2009-09-15,00,04,07,08,08,08,09
09109,2009-09-18,00,01,03,04,04,04,06
09110,2009-09-20,00,02,03,04,04,07,08
09111,2009-09-22,00,02,03,04,07,07,09
09112,2009-09-25,02,02,02,03,03,04,08
09113,2009-09-27,00,01,01,04,08,08,09
09114,2009-09-29,04,05,06,07,08,09,09
09115,2009-10-02,00,03,03,05,06,06,08
09116,2009-10-04,00,01,03,03,05,06,09
09117,2009-10-06,02,02,03,03,03,04,04
09118,2009-10-09,00,01,02,02,04,07,09
09119,2009-10-11,00,05,06,08,08,09,09
09120,2009-10-13,02,03,03,05,06,07,09
09121,2009-10-16,01,04,05,05,05,07,07
09122,2009-10-18,00,03,05,05,06,06,07
09123,2009-10-20,00,01,06,07,08,08,09
09124,2009-10-23,02,03,04,07,08,09,09
09125,2009-10-25,00,01,02,02,04,08,09
09126,2009-10-27,01,01,03,03,04,05,09
09127,2009-10-30,01,01,02,05,07,08,08
09128,2009-11-01,00,01,01,02,04,04,07
09129,2009-11-03,00,01,04,04,05,06,07
09130,2009-11-06,02,02,03,05,06,07,08
09131,2009-11-08,00,01,05,05,07,08,08
09132,2009-11-10,02,02,05,05,05,09,09
09133,2009-11-13,02,04,04,04,05,07,07
09134,2009-11-15,04,04,06,07,07,08,08
09135,2009-11-17,00,04,06,08,08,09,09
09136,2009-11-20,00,00,01,01,05,06,09
09137,2009-11-22,00,01,01,02,02,05,08
09138,2009-11-24,04,04,05,05,06,07,08
09139,2009-11-27,00,03,03,06,08,09,09
09140,2009-11-29,01,03,03,03,04,07,08
09141,2009-12-01,00,06,07,08,08,09,09
09142,2009-12-04,00,02,04,05,07,07,09
09143,2009-12-06,00,00,03,04,04,07,07
09144,2009-12-08,01,06,07,07,08,08,09
09145,2009-12-11,00,01,01,03,06,08,09
09146,2009-12-13,00,00,00,04,07,08,09
09147,2009-12-15,00,01,02,03,08,09,09
09148,2009-12-18,02,02,02,03,06,06,07
09149,2009-12-20,01,01,04,04,04,05,05
09150,2009-12-22,02,02,04,05,05,06,08
09151,2009-12-25,01,02,02,04,05,06,06
09152,2009-12-27,00,00,00,02,04,04,08
09153,2009-12-29,02,03,03,04,05,05,06
10001,2010-01-01,00,01,02,04,04,04,09
10002,2010-01-03,00,03,04,05,05,08,09
10003,2010-01-05,00,01,04,05,06,07,08
10004,2010-01-08,00,00,00,01,04,06,09
10005,2010-01-10,00,01,01,03,05,05,08
10006,2010-01-12,00,01,03,04,06,09,09
10007,2010-01-15,00,03,04,05,07,07,08
10008,2010-01-17,01,02,03,05,05,08,09
10009,2010-01-19,00,01,02,04,06,07,09
10010,2010-01-22,00,03,03,05,06,08,08
10011,2010-01-24,01,02,05,07,08,08,09
10012,2010-01-26,01,01,03,03,05,05,06
10013,2010-01-29,00,02,05,05,07,07,09
10014,2010-01-31,00,00,01,02,05,06,09
10015,2010-02-02,01,02,02,02,03,05,09
10016,2010-02-05,01,05,06,06,06,07,09
10017,2010-02-07,01,02,02,03,06,08,09
10018,2010-02-09,00,00,02,02,05,06,06
10019,2010-02-12,02,06,07,07,07,09,09
10020,2010-02-21,00,00,06,08,08,08,09
10021,2010-02-23,02,02,04,04,04,05,09
10022,2010-02-26,00,04,05,07,08,09,09
10023,2010-02-28,03,03,04,04,04,07,08
10024,2010-03-02,05,06,06,07,08,09,09
10025,2010-03-05,00,02,04,04,04,05,06
10026,2010-03-07,00,01,05,06,06,08,08
10027,2010-03-09,00,02,03,04,07,08,09
10028,2010-03-12,00,01,05,06,07,09,09
10029,2010-03-14,03,03,06,06,07,08,08
10030,2010-03-16,00,05,06,07,08,09,09
10031,2010-03-19,00,02,04,05,08,08,09
10032,2010-03-21,02,02,07,07,07,08,09
10033,2010-03-23,00,00,01,02,05,05,09
10034,2010-03-26,00,01,03,03,03,04,08
10035,2010-03-28,05,06,07,08,09,09,09
10036,2010-03-30,03,03,04,04,07,07,09
10037,2010-04-02,03,04,04,06,07,07,09
10038,2010-04-04,01,01,02,07,07,08,08
10039,2010-04-06,00,00,01,03,07,08,08
10040,2010-04-09,00,01,04,04,05,08,09
10041,2010-04-11,00,03,06,06,06,07,07
10042,2010-04-13,01,02,03,04,08,09,09
10043,2010-04-16,02,02,05,06,06,06,08
10044,2010-04-18,01,02,04,05,06,06,06
10045,2010-04-20,00,00,01,02,03,07,08
10046,2010-04-23,00,01,01,02,03,04,04
10047,2010-04-25,00,01,03,05,05,06,06
10048,2010-04-27,04,04,06,06,06,07,07
10049,2010-04-30,03,04,04,05,06,07,08
10050,2010-05-02,02,03,03,06,07,08,08
10051,2010-05-04,04,05,05,07,07,08,09
10052,2010-05-07,00,02,02,02,03,08,09
10053,2010-05-09,00,02,03,05,05,07,09
10054,2010-05-11,00,01,03,04,05,06,06
10055,2010-05-14,01,02,02,03,04,06,09
10056,2010-05-16,01,03,04,05,08,09,09
10057,2010-05-18,01,01,03,04,04,05,07
10058,2010-05-21,00,01,06,07,08,08,09
10059,2010-05-23,01,03,04,05,06,07,08
10060,2010-05-25,00,01,03,05,06,08,09
10061,2010-05-28,00,02,04,04,05,06,07
10062,2010-05-30,00,02,02,04,06,07,09
10063,2010-06-01,00,04,05,05,06,08,08
10064,2010-06-04,00,00,00,02,02,05,07
10065,2010-06-06,00,03,05,05,08,09,09
10066,2010-06-08,00,03,06,08,09,09,09
10067,2010-06-11,00,01,02,02,04,07,08
10068,2010-06-13,00,01,05,07,07,09,09
10069,2010-06-15,00,01,01,01,04,05,09
10070,2010-06-18,01,01,04,05,05,08,09
10071,2010-06-20,00,01,04,04,05,06,08
10072,2010-06-22,01,01,03,03,05,06,08
10073,2010-06-25,01,02,03,04,05,06,07
10074,2010-06-27,02,02,03,03,04,07,08
10075,2010-06-29,00,02,02,03,03,06,08
10076,2010-07-02,00,02,02,03,03,08,09
10077,2010-07-04,00,03,03,03,04,04,08
10078,2010-07-06,01,01,01,07,08,08,09
10079,2010-07-09,02,02,03,04,05,06,09
10080,2010-07-11,01,01,01,01,01,05,07
10081,2010-07-13,00,01,01,02,03,06,07
10082,2010-07-16,01,02,03,05,06,06,07
10083,2010-07-18,00,00,00,03,03,04,06
10084,2010-07-20,00,01,02,03,05,06,08
10085,2010-07-23,00,00,01,04,07,07,09
10086,2010-07-25,04,04,05,05,07,07,08
10087,2010-07-27,00,01,05,05,06,08,08
10088,2010-07-30,02,03,04,04,04,05,07
10089,2010-08-01,01,01,03,06,08,08,09
10090,2010-08-03,01,04,05,06,06,06,08
10091,2010-08-06,00,00,02,02,06,06,07
10092,2010-08-08,00,01,01,01,02,09,09
10093,2010-08-10,01,03,03,04,06,06,06
10094,2010-08-13,01,03,04,05,05,06,06
10095,2010-08-15,03,05,07,08,08,08,08
10096,2010-08-17,00,04,05,06,06,08,08
10097,2010-08-20,00,01,03,04,06,07,09
10098,2010-08-22,05,05,06,06,07,07,09
10099,2010-08-24,02,02,07,07,07,08,09
10100,2010-08-27,00,04,05,05,06,06,07
10101,2010-08-29,01,03,05,07,08,08,09
10102,2010-08-31,00,02,04,05,06,06,07
10103,2010-09-03,00,00,02,03,06,07,09
10104,2010-09-05,01,03,05,05,07,09,09
10105,2010-09-07,00,06,07,07,09,09,09
10106,2010-09-10,01,02,03,04,08,09,09
10107,2010-09-12,02,04,04,04,05,08,09
10108,2010-09-14,00,04,04,05,06,06,09
10109,2010-09-17,00,00,02,03,05,07,07
10110,2010-09-19,00,02,04,04,04,04,05
10111,2010-09-21,00,00,04,06,07,07,07
10112,2010-09-24,01,02,04,04,05,08,09
10113,2010-09-26,03,05,06,07,07,09,09
10114,2010-09-28,03,04,05,05,06,06,09
10115,2010-10-01,00,02,03,03,07,08,09
10116,2010-10-03,00,00,03,03,04,07,09
10117,2010-10-05,01,03,04,05,07,09,09
10118,2010-10-08,00,03,03,04,05,06,08
10119,2010-10-10,01,02,05,05,05,06,07
10120,2010-10-12,01,02,02,05,06,07,09
10121,2010-10-15,00,01,03,03,04,05,07
10122,2010-10-17,00,02,03,04,07,07,08
10123,2010-10-19,03,06,06,07,08,09,09
10124,2010-10-22,00,00,03,07,07,09,09
10125,2010-10-24,01,02,02,04,05,06,08
10126,2010-10-26,00,02,03,04,06,06,09
10127,2010-10-29,02,04,04,05,06,07,08
10128,2010-10-31,00,01,01,04,06,07,09
10129,2010-11-02,01,03,04,08,08,09,09
10130,2010-11-05,01,02,04,05,06,06,07
10131,2010-11-07,00,01,02,02,02,06,07
10132,2010-11-09,03,03,05,06,07,08,08
10133,2010-11-12,04,04,06,08,08,09,09
10134,2010-11-14,03,04,06,06,07,09,09
10135,2010-11-16,00,00,01,01,04,08,09
10136,2010-11-19,01,01,03,03,03,04,07
10137,2010-11-21,00,07,07,07,07,07,07
10138,2010-11-23,02,06,06,07,08,08,09
10139,2010-11-26,00,02,05,06,07,08,09
10140,2010-11-28,00,02,03,03,06,06,09
10141,2010-11-30,01,03,05,05,08,08,08
10142,2010-12-03,01,03,04,04,06,07,09
10143,2010-12-05,00,04,05,06,07,08,08
10144,2010-12-07,00,00,02,04,05,07,08
10145,2010-12-10,00,02,03,03,05,07,09
10146,2010-12-12,00,01,01,01,02,06,08
10147,2010-12-14,00,01,01,02,03,07,08
10148,2010-12-17,00,01,05,05,05,06,08
10149,2010-12-19,02,04,05,05,07,08,09
10150,2010-12-21,01,02,03,04,06,07,07
10151,2010-12-24,02,05,05,06,07,07,09
10152,2010-12-26,00,01,02,04,05,06,08
10153,2010-12-28,03,05,06,06,07,08,09
10154,2010-12-31,02,02,04,05,05,07,09
11001,2011-01-02,04,04,05,05,08,08,09
11002,2011-01-04,00,00,00,01,05,05,06
11003,2011-01-07,00,00,03,08,09,09,09
11004,2011-01-09,00,01,03,04,06,06,06
11005,2011-01-11,02,04,05,06,06,09,09
11006,2011-01-14,00,01,05,05,06,07,09
11007,2011-01-16,03,03,04,05,05,08,09
11008,2011-01-18,00,03,06,06,06,07,08
11009,2011-01-21,00,00,01,01,03,05,07
11010,2011-01-23,01,03,03,03,06,07,08
11011,2011-01-25,00,00,03,06,06,06,06
11012,2011-01-28,00,00,04,04,04,05,07
11013,2011-01-30,02,02,04,05,08,08,09
11014,2011-02-01,00,02,03,04,04,08,08
11015,2011-02-11,00,01,01,01,02,03,05
11016,2011-02-13,03,03,05,05,07,09,09
11017,2011-02-15,02,02,03,05,06,07,09
11018,2011-02-18,02,02,05,06,06,07,07
11019,2011-02-20,00,04,06,08,08,09,09
11020,2011-02-22,00,01,02,02,05,06,07
11021,2011-02-25,00,00,00,02,06,07,07
11022,2011-02-27,00,00,02,03,05,06,07
11023,2011-03-01,00,01,03,04,05,07,09
11024,2011-03-04,00,03,03,07,07,07,09
11025,2011-03-06,02,03,05,07,07,08,09
11026,2011-03-08,00,02,03,05,05,06,08
11027,2011-03-11,02,02,03,03,06,07,08
11028,2011-03-13,02,02,03,05,05,05,08
11029,2011-03-15,00,00,00,01,02,04,06
11030,2011-03-18,02,03,03,04,04,05,09
11031,2011-03-20,01,03,04,05,06,07,07
11032,2011-03-22,00,01,02,02,03,06,08
11033,2011-03-25,00,02,02,03,05,05,06
11034,2011-03-27,02,04,06,06,08,09,09
11035,2011-03-29,02,02,04,07,07,07,08
11036,2011-04-01,02,03,04,06,06,07,08
11037,2011-04-03,04,05,05,06,06,08,09
11038,2011-04-05,00,01,02,04,04,05,07
11039,2011-04-08,01,02,03,06,07,07,09
11040,2011-04-10,03,05,07,07,08,08,08
11041,2011-04-12,03,06,06,06,06,06,09
11042,2011-04-15,01,02,03,04,06,06,07
11043,2011-04-17,00,02,06,06,07,08,09
11044,2011-04-19,03,04,05,06,06,06,08
11045,2011-04-22,00,03,08,08,09,09,09
11046,2011-04-24,01,01,03,04,06,07,08
11047,2011-04-26,01,02,02,05,07,09,09
11048,2011-04-29,00,00,05,06,07,08,09
11049,2011-05-01,01,01,04,05,08,08,09
11050,2011-05-03,00,01,02,03,05,06,09
11051,2011-05-06,00,01,02,03,04,07,07
11052,2011-05-08,00,03,03,05,07,07,08
11053,2011-05-10,02,02,04,04,06,06,09
11054,2011-05-13,00,03,03,04,04,09,09
11055,2011-05-15,00,01,02,05,07,08,08
11056,2011-05-17,00,04,05,05,05,06,09
11057,2011-05-20,01,01,05,05,06,08,08
11058,2011-05-22,00,01,02,03,04,05,09
11059,2011-05-24,00,02,02,04,04,05,07
11060,2011-05-27,00,02,04,04,05,08,08
11061,2011-05-29,00,02,02,04,04,07,08
11062,2011-05-31,02,03,03,04,04,06,08
11063,2011-06-03,01,01,04,05,07,07,08
11064,2011-06-05,03,03,04,04,04,07,08
11065,2011-06-07,00,00,00,01,02,09,09
11066,2011-06-10,01,01,01,03,05,08,08
11067,2011-06-12,00,03,03,07,07,08,08
11068,2011-06-14,01,02,02,05,05,05,07
11069,2011-06-17,02,02,04,05,07,09,09
11070,2011-06-19,00,00,00,00,02,03,04
11071,2011-06-21,02,03,04,04,05,06,08
11072,2011-06-24,01,01,03,04,04,06,07
11073,2011-06-26,00,01,04,05,07,08,09
11074,2011-06-28,00,00,01,05,06,08,09
11075,2011-07-01,01,01,01,02,03,07,09
11076,2011-07-03,00,01,02,03,04,05,07
11077,2011-07-05,02,03,04,04,06,07,09
11078,2011-07-08,02,05,05,05,06,06,08
11079,2011-07-10,01,02,03,05,07,08,09
11080,2011-07-12,00,02,05,05,05,07,09
11081,2011-07-15,02,03,03,04,06,07,07
11082,2011-07-17,00,00,01,02,04,07,09
11083,2011-07-19,00,00,03,04,06,07,09
11084,2011-07-22,02,03,04,05,07,08,08
11085,2011-07-24,00,04,05,05,05,07,09
11086,2011-07-26,00,01,01,03,05,07,08
11087,2011-07-29,01,01,02,03,04,05,07
11088,2011-07-31,00,01,03,06,08,08,09
11089,2011-08-02,00,00,04,05,06,07,08
11090,2011-08-05,00,01,01,03,03,06,09
11091,2011-08-07,01,03,04,06,07,08,09
11092,2011-08-09,01,02,04,04,05,06,07
11093,2011-08-12,02,03,04,05,05,09,09
11094,2011-08-14,00,05,06,07,08,09,09
11095,2011-08-16,00,01,02,04,04,05,09
11096,2011-08-19,02,03,08,08,08,09,09
11097,2011-08-21,01,02,05,05,06,07,08
11098,2011-08-23,00,00,00,03,05,06,09
11099,2011-08-26,00,01,01,04,05,07,07
11100,2011-08-28,01,01,06,07,07,07,09
11101,2011-08-30,00,01,02,05,06,06,09
11102,2011-09-02,00,01,01,03,04,04,05
11103,2011-09-04,02,02,04,06,08,09,09
11104,2011-09-06,01,01,01,02,03,04,09
11105,2011-09-09,01,02,02,05,07,07,07
11106,2011-09-11,03,03,05,06,06,06,09
11107,2011-09-13,03,03,04,04,05,08,09
11108,2011-09-16,01,02,02,04,06,06,07
11109,2011-09-18,00,00,02,03,07,08,09
11110,2011-09-20,01,01,04,05,07,08,09
11111,2011-09-23,00,01,01,05,06,06,07
11112,2011-09-25,01,02,03,04,05,05,09
11113,2011-09-27,02,02,06,07,07,08,08
11114,2011-09-30,01,04,05,05,05,07,09
11115,2011-10-02,01,01,02,03,03,05,05
11116,2011-10-04,00,00,01,02,05,07,09
11117,2011-10-07,01,01,02,04,07,07,08
11118,2011-10-09,00,03,04,04,06,07,09
11119,2011-10-11,00,01,04,05,05,07,09
11120,2011-10-14,02,02,03,03,04,07,08
11121,2011-10-16,01,01,02,04,05,07,09
11122,2011-10-18,00,00,01,02,05,06,06
11123,2011-10-21,01,02,03,04,05,08,09
11124,2011-10-23,02,03,03,04,04,08,09
11125,2011-10-25,01,01,02,02,05,06,06
11126,2011-10-28,01,01,03,06,08,08,09
11127,2011-10-30,00,00,03,04,07,07,07
11128,2011-11-01,00,00,00,05,06,08,08
11129,2011-11-04,02,05,06,08,08,09,09
11130,2011-11-06,01,04,06,06,07,07,08
11131,2011-11-08,00,00,02,02,04,07,09
11132,2011-11-11,03,03,03,06,06,06,09
11133,2011-11-13,01,02,02,05,05,06,07
11134,2011-11-15,00,03,03,05,06,07,09
11135,2011-11-18,01,01,02,02,03,05,06
11136,2011-11-20,00,02,02,02,04,06,08
11137,2011-11-22,00,01,02,07,08,09,09
11138,2011-11-25,00,02,04,07,07,08,08
11139,2011-11-27,02,03,04,04,06,06,06
11140,2011-11-29,01,02,05,05,07,08,09
11141,2011-12-02,00,01,02,02,05,09,09
11142,2011-12-04,02,03,05,05,06,06,07
11143,2011-12-06,03,03,04,04,05,06,06
11144,2011-12-09,00,01,03,04,05,08,09
11145,2011-12-11,00,02,05,06,06,07,07
11146,2011-12-13,00,02,03,04,06,09,09
11147,2011-12-16,00,00,02,02,03,04,05
11148,2011-12-18,00,02,04,04,05,05,07
11149,2011-12-20,00,01,02,05,07,07,07
11150,2011-12-23,01,02,02,05,05,08,09
11151,2011-12-25,01,01,03,04,05,06,08
11152,2011-12-27,01,03,04,06,07,09,09
11153,2011-12-30,00,00,02,02,04,05,09
12001,2012-01-01,00,00,05,06,08,09,09
12002,2012-01-03,03,03,05,06,07,08,09
12003,2012-01-06,00,01,02,03,04,05,07
12004,2012-01-08,01,02,03,03,04,04,06
12005,2012-01-10,00,05,06,06,07,07,08
12006,2012-01-13,00,04,05,07,08,09,09
12007,2012-01-15,00,00,02,04,05,08,09
12008,2012-01-17,00,03,06,07,07,08,09
12009,2012-01-20,00,00,07,07,08,09,09
12010,2012-01-29,00,00,00,04,04,05,06
12011,2012-01-31,01,02,02,05,06,06,07
12012,2012-02-03,00,01,01,01,04,08,08
12013,2012-02-05,00,00,01,01,01,06,07
12014,2012-02-07,00,01,03,04,05,06,06
12015,2012-02-10,02,03,04,05,05,07,07
12016,2012-02-12,01,02,04,05,05,05,07
12017,2012-02-14,00,02,03,04,05,05,08
12018,2012-02-17,01,03,03,03,05,06,08
12019,2012-02-19,01,01,02,03,08,08,09
12020,2012-02-21,01,03,04,05,06,07,07
12021,2012-02-24,00,01,02,02,03,03,05
12022,2012-02-26,02,03,04,06,08,09,09
12023,2012-02-28,00,03,05,06,08,09,09
12024,2012-03-02,01,02,03,05,05,05,08
12025,2012-03-04,00,00,02,05,05,09,09
12026,2012-03-06,00,01,05,05,08,08,09
12027,2012-03-09,01,02,03,06,08,08,09
12028,2012-03-11,02,04,04,05,07,08,09
12029,2012-03-13,00,01,01,05,06,07,09
12030,2012-03-16,00,01,02,02,03,03,04
12031,2012-03-18,00,01,03,04,06,07,08
12032,2012-03-20,00,01,02,06,07,07,07
12033,2012-03-23,00,02,03,07,07,07,08
12034,2012-03-25,01,01,02,03,03,04,07
12035,2012-03-27,00,01,02,02,03,04,06
12036,2012-03-30,00,01,02,02,03,08,09
12037,2012-04-01,01,04,06,07,07,07,07
12038,2012-04-03,00,00,01,04,06,09,09
12039,2012-04-06,00,03,04,04,05,06,09
12040,2012-04-08,01,01,02,02,03,05,09
12041,2012-04-10,00,00,04,05,06,06,08
12042,2012-04-13,00,01,02,02,04,06,07
12043,2012-04-15,00,01,02,03,07,09,09
12044,2012-04-17,03,03,04,07,07,07,08
12045,2012-04-20,01,02,03,05,07,08,08
12046,2012-04-22,02,02,04,06,07,08,08
12047,2012-04-24,03,04,04,06,07,08,08
12048,2012-04-27,01,02,03,04,05,07,09
12049,2012-04-29,01,03,05,06,06,06,08
12050,2012-05-01,00,00,01,06,07,07,09
12051,2012-05-04,01,06,07,08,08,09,09
12052,2012-05-06,00,01,02,03,04,05,05
12053,2012-05-08,00,00,01,05,06,06,09
12054,2012-05-11,00,02,02,02,05,05,07
12055,2012-05-13,01,03,04,04,05,07,07
12056,2012-05-15,00,01,03,05,07,07,09
12057,2012-05-18,01,02,02,07,08,08,09
12058,2012-05-20,00,02,06,07,07,08,09
12059,2012-05-22,00,00,01,01,04,08,08
12060,2012-05-25,00,00,03,04,04,04,07
12061,2012-05-27,01,06,06,07,08,08,09
12062,2012-05-29,00,00,02,02,04,05,09
12063,2012-06-01,00,01,03,03,05,07,07
12064,2012-06-03,03,05,05,05,06,06,09
12065,2012-06-05,00,02,03,04,05,07,08
12066,2012-06-08,00,01,02,02,03,05,05
12067,2012-06-10,04,05,05,06,08,08,08
12068,2012-06-12,00,01,02,05,07,07,08
12069,2012-06-15,01,02,05,05,07,07,08
12070,2012-06-17,00,04,08,08,08,09,09
12071,2012-06-19,00,06,06,06,08,08,08
12072,2012-06-22,00,01,01,05,07,08,09
12073,2012-06-24,00,01,05,05,06,07,09
12074,2012-06-26,00,02,03,05,05,07,07
12075,2012-06-29,03,03,03,04,07,08,09
12076,2012-07-01,02,02,03,04,05,09,09
12077,2012-07-03,00,01,02,04,07,09,09
12078,2012-07-06,00,02,02,03,06,09,09
12079,2012-07-08,03,04,04,05,06,08,09
12080,2012-07-10,01,01,02,03,04,04,07
12081,2012-07-13,00,01,02,03,07,08,08
12082,2012-07-15,01,02,03,05,06,07,09
12083,2012-07-17,01,02,02,04,05,08,09
12084,2012-07-20,00,01,02,03,03,09,09
12085,2012-07-22,00,01,02,04,06,06,09
12086,2012-07-24,00,02,03,07,08,09,09
12087,2012-07-27,00,01,02,03,04,09,09
12088,2012-07-29,00,02,03,04,06,08,08
12089,2012-07-31,01,01,01,04,05,07,09
12090,2012-08-03,01,01,01,02,06,06,07
12091,2012-08-05,02,02,03,04,04,06,09
12092,2012-08-07,03,04,04,06,07,07,09
12093,2012-08-10,01,01,02,06,06,08,09
12094,2012-08-12,00,03,04,06,06,07,08
12095,2012-08-14,00,03,03,04,05,06,07
12096,2012-08-17,02,02,03,05,06,06,07
12097,2012-08-19,00,01,02,04,05,07,09
12098,2012-08-21,04,05,05,06,08,08,09
12099,2012-08-24,00,00,01,02,05,05,07
12100,2012-08-26,00,02,02,04,05,07,09
12101,2012-08-28,01,01,02,03,04,05,06
12102,2012-08-31,03,05,06,06,07,08,08
12103,2012-09-02,02,03,03,05,09,09,09
12104,2012-09-04,00,00,03,05,05,07,09
12105,2012-09-07,00,04,05,05,05,06,08
12106,2012-09-09,00,02,02,03,03,05,08
12107,2012-09-11,00,01,01,01,04,07,08
12108,2012-09-14,00,01,01,03,05,06,08
12109,2012-09-16,01,03,05,05,05,06,09
12110,2012-09-18,02,03,03,05,05,06,09
12111,2012-09-21,00,04,05,07,08,09,09
12112,2012-09-23,03,03,05,07,07,08,09
12113,2012-09-25,00,01,02,02,03,05,06
12114,2012-09-28,00,00,01,01,04,04,06
12115,2012-09-30,00,01,01,03,07,09,09
12116,2012-10-02,01,01,02,02,03,06,08
12117,2012-10-05,02,02,03,04,06,07,08
12118,2012-10-07,02,02,05,06,06,09,09
12119,2012-10-09,00,03,04,05,09,09,09
12120,2012-10-12,02,02,03,05,06,08,09
12121,2012-10-14,00,01,03,05,05,07,08
12122,2012-10-16,00,00,01,02,02,07,08
12123,2012-10-19,00,01,01,04,04,06,09
12124,2012-10-21,01,03,04,04,06,08,09
12125,2012-10-23,02,03,04,05,08,08,09
12126,2012-10-26,01,03,04,07,08,08,09
12127,2012-10-28,00,02,02,04,05,08,08
12128,2012-10-30,02,04,04,04,06,08,08
12129,2012-11-02,00,01,02,05,06,08,09
12130,2012-11-04,02,05,06,06,07,09,09
12131,2012-11-06,00,01,01,01,02,05,06
12132,2012-11-09,00,01,03,04,04,04,08
12133,2012-11-11,00,01,01,04,06,07,08
12134,2012-11-13,00,02,02,03,04,08,09
12135,2012-11-16,03,03,04,05,05,06,08
12136,2012-11-18,02,02,04,06,07,08,09
12137,2012-11-20,00,04,05,06,07,07,08
12138,2012-11-23,00,00,01,02,05,08,09
12139,2012-11-25,00,00,02,03,05,06,06
12140,2012-11-27,00,01,01,02,05,05,08
12141,2012-11-30,00,01,05,07,07,08,09
12142,2012-12-02,00,02,02,02,03,08,09
12143,2012-12-04,01,02,04,05,07,09,09
12144,2012-12-07,00,00,00,01,03,06,09
12145,2012-12-09,00,01,04,06,07,08,09
12146,2012-12-11,01,01,02,03,07,07,09
12147,2012-12-14,00,00,04,04,07,09,09
12148,2012-12-16,00,01,02,05,06,07,07
12149,2012-12-18,00,03,03,05,05,08,09
12150,2012-12-21,00,00,02,02,04,06,09
12151,2012-12-23,01,03,03,04,08,08,08
12152,2012-12-25,01,03,05,06,06,07,08
12153,2012-12-28,00,00,01,04,04,05,07
12154,2012-12-30,01,02,02,03,04,07,09
13001,2013-01-01,01,01,03,03,03,05,09
13002,2013-01-04,00,01,03,04,05,05,07
13003,2013-01-06,00,00,01,02,06,07,08
13004,2013-01-08,00,01,04,04,05,07,08
13005,2013-01-11,02,03,04,05,05,07,07
13006,2013-01-13,01,02,03,04,07,08,08
13007,2013-01-15,01,01,02,05,05,06,06
13008,2013-01-18,00,03,04,04,07,08,08
13009,2013-01-20,00,01,03,03,05,06,09
13010,2013-01-22,01,02,06,07,07,07,08
13011,2013-01-25,00,00,04,05,05,07,08
13012,2013-01-27,00,01,02,03,04,05,06
13013,2013-01-29,00,01,01,03,05,06,08
13014,2013-02-01,01,03,04,04,05,05,09
13015,2013-02-03,03,03,04,06,06,06,07
13016,2013-02-05,00,02,02,05,06,08,09
13017,2013-02-08,02,03,04,07,09,09,09
13018,2013-02-17,01,01,02,05,07,08,09
13019,2013-02-19,02,04,05,07,07,09,09
13020,2013-02-22,03,03,04,05,05,06,09
13021,2013-02-24,00,01,01,03,04,08,08
13022,2013-02-26,00,02,03,05,07,08,09
13023,2013-03-01,00,01,04,04,07,07,09
13024,2013-03-03,01,02,03,06,06,08,09
13025,2013-03-05,00,06,07,08,09,09,09
13026,2013-03-08,00,00,02,04,05,07,07
13027,2013-03-10,00,01,01,03,07,08,08
13028,2013-03-12,04,06,06,06,06,08,09
13029,2013-03-15,02,04,05,08,08,08,09
13030,2013-03-17,01,02,04,06,07,07,07
13031,2013-03-19,02,03,04,05,07,07,09
13032,2013-03-22,02,03,04,04,06,07,09
13033,2013-03-24,00,00,01,02,03,05,09
13034,2013-03-26,04,05,06,06,08,08,09
13035,2013-03-29,00,01,02,03,03,07,07
13036,2013-03-31,00,00,01,01,03,07,08
13037,2013-04-02,01,07,08,08,09,09,09
13038,2013-04-05,04,04,05,05,08,09,09
13039,2013-04-07,02,04,05,07,07,08,09
13040,2013-04-09,01,01,03,04,08,09,09
13041,2013-04-12,01,03,04,04,07,08,09
13042,2013-04-14,01,03,05,08,09,09,09
13043,2013-04-16,01,01,03,04,05,06,06
13044,2013-04-19,01,01,01,04,04,04,08
13045,2013-04-21,00,00,03,03,07,08,09
13046,2013-04-23,02,02,04,05,05,06,09
13047,2013-04-26,02,04,06,07,07,08,09
13048,2013-04-28,01,03,04,04,05,06,09
13049,2013-04-30,01,01,03,03,03,06,09
13050,2013-05-03,00,01,02,04,05,08,09
13051,2013-05-05,00,00,02,04,08,09,09
13052,2013-05-07,00,00,01,02,04,07,08
13053,2013-05-10,01,01,05,05,08,08,09
13054,2013-05-12,00,00,03,05,07,08,09
13055,2013-05-14,03,03,05,06,08,09,09
13056,2013-05-17,01,02,03,05,06,09,09
13057,2013-05-19,00,02,04,04,05,07,07
13058,2013-05-21,02,02,04,05,05,06,07
13059,2013-05-24,02,05,06,07,07,08,09
13060,2013-05-26,00,00,00,00,02,04,06
13061,2013-05-28,01,03,03,07,08,08,09
13062,2013-05-31,01,02,02,02,04,07,09
13063,2013-06-02,00,01,03,04,05,06,09
13064,2013-06-04,00,02,06,07,07,08,09
13065,2013-06-07,01,04,04,04,05,06,08
13066,2013-06-09,00,01,02,06,06,08,08
13067,2013-06-11,00,00,03,04,05,07,07
13068,2013-06-14,02,03,04,05,05,08,09
13069,2013-06-16,00,00,01,01,03,06,08
13070,2013-06-18,00,02,03,03,05,09,09
13071,2013-06-21,01,04,04,05,07,07,09
13072,2013-06-23,00,02,03,05,06,08,08
13073,2013-06-25,00,06,06,07,08,08,08
13074,2013-06-28,00,00,02,02,04,08,08
13075,2013-06-30,03,03,04,05,06,08,09
13076,2013-07-02,00,00,01,02,05,05,09
13077,2013-07-05,01,04,04,05,05,07,09
13078,2013-07-07,01,02,04,05,06,07,08
13079,2013-07-09,01,02,05,06,07,08,09
13080,2013-07-12,01,02,02,04,06,08,08
13081,2013-07-14,00,04,05,05,05,05,06
13082,2013-07-16,00,00,01,04,06,08,08
13083,2013-07-19,04,05,05,06,07,07,08
13084,2013-07-21,01,02,03,03,03,05,09
13085,2013-07-23,01,01,03,04,04,06,06
13086,2013-07-26,00,01,03,07,08,09,09
13087,2013-07-28,00,02,02,03,03,06,09
13088,2013-07-30,00,02,03,04,08,09,09
13089,2013-08-02,01,02,02,03,06,07,07
13090,2013-08-04,00,01,01,02,03,03,07
13091,2013-08-06,01,02,03,04,06,07,09
13092,2013-08-09,00,04,04,05,05,07,08
13093,2013-08-11,02,02,04,06,08,08,09
13094,2013-08-13,00,01,02,02,06,08,09
13095,2013-08-16,00,02,02,04,04,08,09
13096,2013-08-18,00,02,02,02,05,06,06
13097,2013-08-20,04,04,07,07,07,08,08
13098,2013-08-23,00,01,01,02,04,07,08
13099,2013-08-25,00,05,06,06,07,07,09
13100,2013-08-27,00,01,02,04,06,08,09
13101,2013-08-30,00,01,02,03,05,05,09
13102,2013-09-01,00,00,01,02,04,06,07
13103,2013-09-03,00,03,04,04,05,06,07
13104,2013-09-06,01,03,04,04,06,08,08
13105,2013-09-08,02,03,04,06,06,07,08
13106,2013-09-10,01,01,02,06,07,08,08
13107,2013-09-13,01,04,05,05,06,08,09
13108,2013-09-15,01,02,04,05,06,09,09
13109,2013-09-17,02,05,06,07,07,08,08
13110,2013-09-20,00,02,02,04,05,08,09
13111,2013-09-22,03,03,05,05,07,08,09
13112,2013-09-24,00,01,03,03,06,07,08
13113,2013-09-27,01,01,04,04,05,05,06
13114,2013-09-29,00,01,03,04,07,07,08
13115,2013-10-01,01,02,04,04,05,07,07
13116,2013-10-04,04,06,06,08,08,08,08
13117,2013-10-06,00,00,01,06,07,08,09
13118,2013-10-08,02,02,02,05,05,07,07
13119,2013-10-11,01,01,02,03,04,05,06
13120,2013-10-13,02,02,05,06,07,08,09
13121,2013-10-15,01,03,04,05,05,06,06
13122,2013-10-18,00,02,03,04,07,08,09
13123,2013-10-20,01,01,02,02,05,06,09
13124,2013-10-22,01,05,06,09,09,09,09
13125,2013-10-25,00,01,01,02,02,03,07
13126,2013-10-27,01,04,05,06,07,07,09
13127,2013-10-29,00,01,02,03,05,09,09
13128,2013-11-01,00,03,03,03,04,05,07
13129,2013-11-03,02,03,05,05,06,08,09
13130,2013-11-05,03,03,03,04,04,08,09
13131,2013-11-08,01,06,06,08,08,09,09
13132,2013-11-10,00,02,03,05,08,08,09
13133,2013-11-12,01,02,03,05,05,08,09
13134,2013-11-15,01,01,03,05,06,07,08
13135,2013-11-17,00,01,04,04,08,08,09
13136,2013-11-19,02,03,05,05,06,08,09
13137,2013-11-22,00,01,03,04,05,07,08
13138,2013-11-24,00,01,03,04,04,08,09
13139,2013-11-26,02,02,02,03,03,05,08
13140,2013-11-29,03,03,04,04,05,07,09
13141,2013-12-01,00,02,04,06,07,07,08
13142,2013-12-03,01,02,02,03,05,07,08
13143,2013-12-06,00,00,01,05,07,07,08
13144,2013-12-08,00,00,00,02,04,06,09
13145,2013-12-10,01,03,04,05,05,08,08
13146,2013-12-13,01,01,02,02,08,09,09
13147,2013-12-15,01,02,03,03,06,07,09
13148,2013-12-17,03,05,06,06,08,08,08
13149,2013-12-20,00,02,02,04,04,04,06
13150,2013-12-22,02,03,06,06,06,08,08
13151,2013-12-24,01,03,04,05,05,07,08
13152,2013-12-27,00,01,01,06,08,08,09
13153,2013-12-29,00,01,01,02,03,04,07
13154,2013-12-31,00,02,02,03,05,08,09
14001,2014-01-03,01,03,04,05,05,08,08
14002,2014-01-05,04,04,06,07,08,08,09
14003,2014-01-07,01,04,05,05,06,07,09
14004,2014-01-10,01,02,04,05,06,09,09
14005,2014-01-12,02,02,04,04,05,06,09
14006,2014-01-14,00,01,01,02,05,06,07
14007,2014-01-17,02,04,05,06,07,09,09
14008,2014-01-19,01,02,04,05,05,07,09
14009,2014-01-21,00,01,02,06,07,09,09
14010,2014-01-24,01,01,02,02,02,04,05
14011,2014-01-26,00,00,02,05,06,06,06
14012,2014-01-28,00,01,03,05,05,07,07
14013,2014-02-07,02,03,03,03,05,06,08
14014,2014-02-09,00,05,06,06,07,07,09
14015,2014-02-11,01,01,03,03,05,06,08
14016,2014-02-14,03,06,07,08,08,08,08
14017,2014-02-16,01,01,06,06,08,08,09
14018,2014-02-18,00,01,03,04,06,07,09
14019,2014-02-21,00,01,01,03,04,05,06
14020,2014-02-23,00,02,04,05,05,07,08
14021,2014-02-25,00,02,03,07,08,08,09
14022,2014-02-28,02,03,03,03,04,06,09
14023,2014-03-02,01,03,05,05,05,06,07
14024,2014-03-04,00,01,02,02,03,07,08
14025,2014-03-07,02,03,04,06,06,06,08
14026,2014-03-09,00,06,08,08,08,08,09
14027,2014-03-11,00,04,05,05,06,06,08
14028,2014-03-14,00,00,01,04,07,08,09
14029,2014-03-16,00,00,03,04,06,06,06
14030,2014-03-18,00,01,01,02,03,07,08
14031,2014-03-21,01,02,04,08,08,08,09
14032,2014-03-23,00,00,03,04,05,07,08
14033,2014-03-25,00,01,01,03,03,06,08
14034,2014-03-28,00,03,04,04,05,06,08
14035,2014-03-30,02,03,04,04,05,07,08
14036,2014-04-01,02,03,03,05,06,08,09
14037,2014-04-04,00,01,02,02,04,06,07
14038,2014-04-06,00,01,01,02,03,08,08
14039,2014-04-08,00,03,03,04,06,06,07
14040,2014-04-11,03,04,05,06,07,08,09
14041,2014-04-13,00,00,02,03,05,09,09
14042,2014-04-15,02,03,04,06,08,08,08
14043,2014-04-18,00,00,02,04,06,07,09
14044,2014-04-20,00,00,01,03,03,06,08
14045,2014-04-22,00,01,02,03,05,09,09
14046,2014-04-25,06,07,07,07,07,08,09
14047,2014-04-27,01,02,02,04,05,05,09
14048,2014-04-29,01,02,04,06,08,08,09
14049,2014-05-02,00,01,03,05,06,08,09
14050,2014-05-04,00,00,01,04,07,09,09
14051,2014-05-06,00,00,05,08,08,08,09
14052,2014-05-09,00,01,02,03,03,03,06
14053,2014-05-11,02,06,07,08,08,08,08
14054,2014-05-13,00,00,02,04,05,07,08
14055,2014-05-16,00,01,03,05,07,08,08
14056,2014-05-18,01,01,01,04,05,06,09
14057,2014-05-20,02,04,04,04,05,06,09
14058,2014-05-23,01,02,04,06,07,07,08
14059,2014-05-25,00,01,01,03,05,07,08
14060,2014-05-27,01,01,02,05,05,07,09
14061,2014-05-30,01,01,02,04,07,09,09
14062,2014-06-01,00,01,02,03,03,04,04
14063,2014-06-03,02,03,04,05,06,08,08
14064,2014-06-06,01,01,02,03,05,06,09
14065,2014-06-08,00,01,02,03,04,08,09
14066,2014-06-10,03,04,05,07,08,09,09
14067,2014-06-13,00,02,02,03,04,06,09
14068,2014-06-15,00,02,02,02,05,09,09
14069,2014-06-17,00,00,02,05,06,08,09
14070,2014-06-20,00,03,04,04,05,06,09
14071,2014-06-22,00,01,01,02,06,07,09
14072,2014-06-24,02,02,05,06,07,08,09
14073,2014-06-27,00,00,02,07,07,07,08
14074,2014-06-29,05,07,07,07,09,09,09
14075,2014-07-01,00,00,02,05,05,05,08
14076,2014-07-04,02,02,04,04,05,07,09
14077,2014-07-06,01,04,05,06,08,08,08
14078,2014-07-08,01,01,03,03,05,07,09
14079,2014-07-11,00,01,01,01,03,06,08
14080,2014-07-13,02,02,02,03,05,06,09
14081,2014-07-15,01,02,03,04,04,08,09
14082,2014-07-18,01,02,03,05,07,07,07
14083,2014-07-20,02,05,05,05,06,08,09
14084,2014-07-22,03,05,06,06,07,07,08
14085,2014-07-25,01,03,04,04,07,07,09
14086,2014-07-27,00,04,04,06,08,09,09
14087,2014-07-29,00,01,01,01,01,08,09
14088,2014-08-01,00,03,04,05,05,07,08
14089,2014-08-03,01,02,03,05,08,09,09
14090,2014-08-05,03,04,05,06,07,07,08
14091,2014-08-08,00,00,02,02,04,05,08
14092,2014-08-10,00,01,01,06,06,07,07
14093,2014-08-12,01,01,04,06,06,07,08
14094,2014-08-15,02,03,03,05,08,09,09
14095,2014-08-17,05,06,06,06,08,08,09
14096,2014-08-19,00,01,01,03,06,07,08
14097,2014-08-22,00,01,01,02,06,07,09
14098,2014-08-24,00,03,05,05,06,08,09
14099,2014-08-26,01,01,01,03,06,07,09
14100,2014-08-29,00,02,04,04,05,05,07
14101,2014-08-31,01,01,01,02,07,08,09
14102,2014-09-02,03,06,07,07,09,09,09
14103,2014-09-05,02,03,05,07,07,08,09
14104,2014-09-07,00,01,03,05,06,07,09
14105,2014-09-09,05,06,06,07,08,08,09
14106,2014-09-12,02,02,02,03,07,07,07
14107,2014-09-14,01,01,02,04,05,06,06
14108,2014-09-16,00,01,01,03,04,06,07
14109,2014-09-19,00,02,03,06,06,09,09
14110,2014-09-21,00,00,01,02,05,06,07
14111,2014-09-23,00,02,03,04,04,06,08
14112,2014-09-26,01,02,04,07,07,08,09
14113,2014-09-28,00,00,01,02,02,08,09
14114,2014-09-30,00,04,04,04,05,06,08
14115,2014-10-03,02,03,04,04,06,08,08
14116,2014-10-05,00,01,02,03,03,05,07
14117,2014-10-07,02,02,03,04,04,06,06
14118,2014-10-10,01,05,07,08,08,08,09
14119,2014-10-12,01,01,03,05,08,09,09
14120,2014-10-14,02,02,05,06,06,08,08
14121,2014-10-17,02,04,04,05,06,06,07
14122,2014-10-19,02,05,06,06,07,07,07
14123,2014-10-21,00,00,01,03,03,06,07
14124,2014-10-24,00,01,02,08,08,09,09
14125,2014-10-26,01,04,05,05,06,06,09
14126,2014-10-28,01,04,04,05,05,06,09
14127,2014-10-31,01,01,02,04,06,07,09
14128,2014-11-02,00,00,01,02,07,08,09
14129,2014-11-04,03,05,05,06,06,06,07
14130,2014-11-07,01,03,04,05,06,08,08
14131,2014-11-09,00,00,02,03,06,06,07
14132,2014-11-11,02,03,06,06,06,07,07
14133,2014-11-14,00,02,05,05,07,07,09
14134,2014-11-16,00,01,01,02,05,06,08
14135,2014-11-18,00,00,03,04,05,06,06
14136,2014-11-21,00,02,02,07,07,07,09
14137,2014-11-23,00,00,02,02,03,08,08
14138,2014-11-25,02,02,03,03,05,07,09
14139,2014-11-28,01,01,02,04,04,05,06
14140,2014-11-30,02,05,06,07,07,08,09
14141,2014-12-02,01,01,01,03,05,08,08
14142,2014-12-05,01,02,02,03,08,09,09
14143,2014-12-07,00,00,05,05,06,08,09
14144,2014-12-09,01,02,05,08,08,08,08
14145,2014-12-12,00,03,04,05,07,07,09
14146,2014-12-14,00,01,01,02,02,03,03
14147,2014-12-16,00,01,02,02,04,04,05
14148,2014-12-19,03,04,04,05,09,09,09
14149,2014-12-21,01,03,05,07,07,08,09
14150,2014-12-23,03,03,05,05,06,08,08
14151,2014-12-26,01,04,05,05,05,07,09
14152,2014-12-28,00,03,04,05,06,09,09
14153,2014-12-30,02,03,03,04,05,05,09
15001,2015-01-02,00,02,04,04,04,08,09
15002,2015-01-04,00,00,01,03,05,06,07
15003,2015-01-06,00,00,02,03,06,07,08
15004,2015-01-09,01,01,01,03,07,08,09
15005,2015-01-11,01,04,05,05,05,05,08
15006,2015-01-13,02,04,04,05,07,08,08
15007,2015-01-16,00,01,03,03,08,08,08
15008,2015-01-18,00,00,04,06,07,08,09
15009,2015-01-20,00,01,02,02,02,09,09
15010,2015-01-23,01,02,05,05,07,07,09
15011,2015-01-25,04,05,05,09,09,09,09
15012,2015-01-27,00,00,03,04,04,07,08
15013,2015-01-30,01,02,03,06,07,08,09
15014,2015-02-01,01,01,02,03,04,06,09
15015,2015-02-03,02,03,05,08,08,09,09
15016,2015-02-06,00,05,07,09,09,09,09
15017,2015-02-08,02,02,04,05,07,08,08
15018,2015-02-10,03,03,04,04,04,05,06
15019,2015-02-13,00,02,04,09,09,09,09
15020,2015-02-15,01,03,06,07,09,09,09
15021,2015-02-17,03,04,04,05,06,07,09
15022,2015-02-27,01,01,05,05,06,07,09
15023,2015-03-01,00,02,03,03,04,06,07
15024,2015-03-03,01,02,04,06,06,07,07
15025,2015-03-06,02,04,04,05,06,06,08
15026,2015-03-08,00,00,00,04,05,05,08
15027,2015-03-10,00,01,01,04,06,06,08
15028,2015-03-13,00,01,01,04,05,06,07
15029,2015-03-15,00,04,04,05,06,07,09
15030,2015-03-17,01,02,05,07,07,08,09
15031,2015-03-20,01,03,05,07,07,07,08
15032,2015-03-22,01,04,04,05,05,08,09
15033,2015-03-24,00,01,02,06,07,08,09
15034,2015-03-27,04,04,05,06,07,07,08
15035,2015-03-29,00,00,01,05,05,06,06
15036,2015-03-31,00,02,02,02,03,05,06
15037,2015-04-03,01,01,03,05,05,06,09
15038,2015-04-05,01,03,04,06,06,07,07
15039,2015-04-07,03,04,05,06,06,09,09
15040,2015-04-10,00,04,05,06,06,07,09
15041,2015-04-12,00,02,04,04,07,07,08
15042,2015-04-14,00,04,05,07,07,07,08
15043,2015-04-17,00,01,06,07,09,09,09
15044,2015-04-19,00,00,02,03,04,04,08
15045,2015-04-21,05,05,05,06,06,07,09
15046,2015-04-24,02,04,05,06,07,08,08
15047,2015-04-26,02,02,04,06,07,07,09
15048,2015-04-28,01,04,05,06,07,07,08
15049,2015-05-01,00,01,02,02,03,05,06
15050,2015-05-03,01,02,03,04,06,07,08
15051,2015-05-05,01,01,03,03,07,08,08
15052,2015-05-08,00,02,02,03,05,08,09
15053,2015-05-10,00,01,01,03,04,04,08
15054,2015-05-12,02,03,04,05,06,07,09
15055,2015-05-15,00,01,02,05,05,08,09
15056,2015-05-17,02,02,03,06,08,09,09
15057,2015-05-19,00,02,03,06,08,09,09
15058,2015-05-22,00,03,03,05,06,07,08
15059,2015-05-24,00,03,04,07,09,09,09
15060,2015-05-26,00,01,03,03,04,05,05
15061,2015-05-29,02,04,05,06,07,08,09
15062,2015-05-31,01,02,02,03,05,06,07
15063,2015-06-02,02,04,04,05,08,08,09
15064,2015-06-05,00,01,02,02,04,05,08
15065,2015-06-07,00,01,01,02,04,04,05
15066,2015-06-09,00,02,02,05,05,05,07
15067,2015-06-12,01,01,01,05,08,09,09
15068,2015-06-14,00,02,07,07,07,08,09
15069,2015-06-16,00,02,03,03,04,07,09
15070,2015-06-19,00,01,03,05,06,06,08
15071,2015-06-21,02,03,04,05,05,09,09
15072,2015-06-23,00,00,00,00,03,07,09
15073,2015-06-26,00,00,01,03,04,05,05
15074,2015-06-28,05,05,06,06,06,07,08
15075,2015-06-30,01,02,03,04,05,07,07
15076,2015-07-03,00,00,00,01,04,06,08
15077,2015-07-05,00,01,01,05,08,08,09
15078,2015-07-07,00,03,04,05,05,08,08
15079,2015-07-10,02,02,06,06,06,08,09
15080,2015-07-12,00,01,01,01,05,07,08
15081,2015-07-14,00,01,01,06,07,07,08
15082,2015-07-17,04,05,05,05,05,07,08
15083,2015-07-19,02,03,04,04,06,08,09
15084,2015-07-21,03,03,03,06,06,08,08
15085,2015-07-24,00,02,03,06,06,07,08
15086,2015-07-26,01,01,03,03,05,06,08
15087,2015-07-28,00,01,03,03,04,04,09
15088,2015-07-31,00,01,02,03,05,06,09
15089,2015-08-02,00,02,06,06,07,08,09
15090,2015-08-04,00,00,01,07,08,08,09
15091,2015-08-07,01,01,02,05,06,06,08
15092,2015-08-09,00,00,03,06,06,07,08
15093,2015-08-11,00,00,05,06,06,08,09
15094,2015-08-14,02,03,03,04,06,06,08
15095,2015-08-16,00,00,01,06,06,06,09
15096,2015-08-18,00,02,02,02,03,05,09
15097,2015-08-21,01,03,04,05,08,08,09
15098,2015-08-23,02,03,06,07,07,07,09
15099,2015-08-25,02,03,04,06,07,08,08
15100,2015-08-28,01,01,02,02,03,05,06
15101,2015-08-30,01,04,05,06,06,08,09
15102,2015-09-01,01,02,03,05,07,07,07
15103,2015-09-04,01,02,02,03,06,06,07
15104,2015-09-06,00,01,01,05,05,07,08
15105,2015-09-08,00,03,03,04,04,08,09
15106,2015-09-11,00,01,02,03,04,08,08
15107,2015-09-13,02,03,04,05,06,07,09
15108,2015-09-15,04,05,05,06,06,07,08
15109,2015-09-18,00,00,02,04,04,06,09
15110,2015-09-20,02,03,03,04,04,08,09
15111,2015-09-22,03,04,06,06,07,08,09
15112,2015-09-25,00,01,02,05,07,07,09
15113,2015-09-27,02,02,02,05,07,07,09
15114,2015-09-29,02,02,03,03,04,06,06
15115,2015-10-02,00,03,05,05,06,08,09
15116,2015-10-04,00,01,04,04,05,08,08
15117,2015-10-06,01,02,03,04,05,06,09
15118,2015-10-09,00,01,03,04,04,05,08
15119,2015-10-11,01,03,05,06,06,06,08
15120,2015-10-13,02,04,05,06,06,08,09
15121,2015-10-16,00,00,04,06,07,08,09
15122,2015-10-18,02,03,04,06,08,09,09
15123,2015-10-20,01,01,04,05,07,08,09
15124,2015-10-23,00,05,07,07,08,09,09
15125,2015-10-25,04,05,05,05,06,08,08
15126,2015-10-27,00,02,02,03,07,08,09
15127,2015-10-30,01,03,04,04,05,08,09
15128,2015-11-01,01,02,04,05,06,07,07
15129,2015-11-03,01,02,06,07,07,08,09
15130,2015-11-06,00,01,03,08,09,09,09
15131,2015-11-08,02,02,04,04,04,07,07
15132,2015-11-10,00,02,02,03,04,05,06
15133,2015-11-13,01,01,02,05,07,07,08
15134,2015-11-15,00,02,03,07,07,08,09
15135,2015-11-17,00,02,03,03,03,03,06
15136,2015-11-20,03,03,04,06,07,09,09
15137,2015-11-22,00,03,04,06,07,07,09
15138,2015-11-24,01,04,05,06,07,07,08
15139,2015-11-27,00,00,02,06,07,07,07
15140,2015-11-29,03,04,05,05,05,05,08
15141,2015-12-01,00,01,03,04,05,07,08
15142,2015-12-04,02,02,04,04,05,08,09
15143,2015-12-06,02,02,06,08,08,08,09
15144,2015-12-08,01,03,04,04,04,06,08
15145,2015-12-11,02,04,04,04,05,06,09
15146,2015-12-13,00,00,01,02,02,08,09
15147,2015-12-15,03,04,04,08,09,09,09
15148,2015-12-18,03,07,07,08,08,09,09
15149,2015-12-20,00,00,01,01,04,05,07
15150,2015-12-22,00,03,03,04,06,06,09
15151,2015-12-25,01,03,04,07,08,09,09
15152,2015-12-27,00,02,03,03,05,07,09
15153,2015-12-29,00,01,02,03,07,07,09
16001,2016-01-01,00,00,03,08,08,09,09
16002,2016-01-03,00,00,02,02,03,05,06
16003,2016-01-05,01,02,04,04,04,05,07
16004,2016-01-08,00,00,01,04,06,08,08
16005,2016-01-10,01,03,05,06,06,08,09
16006,2016-01-12,01,02,03,05,05,06,07
16007,2016-01-15,00,03,04,05,08,09,09
16008,2016-01-17,01,01,03,06,08,08,08
16009,2016-01-19,02,03,03,05,07,09,09
16010,2016-01-22,02,02,06,07,08,08,09
16011,2016-01-24,01,02,02,03,03,06,08
16012,2016-01-26,00,03,06,06,06,06,06
16013,2016-01-29,00,01,03,04,05,07,08
16014,2016-01-31,00,01,04,04,06,09,09
16015,2016-02-02,01,01,03,03,03,08,08
16016,2016-02-05,01,02,03,06,06,06,07
16017,2016-02-14,01,03,04,04,06,06,06
16018,2016-02-16,01,02,03,07,07,08,09
16019,2016-02-19,02,04,04,07,08,09,09
16020,2016-02-21,02,03,05,05,06,07,08
16021,2016-02-23,01,01,02,03,05,08,08
16022,2016-02-26,00,01,01,03,04,07,09
16023,2016-02-28,02,03,04,04,06,06,07
16024,2016-03-01,04,05,05,05,06,07,08
16025,2016-03-04,02,03,08,08,08,08,09
16026,2016-03-06,01,01,03,06,06,08,09
16027,2016-03-08,02,02,05,06,08,08,09
16028,2016-03-11,00,02,03,05,06,07,09
16029,2016-03-13,01,01,02,05,06,07,09
16030,2016-03-15,01,01,01,02,04,04,07
16031,2016-03-18,00,00,02,03,03,03,05
16032,2016-03-20,00,03,03,04,05,05,06
16033,2016-03-22,00,01,06,06,07,08,09
16034,2016-03-25,00,00,01,02,04,05,05
16035,2016-03-27,02,04,07,08,08,08,09
16036,2016-03-29,00,01,06,06,06,07,08
16037,2016-04-01,00,03,04,04,04,09,09
16038,2016-04-03,01,01,01,01,02,07,08
16039,2016-04-05,01,01,01,03,09,09,09
16040,2016-04-08,00,01,04,05,06,06,08
16041,2016-04-10,02,02,03,03,03,06,06
16042,2016-04-12,00,01,01,01,04,04,06
16043,2016-04-15,00,00,02,03,05,07,09
16044,2016-04-17,01,03,05,07,09,09,09
16045,2016-04-19,00,01,02,05,06,07,08
16046,2016-04-22,02,05,06,06,08,09,09
16047,2016-04-24,01,02,04,08,08,08,09
16048,2016-04-26,04,06,07,08,08,09,09
16049,2016-04-29,00,00,02,02,05,06,07
16050,2016-05-01,00,02,03,04,06,06,09
16051,2016-05-03,00,02,02,04,06,06,08
16052,2016-05-06,02,02,04,04,07,08,09
16053,2016-05-08,00,01,03,06,06,06,09
16054,2016-05-10,00,01,02,03,04,06,08
16055,2016-05-13,00,00,00,04,06,08,08
16056,2016-05-15,00,01,01,05,06,09,09
16057,2016-05-17,00,06,06,07,08,08,09
16058,2016-05-20,01,05,06,06,08,08,09
16059,2016-05-22,01,01,03,04,04,06,07
16060,2016-05-24,01,02,03,03,03,05,08
16061,2016-05-27,00,01,02,02,09,09,09
16062,2016-05-29,00,01,02,02,04,05,08
16063,2016-05-31,00,00,01,01,05,06,08
16064,2016-06-03,00,00,03,07,08,08,09
16065,2016-06-05,01,03,04,04,05,07,08
16066,2016-06-07,00,01,02,05,06,06,06
16067,2016-06-10,00,01,01,02,03,05,09
16068,2016-06-12,00,00,00,02,07,07,08
16069,2016-06-14,00,03,03,04,04,05,08
16070,2016-06-17,02,03,04,05,05,07,08
16071,2016-06-19,00,00,02,03,06,06,09
16072,2016-06-21,00,00,01,06,07,09,09
16073,2016-06-24,00,02,03,04,05,06,07
16074,2016-06-26,00,02,03,05,08,08,08
16075,2016-06-28,01,03,06,06,07,07,09
16076,2016-07-01,00,01,04,05,06,07,09
16077,2016-07-03,00,01,01,01,06,08,08
16078,2016-07-05,01,03,03,03,05,05,07
16079,2016-07-08,01,01,02,03,07,08,09
16080,2016-07-10,00,00,02,02,04,05,08
16081,2016-07-12,01,02,02,03,04,04,05
16082,2016-07-15,01,02,03,04,06,06,08
16083,2016-07-17,00,00,00,01,02,04,09
16084,2016-07-19,00,03,04,05,06,06,06
16085,2016-07-22,00,00,01,01,04,07,07
16086,2016-07-24,01,02,02,05,07,08,08
16087,2016-07-26,03,04,06,07,08,08,08
16088,2016-07-29,02,04,04,06,07,08,09
16089,2016-07-31,01,02,02,03,08,08,09
16090,2016-08-02,00,01,01,01,02,02,05
16091,2016-08-05,01,02,03,03,04,08,09
16092,2016-08-07,01,02,03,04,04,05,06
16093,2016-08-09,01,02,05,07,08,09,09
16094,2016-08-12,01,02,03,05,05,08,09
16095,2016-08-14,00,02,03,03,06,06,08
16096,2016-08-16,00,01,02,05,06,06,07
16097,2016-08-19,01,02,03,04,05,05,07
16098,2016-08-21,01,02,02,03,04,05,07
16099,2016-08-23,00,03,07,07,08,09,09
16100,2016-08-26,00,04,04,05,05,08,09
16101,2016-08-28,00,00,03,03,04,07,07
16102,2016-08-30,00,01,01,03,03,05,06
16103,2016-09-02,00,01,03,06,07,07,08
16104,2016-09-04,01,03,05,06,07,08,08
16105,2016-09-06,00,00,01,04,05,08,09
16106,2016-09-09,00,00,01,04,05,06,07
16107,2016-09-11,00,01,02,04,05,06,08
16108,2016-09-13,00,00,01,02,02,05,09
16109,2016-09-16,00,01,02,06,07,09,09
16110,2016-09-18,01,02,03,05,07,08,09
16111,2016-09-20,01,02,03,07,07,08,09
16112,2016-09-23,01,03,04,07,07,09,09
16113,2016-09-25,01,01,03,03,04,06,08
16114,2016-09-27,01,01,02,05,07,07,08
16115,2016-09-30,01,01,02,03,03,03,07
16116,2016-10-02,01,02,06,07,08,08,09
16117,2016-10-04,02,07,08,08,08,09,09
16118,2016-10-07,00,01,01,01,01,03,06
16119,2016-10-09,00,01,02,02,05,06,06
16120,2016-10-11,00,01,04,04,04,04,06
16121,2016-10-14,01,02,03,04,06,09,09
16122,2016-10-16,00,01,03,04,05,05,09
16123,2016-10-18,01,02,05,06,07,07,09
16124,2016-10-21,03,03,06,06,07,07,09
16125,2016-10-23,00,01,02,03,08,09,09
16126,2016-10-25,00,02,03,05,05,06,08
16127,2016-10-28,01,01,01,03,06,08,09
16128,2016-10-30,01,03,03,04,05,06,08
16129,2016-11-01,00,01,01,02,08,09,09
16130,2016-11-04,00,01,02,02,03,03,06
16131,2016-11-06,00,03,03,04,05,07,07
16132,2016-11-08,00,02,04,05,07,08,09
16133,2016-11-11,01,03,03,04,05,07,07
16134,2016-11-13,00,01,01,03,04,06,08
16135,2016-11-15,00,00,00,02,04,06,07
16136,2016-11-18,00,00,02,02,05,07,08
16137,2016-11-20,00,03,04,04,06,07,09
16138,2016-11-22,00,03,03,06,07,07,08
16139,2016-11-25,03,03,04,04,06,06,09
16140,2016-11-27,02,02,05,07,08,08,09
16141,2016-11-29,01,01,01,02,05,09,09
16142,2016-12-02,00,00,01,02,07,07,08
16143,2016-12-04,01,01,02,05,06,07,09
16144,2016-12-06,00,01,04,05,06,07,08
16145,2016-12-09,00,01,01,02,03,03,07
16146,2016-12-11,00,00,00,02,02,05,08
16147,2016-12-13,02,04,05,07,07,07,08
16148,2016-12-16,00,02,03,05,06,07,08
16149,2016-12-18,00,00,01,05,05,06,07
16150,2016-12-20,00,01,01,01,05,08,09
16151,2016-12-23,01,01,02,04,06,09,09
16152,2016-12-25,00,00,01,03,03,03,05
16153,2016-12-27,01,02,03,03,05,06,08
16154,2016-12-30,00,01,01,04,04,05,09
17001,2017-01-01,02,03,03,05,05,08,09
17002,2017-01-03,01,04,06,07,07,08,08
17003,2017-01-06,03,04,05,06,07,08,08
17004,2017-01-08,02,04,05,06,06,08,09
17005,2017-01-10,01,01,03,04,06,07,08
17006,2017-01-13,00,00,00,02,06,09,09
17007,2017-01-15,02,02,06,07,07,08,08
17008,2017-01-17,00,00,00,01,02,03,04
17009,2017-01-20,00,00,00,01,02,09,09
17010,2017-01-22,00,01,01,02,07,08,09
17011,2017-01-24,00,00,04,04,06,07,07
17012,2017-02-03,02,05,06,07,07,07,08
17013,2017-02-05,00,03,04,08,08,09,09
17014,2017-02-07,00,02,03,04,07,08,09
17015,2017-02-10,01,01,04,06,06,08,09
17016,2017-02-12,00,01,02,04,04,06,06
17017,2017-02-14,00,01,01,02,03,09,09
17018,2017-02-17,02,02,04,04,05,06,07
17019,2017-02-19,00,01,01,02,04,07,08
17020,2017-02-21,00,00,01,06,08,08,09
17021,2017-02-24,01,01,02,02,07,09,09
17022,2017-02-26,03,03,05,07,07,08,08
17023,2017-02-28,00,01,02,03,06,09,09
17024,2017-03-03,01,03,06,06,06,08,08
17025,2017-03-05,00,05,07,08,08,08,09
17026,2017-03-07,00,02,02,03,05,08,08
