issue,date,red1,red2,red3
04001,2004-11-14,01,02,09
04002,2004-11-16,01,03,07
04003,2004-11-19,01,07,08
04004,2004-11-21,03,04,04
04005,2004-11-22,00,04,05
04006,2004-11-23,02,05,06
04007,2004-11-24,00,03,08
04008,2004-11-25,02,02,06
04009,2004-11-26,01,04,04
04010,2004-11-27,02,02,07
04011,2004-11-28,03,04,06
04012,2004-11-29,00,03,04
04013,2004-11-30,00,00,03
04014,2004-12-01,03,03,05
04015,2004-12-02,04,05,09
04016,2004-12-03,04,04,04
04017,2004-12-04,01,04,09
04018,2004-12-05,01,02,06
04019,2004-12-06,01,04,07
04020,2004-12-07,00,01,08
04021,2004-12-08,03,03,09
04022,2004-12-09,01,05,09
04023,2004-12-10,01,07,08
04024,2004-12-11,06,08,08
04025,2004-12-12,01,06,08
04026,2004-12-13,01,02,06
04027,2004-12-14,03,03,06
04028,2004-12-15,00,05,07
04029,2004-12-16,02,05,06
04030,2004-12-17,00,01,02
04031,2004-12-18,02,03,06
04032,2004-12-19,03,07,08
04033,2004-12-20,00,05,05
04034,2004-12-21,05,09,09
04035,2004-12-22,03,04,07
04036,2004-12-23,00,00,09
04037,2004-12-24,02,03,05
04038,2004-12-25,02,04,05
04039,2004-12-26,00,02,08
04040,2004-12-27,05,06,06
04041,2004-12-28,01,04,08
04042,2004-12-29,00,07,08
04043,2004-12-30,00,04,07
04044,2004-12-31,02,03,08
05001,2005-01-01,00,04,05
05002,2005-01-02,03,06,06
05003,2005-01-03,01,03,04
05004,2005-01-04,04,06,07
05005,2005-01-05,02,09,09
05006,2005-01-06,00,02,04
05007,2005-01-07,03,04,05
05008,2005-01-08,01,02,08
05009,2005-01-09,06,08,09
05010,2005-01-10,01,04,06
05011,2005-01-11,00,02,04
05012,2005-01-12,01,06,09
05013,2005-01-13,01,03,06
05014,2005-01-14,00,05,08
05015,2005-01-15,03,06,07
05016,2005-01-16,05,06,06
05017,2005-01-17,01,05,07
05018,2005-01-18,00,05,05
05019,2005-01-19,04,05,07
05020,2005-01-20,02,02,09
05021,2005-01-21,00,00,01
05022,2005-01-22,03,08,09
05023,2005-01-23,00,00,08
05024,2005-01-24,01,02,03
05025,2005-01-25,05,05,07
05026,2005-01-26,02,07,07
05027,2005-01-27,00,01,04
05028,2005-01-28,02,06,08
05029,2005-01-29,02,06,08
05030,2005-01-30,04,05,09
05031,2005-01-31,00,04,05
05032,2005-02-01,01,03,06
05033,2005-02-02,00,05,09
05034,2005-02-03,01,06,08
05035,2005-02-04,00,03,08
05036,2005-02-05,02,04,09
05037,2005-02-06,00,07,08
05038,2005-02-07,01,03,09
05039,2005-02-08,00,02,08
05040,2005-02-16,00,04,07
05041,2005-02-17,01,03,03
05042,2005-02-18,02,03,04
05043,2005-02-19,04,05,08
05044,2005-02-20,05,05,09
05045,2005-02-21,00,00,04
05046,2005-02-22,04,05,05
05047,2005-02-23,02,04,09
05048,2005-02-24,01,06,07
05049,2005-02-25,00,07,09
05050,2005-02-26,00,01,04
05051,2005-02-27,02,04,07
05052,2005-02-28,00,03,06
05053,2005-03-01,01,05,07
05054,2005-03-02,01,05,09
05055,2005-03-03,00,01,04
05056,2005-03-04,00,00,06
05057,2005-03-05,01,03,08
05058,2005-03-06,03,03,05
05059,2005-03-07,03,08,09
05060,2005-03-08,00,06,09
05061,2005-03-09,01,02,09
05062,2005-03-10,06,07,09
05063,2005-03-11,01,01,08
05064,2005-03-12,06,09,09
05065,2005-03-13,05,08,09
05066,2005-03-14,02,06,06
05067,2005-03-15,01,06,09
05068,2005-03-16,00,03,09
05069,2005-03-17,03,04,07
05070,2005-03-18,04,08,09
05071,2005-03-19,01,07,09
05072,2005-03-20,02,05,06
05073,2005-03-21,02,02,03
05074,2005-03-22,00,00,06
05075,2005-03-23,00,00,07
05076,2005-03-24,01,04,08
05077,2005-03-25,04,06,08
05078,2005-03-26,02,04,08
05079,2005-03-27,05,09,09
05080,2005-03-28,04,05,09
05081,2005-03-29,00,02,05
05082,2005-03-30,01,02,06
05083,2005-03-31,00,02,07
05084,2005-04-01,02,07,07
05085,2005-04-02,02,04,09
05086,2005-04-03,03,05,06
05087,2005-04-04,01,05,05
05088,2005-04-05,01,04,04
05089,2005-04-06,00,01,09
05090,2005-04-07,00,05,06
05091,2005-04-08,00,01,02
05092,2005-04-09,02,09,09
05093,2005-04-10,01,06,08
05094,2005-04-11,01,01,02
05095,2005-04-12,00,01,06
05096,2005-04-13,03,05,09
05097,2005-04-14,00,05,08
05098,2005-04-15,00,06,07
05099,2005-04-16,05,06,09
05100,2005-04-17,01,02,07
05101,2005-04-18,00,02,03
05102,2005-04-19,01,03,04
05103,2005-04-20,03,07,08
05104,2005-04-21,01,06,08
05105,2005-04-22,03,03,06
05106,2005-04-23,00,04,05
05107,2005-04-24,03,08,08
05108,2005-04-25,03,04,08
05109,2005-04-26,00,01,06
05110,2005-04-27,01,04,07
05111,2005-04-28,00,01,06
05112,2005-04-29,02,08,09
05113,2005-04-30,00,00,05
05114,2005-05-01,02,08,09
05115,2005-05-02,02,06,06
05116,2005-05-03,05,06,09
05117,2005-05-04,02,09,09
05118,2005-05-05,03,05,09
05119,2005-05-06,01,01,01
05120,2005-05-07,01,02,06
05121,2005-05-08,02,07,09
05122,2005-05-09,02,04,05
05123,2005-05-10,04,07,09
05124,2005-05-11,01,02,09
05125,2005-05-12,00,05,08
05126,2005-05-13,03,04,05
05127,2005-05-14,04,04,05
05128,2005-05-15,01,02,06
05129,2005-05-16,00,07,07
05130,2005-05-17,04,05,06
05131,2005-05-18,03,06,06
05132,2005-05-19,03,06,08
05133,2005-05-20,05,07,09
05134,2005-05-21,00,04,07
05135,2005-05-22,04,05,07
05136,2005-05-23,02,08,09
05137,2005-05-24,02,03,05
05138,2005-05-25,00,01,04
05139,2005-05-26,02,04,06
05140,2005-05-27,04,08,09
05141,2005-05-28,01,06,08
05142,2005-05-29,00,03,06
05143,2005-05-30,00,02,07
05144,2005-05-31,04,05,07
05145,2005-06-01,00,05,07
05146,2005-06-02,00,01,09
05147,2005-06-03,01,01,02
05148,2005-06-04,07,09,09
05149,2005-06-05,08,09,09
05150,2005-06-06,02,04,05
05151,2005-06-07,00,09,09
05152,2005-06-08,02,07,09
05153,2005-06-09,06,06,08
05154,2005-06-10,06,07,07
05155,2005-06-11,00,02,04
05156,2005-06-12,01,01,09
05157,2005-06-13,05,08,09
05158,2005-06-14,06,07,08
05159,2005-06-15,00,01,07
05160,2005-06-16,02,06,07
05161,2005-06-17,01,02,02
05162,2005-06-18,06,07,09
05163,2005-06-19,04,05,06
05164,2005-06-20,00,00,01
05165,2005-06-21,03,08,09
05166,2005-06-22,03,06,07
05167,2005-06-23,01,01,07
05168,2005-06-24,00,07,09
05169,2005-06-25,02,03,06
05170,2005-06-26,01,05,09
05171,2005-06-27,01,05,06
05172,2005-06-28,07,09,09
05173,2005-06-29,00,02,07
05174,2005-06-30,06,07,08
05175,2005-07-01,03,03,09
05176,2005-07-02,03,07,09
05177,2005-07-03,00,05,07
05178,2005-07-04,00,00,04
05179,2005-07-05,00,03,04
05180,2005-07-06,03,05,09
05181,2005-07-07,00,02,04
05182,2005-07-08,04,06,09
05183,2005-07-09,01,03,07
05184,2005-07-10,04,08,08
05185,2005-07-11,03,04,09
05186,2005-07-12,00,02,02
05187,2005-07-13,01,03,09
05188,2005-07-14,02,06,09
05189,2005-07-15,00,03,04
05190,2005-07-16,02,04,06
05191,2005-07-17,00,05,06
05192,2005-07-18,02,04,06
05193,2005-07-19,09,09,09
05194,2005-07-20,04,04,09
05195,2005-07-21,02,05,06
05196,2005-07-22,00,00,05
05197,2005-07-23,07,08,08
05198,2005-07-24,04,07,09
05199,2005-07-25,04,07,09
05200,2005-07-26,08,09,09
05201,2005-07-27,00,04,05
05202,2005-07-28,00,03,03
05203,2005-07-29,01,08,09
05204,2005-07-30,00,05,06
05205,2005-07-31,05,07,08
05206,2005-08-01,05,08,09
05207,2005-08-02,06,07,08
05208,2005-08-03,00,04,05
05209,2005-08-04,01,03,06
05210,2005-08-05,03,04,05
05211,2005-08-06,03,04,05
05212,2005-08-07,00,07,08
05213,2005-08-08,02,06,09
05214,2005-08-09,01,06,09
05215,2005-08-10,02,03,06
05216,2005-08-11,05,06,08
05217,2005-08-12,05,05,05
05218,2005-08-13,02,04,07
05219,2005-08-14,01,02,06
05220,2005-08-15,00,02,08
05221,2005-08-16,00,07,08
05222,2005-08-17,05,08,09
05223,2005-08-18,03,05,09
05224,2005-08-19,05,06,07
05225,2005-08-20,00,03,09
05226,2005-08-21,02,03,09
05227,2005-08-22,02,04,06
05228,2005-08-23,02,05,07
05229,2005-08-24,01,03,08
05230,2005-08-25,04,07,08
05231,2005-08-26,00,07,07
05232,2005-08-27,04,07,09
05233,2005-08-28,03,04,09
05234,2005-08-29,01,02,02
05235,2005-08-30,05,06,08
05236,2005-08-31,03,05,07
05237,2005-09-01,00,00,06
05238,2005-09-02,03,04,06
05239,2005-09-03,03,04,06
05240,2005-09-04,01,05,07
05241,2005-09-05,02,03,08
05242,2005-09-06,02,08,09
05243,2005-09-07,04,09,09
05244,2005-09-08,04,08,09
05245,2005-09-09,02,07,08
05246,2005-09-10,05,07,09
05247,2005-09-11,00,01,03
05248,2005-09-12,01,04,08
05249,2005-09-13,01,02,05
05250,2005-09-14,00,03,07
05251,2005-09-15,01,08,08
05252,2005-09-16,00,05,08
05253,2005-09-17,02,04,04
05254,2005-09-18,00,02,03
05255,2005-09-19,05,09,09
05256,2005-09-20,03,05,09
05257,2005-09-21,00,02,06
05258,2005-09-22,06,07,09
05259,2005-09-23,01,07,09
05260,2005-09-24,04,08,09
05261,2005-09-25,01,04,06
05262,2005-09-26,00,02,04
05263,2005-09-27,04,06,08
05264,2005-09-28,00,07,08
05265,2005-09-29,06,06,09
05266,2005-09-30,00,01,07
05267,2005-10-01,04,05,08
05268,2005-10-02,05,05,08
05269,2005-10-03,02,03,07
05270,2005-10-04,00,09,09
05271,2005-10-05,05,06,06
05272,2005-10-06,01,08,09
05273,2005-10-07,02,06,07
05274,2005-10-08,02,05,06
05275,2005-10-09,00,04,07
05276,2005-10-10,02,06,08
05277,2005-10-11,00,05,07
05278,2005-10-12,02,06,09
05279,2005-10-13,02,04,05
05280,2005-10-14,08,09,09
05281,2005-10-15,05,06,07
05282,2005-10-16,04,05,09
05283,2005-10-17,01,04,08
05284,2005-10-18,00,03,08
05285,2005-10-19,04,05,06
05286,2005-10-20,03,05,08
05287,2005-10-21,07,07,08
05288,2005-10-22,04,07,08
05289,2005-10-23,00,03,04
05290,2005-10-24,00,03,08
05291,2005-10-25,01,03,07
05292,2005-10-26,03,04,06
05293,2005-10-27,00,00,04
05294,2005-10-28,00,02,08
05295,2005-10-29,03,08,09
05296,2005-10-30,01,06,07
05297,2005-10-31,01,03,09
05298,2005-11-01,00,06,08
05299,2005-11-02,05,06,07
05300,2005-11-03,06,06,09
05301,2005-11-04,03,05,06
05302,2005-11-05,04,07,07
05303,2005-11-06,05,06,07
05304,2005-11-07,03,06,08
05305,2005-11-08,05,07,08
05306,2005-11-09,00,03,09
05307,2005-11-10,06,08,09
05308,2005-11-11,01,02,09
05309,2005-11-12,02,04,05
05310,2005-11-13,00,01,05
05311,2005-11-14,00,04,05
05312,2005-11-15,05,06,07
05313,2005-11-16,02,07,08
05314,2005-11-17,00,06,08
05315,2005-11-18,00,06,07
05316,2005-11-19,01,04,07
05317,2005-11-20,04,06,08
05318,2005-11-21,00,06,09
05319,2005-11-22,02,04,08
05320,2005-11-23,00,04,08
05321,2005-11-24,00,05,08
05322,2005-11-25,02,04,07
05323,2005-11-26,03,03,09
05324,2005-11-27,05,07,08
05325,2005-11-28,02,04,07
05326,2005-11-29,00,05,08
05327,2005-11-30,03,05,07
05328,2005-12-01,03,04,06
05329,2005-12-02,01,01,07
05330,2005-12-03,01,04,09
05331,2005-12-04,00,07,09
05332,2005-12-05,01,07,08
05333,2005-12-06,01,03,04
05334,2005-12-07,02,06,07
05335,2005-12-08,01,07,08
05336,2005-12-09,03,06,09
05337,2005-12-10,01,04,06
05338,2005-12-11,02,03,06
05339,2005-12-12,00,04,04
05340,2005-12-13,06,07,08
05341,2005-12-14,00,02,03
05342,2005-12-15,03,05,08
05343,2005-12-16,06,07,08
05344,2005-12-17,04,09,09
05345,2005-12-18,06,07,08
05346,2005-12-19,02,02,09
05347,2005-12-20,01,02,07
05348,2005-12-21,02,03,03
05349,2005-12-22,02,04,09
05350,2005-12-23,02,03,07
05351,2005-12-24,02,03,09
05352,2005-12-25,02,05,06
05353,2005-12-26,00,05,09
05354,2005-12-27,00,01,04
05355,2005-12-28,00,01,02
05356,2005-12-29,03,04,09
05357,2005-12-30,01,04,05
05358,2005-12-31,03,07,09
06001,2006-01-01,01,04,08
06002,2006-01-02,02,09,09
06003,2006-01-03,00,01,02
06004,2006-01-04,00,04,09
06005,2006-01-05,01,05,08
06006,2006-01-06,05,08,09
06007,2006-01-07,01,05,06
06008,2006-01-08,04,08,09
06009,2006-01-09,00,03,08
06010,2006-01-10,03,05,08
06011,2006-01-11,05,05,07
06012,2006-01-12,02,05,06
06013,2006-01-13,07,07,07
06014,2006-01-14,06,07,08
06015,2006-01-15,04,04,06
06016,2006-01-16,01,05,09
06017,2006-01-17,02,05,09
06018,2006-01-18,01,06,09
06019,2006-01-19,01,09,09
06020,2006-01-20,00,01,07
06021,2006-01-21,03,04,08
06022,2006-01-22,01,04,06
06023,2006-01-23,01,02,05
06024,2006-01-24,01,03,06
06025,2006-01-25,00,07,07
06026,2006-01-26,08,09,09
06027,2006-01-27,00,04,04
06028,2006-02-05,04,05,07
06029,2006-02-06,00,06,07
06030,2006-02-07,00,06,08
06031,2006-02-08,05,06,07
06032,2006-02-09,06,09,09
06033,2006-02-10,04,05,09
06034,2006-02-11,04,05,06
06035,2006-02-12,04,06,07
06036,2006-02-13,01,04,05
06037,2006-02-14,02,03,06
06038,2006-02-15,03,04,07
06039,2006-02-16,05,07,08
06040,2006-02-17,06,07,08
06041,2006-02-18,03,05,08
06042,2006-02-19,00,02,08
06043,2006-02-20,04,04,05
06044,2006-02-21,00,02,06
06045,2006-02-22,01,07,08
06046,2006-02-23,05,06,08
06047,2006-02-24,04,06,09
06048,2006-02-25,04,05,06
06049,2006-02-26,04,08,09
06050,2006-02-27,04,07,08
06051,2006-02-28,03,07,08
06052,2006-03-01,00,01,05
06053,2006-03-02,06,08,09
06054,2006-03-03,00,09,09
06055,2006-03-04,00,01,04
06056,2006-03-05,08,08,09
06057,2006-03-06,01,07,09
06058,2006-03-07,00,00,06
06059,2006-03-08,00,09,09
06060,2006-03-09,00,02,06
06061,2006-03-10,02,02,04
06062,2006-03-11,01,06,07
06063,2006-03-12,04,05,08
06064,2006-03-13,03,08,09
06065,2006-03-14,01,02,09
06066,2006-03-15,06,07,09
06067,2006-03-16,01,04,09
06068,2006-03-17,00,00,03
06069,2006-03-18,00,02,08
06070,2006-03-19,01,04,05
06071,2006-03-20,00,02,02
06072,2006-03-21,00,02,04
06073,2006-03-22,00,02,03
06074,2006-03-23,02,02,09
06075,2006-03-24,04,04,08
06076,2006-03-25,02,02,04
06077,2006-03-26,00,01,02
06078,2006-03-27,02,06,08
06079,2006-03-28,01,04,07
06080,2006-03-29,04,04,05
06081,2006-03-30,03,04,04
06082,2006-03-31,01,06,07
06083,2006-04-01,02,07,09
06084,2006-04-02,02,06,07
06085,2006-04-03,04,05,09
06086,2006-04-04,01,02,06
06087,2006-04-05,04,07,09
06088,2006-04-06,02,04,06
06089,2006-04-07,02,04,09
06090,2006-04-08,07,07,08
06091,2006-04-09,03,03,05
06092,2006-04-10,04,04,04
06093,2006-04-11,02,04,08
06094,2006-04-12,00,00,01
06095,2006-04-13,00,03,04
06096,2006-04-14,02,05,07
06097,2006-04-15,03,08,09
06098,2006-04-16,00,06,06
06099,2006-04-17,02,06,08
06100,2006-04-18,01,04,05
06101,2006-04-19,00,03,04
06102,2006-04-20,00,02,06
06103,2006-04-21,02,02,03
06104,2006-04-22,01,06,06
06105,2006-04-23,01,05,09
06106,2006-04-24,03,03,05
06107,2006-04-25,00,01,09
06108,2006-04-26,06,06,09
06109,2006-04-27,00,03,08
06110,2006-04-28,03,04,07
06111,2006-04-29,01,02,08
06112,2006-04-30,04,09,09
06113,2006-05-01,00,01,06
06114,2006-05-02,07,09,09
06115,2006-05-03,02,05,09
06116,2006-05-04,02,03,03
06117,2006-05-05,09,09,09
06118,2006-05-06,00,08,09
06119,2006-05-07,00,00,09
06120,2006-05-08,02,03,03
06121,2006-05-09,05,05,07
06122,2006-05-10,00,02,05
06123,2006-05-11,02,04,09
06124,2006-05-12,01,02,06
06125,2006-05-13,01,03,05
06126,2006-05-14,02,03,08
06127,2006-05-15,00,01,03
06128,2006-05-16,00,04,06
06129,2006-05-17,02,09,09
06130,2006-05-18,00,08,08
06131,2006-05-19,01,05,06
06132,2006-05-20,00,03,09
06133,2006-05-21,08,09,09
06134,2006-05-22,00,03,07
06135,2006-05-23,04,05,07
06136,2006-05-24,01,03,09
06137,2006-05-25,03,03,07
06138,2006-05-26,00,07,08
06139,2006-05-27,01,02,07
06140,2006-05-28,00,03,08
06141,2006-05-29,04,07,09
06142,2006-05-30,02,06,06
06143,2006-05-31,00,01,04
06144,2006-06-01,01,01,05
06145,2006-06-02,05,08,08
06146,2006-06-03,03,04,08
06147,2006-06-04,03,03,07
06148,2006-06-05,00,06,07
06149,2006-06-06,00,01,09
06150,2006-06-07,00,04,09
06151,2006-06-08,01,01,08
06152,2006-06-09,01,04,08
06153,2006-06-10,00,05,09
06154,2006-06-11,04,08,09
06155,2006-06-12,05,07,09
06156,2006-06-13,06,07,08
06157,2006-06-14,00,03,08
06158,2006-06-15,02,03,06
06159,2006-06-16,03,05,09
06160,2006-06-17,06,08,09
06161,2006-06-18,06,07,09
06162,2006-06-19,02,02,04
06163,2006-06-20,04,09,09
06164,2006-06-21,03,04,05
06165,2006-06-22,03,07,09
06166,2006-06-23,03,03,07
06167,2006-06-24,04,06,09
06168,2006-06-25,01,01,02
06169,2006-06-26,04,07,09
06170,2006-06-27,00,03,05
06171,2006-06-28,02,04,06
06172,2006-06-29,06,07,08
06173,2006-06-30,00,01,09
06174,2006-07-01,04,04,05
06175,2006-07-02,00,00,01
06176,2006-07-03,02,07,07
06177,2006-07-04,04,05,09
06178,2006-07-05,04,05,06
06179,2006-07-06,04,09,09
06180,2006-07-07,03,05,09
06181,2006-07-08,05,09,09
06182,2006-07-09,01,02,07
06183,2006-07-10,04,05,06
06184,2006-07-11,00,03,04
06185,2006-07-12,00,00,07
06186,2006-07-13,04,06,09
06187,2006-07-14,01,03,07
06188,2006-07-15,05,09,09
06189,2006-07-16,03,03,04
06190,2006-07-17,01,04,09
06191,2006-07-18,02,03,09
06192,2006-07-19,00,00,03
06193,2006-07-20,04,07,08
06194,2006-07-21,01,01,06
06195,2006-07-22,01,08,09
06196,2006-07-23,04,08,08
06197,2006-07-24,04,09,09
06198,2006-07-25,01,05,06
06199,2006-07-26,00,02,09
06200,2006-07-27,02,08,09
06201,2006-07-28,02,04,07
06202,2006-07-29,01,08,09
06203,2006-07-30,01,04,05
06204,2006-07-31,02,07,08
06205,2006-08-01,01,04,08
06206,2006-08-02,01,04,07
06207,2006-08-03,03,07,09
06208,2006-08-04,03,06,08
06209,2006-08-05,02,05,06
06210,2006-08-06,02,05,07
06211,2006-08-07,02,05,05
06212,2006-08-08,03,04,09
06213,2006-08-09,01,02,04
06214,2006-08-10,00,03,04
06215,2006-08-11,02,05,07
06216,2006-08-12,03,06,08
06217,2006-08-13,03,03,05
06218,2006-08-14,01,02,07
06219,2006-08-15,04,05,05
06220,2006-08-16,04,05,06
06221,2006-08-17,01,05,07
06222,2006-08-18,02,05,05
06223,2006-08-19,00,06,07
06224,2006-08-20,00,07,08
06225,2006-08-21,03,08,09
06226,2006-08-22,00,06,08
06227,2006-08-23,03,03,06
06228,2006-08-24,01,02,06
06229,2006-08-25,02,06,06
06230,2006-08-26,02,06,07
06231,2006-08-27,00,06,08
06232,2006-08-28,01,02,06
06233,2006-08-29,01,04,07
06234,2006-08-30,04,05,07
06235,2006-08-31,02,03,07
06236,2006-09-01,01,06,09
06237,2006-09-02,03,07,09
06238,2006-09-03,01,06,06
06239,2006-09-04,03,05,06
06240,2006-09-05,02,02,08
06241,2006-09-06,02,03,04
06242,2006-09-07,07,08,09
06243,2006-09-08,04,08,09
06244,2006-09-09,02,02,02
06245,2006-09-10,00,00,08
06246,2006-09-11,08,09,09
06247,2006-09-12,02,05,08
06248,2006-09-13,05,08,09
06249,2006-09-14,01,06,06
06250,2006-09-15,05,09,09
06251,2006-09-16,05,06,06
06252,2006-09-17,01,01,05
06253,2006-09-18,07,08,09
06254,2006-09-19,02,03,09
06255,2006-09-20,04,07,09
06256,2006-09-21,08,09,09
06257,2006-09-22,00,05,08
06258,2006-09-23,00,06,08
06259,2006-09-24,02,06,08
06260,2006-09-25,05,06,09
06261,2006-09-26,03,05,07
06262,2006-09-27,01,07,09
06263,2006-09-28,06,08,08
06264,2006-09-29,05,06,06
06265,2006-09-30,02,02,08
06266,2006-10-01,02,02,07
06267,2006-10-02,02,05,06
06268,2006-10-03,03,06,08
06269,2006-10-04,00,00,01
06270,2006-10-05,01,03,07
06271,2006-10-06,04,04,09
06272,2006-10-07,01,05,07
06273,2006-10-08,03,03,07
06274,2006-10-09,00,08,09
06275,2006-10-10,02,07,07
06276,2006-10-11,00,01,01
06277,2006-10-12,00,07,09
06278,2006-10-13,01,02,06
06279,2006-10-14,01,05,09
06280,2006-10-15,00,08,08
06281,2006-10-16,02,03,06
06282,2006-10-17,03,03,04
06283,2006-10-18,00,02,03
06284,2006-10-19,02,07,09
06285,2006-10-20,05,07,08
06286,2006-10-21,04,05,06
06287,2006-10-22,04,04,07
06288,2006-10-23,01,04,05
06289,2006-10-24,01,07,08
06290,2006-10-25,00,02,08
06291,2006-10-26,03,04,09
06292,2006-10-27,03,03,08
06293,2006-10-28,00,00,06
06294,2006-10-29,03,04,07
06295,2006-10-30,01,03,03
06296,2006-10-31,00,06,09
06297,2006-11-01,00,00,06
06298,2006-11-02,02,07,09
06299,2006-11-03,05,06,09
06300,2006-11-04,01,02,04
06301,2006-11-05,01,09,09
06302,2006-11-06,03,05,06
06303,2006-11-07,02,07,07
06304,2006-11-08,01,09,09
06305,2006-11-09,02,05,09
06306,2006-11-10,01,06,06
06307,2006-11-11,02,07,08
06308,2006-11-12,01,07,08
06309,2006-11-13,03,04,08
06310,2006-11-14,09,09,09
06311,2006-11-15,00,03,05
06312,2006-11-16,00,01,03
06313,2006-11-17,00,03,08
06314,2006-11-18,02,04,07
06315,2006-11-19,00,01,04
06316,2006-11-20,01,03,03
06317,2006-11-21,04,05,08
06318,2006-11-22,01,06,09
06319,2006-11-23,05,05,06
06320,2006-11-24,03,04,09
06321,2006-11-25,04,06,08
06322,2006-11-26,04,06,06
06323,2006-11-27,03,06,07
06324,2006-11-28,01,05,08
06325,2006-11-29,01,03,04
06326,2006-11-30,07,07,09
06327,2006-12-01,03,05,07
06328,2006-12-02,01,06,09
06329,2006-12-03,06,08,09
06330,2006-12-04,04,07,07
06331,2006-12-05,00,00,09
06332,2006-12-06,00,00,02
06333,2006-12-07,06,07,07
06334,2006-12-08,03,08,09
06335,2006-12-09,05,06,09
06336,2006-12-10,04,05,06
06337,2006-12-11,01,02,06
06338,2006-12-12,00,04,09
06339,2006-12-13,00,03,06
06340,2006-12-14,01,03,05
06341,2006-12-15,04,06,06
06342,2006-12-16,04,06,07
06343,2006-12-17,01,03,08
06344,2006-12-18,01,02,07
06345,2006-12-19,00,00,03
06346,2006-12-20,05,06,06
06347,2006-12-21,01,04,08
06348,2006-12-22,01,01,04
06349,2006-12-23,03,05,07
06350,2006-12-24,06,08,09
06351,2006-12-25,01,01,07
06352,2006-12-26,01,06,09
06353,2006-12-27,01,03,05
06354,2006-12-28,03,03,04
06355,2006-12-29,01,04,09
06356,2006-12-30,06,07,08
06357,2006-12-31,04,05,08
07001,2007-01-01,00,03,08
07002,2007-01-02,00,00,06
07003,2007-01-03,03,08,09
07004,2007-01-04,01,03,06
07005,2007-01-05,00,01,09
07006,2007-01-06,03,05,08
07007,2007-01-07,01,04,05
07008,2007-01-08,01,04,06
07009,2007-01-09,02,02,09
07010,2007-01-10,03,04,05
07011,2007-01-11,01,02,06
07012,2007-01-12,00,04,05
07013,2007-01-13,02,02,05
07014,2007-01-14,00,04,07
07015,2007-01-15,07,07,09
07016,2007-01-16,07,08,08
07017,2007-01-17,04,05,08
07018,2007-01-18,00,02,04
07019,2007-01-19,01,02,09
07020,2007-01-20,01,01,05
07021,2007-01-21,05,07,07
07022,2007-01-22,06,08,09
07023,2007-01-23,01,06,07
07024,2007-01-24,05,05,09
07025,2007-01-25,01,03,09
07026,2007-01-26,00,02,06
07027,2007-01-27,03,04,09
07028,2007-01-28,01,01,09
07029,2007-01-29,03,09,09
07030,2007-01-30,01,02,08
07031,2007-01-31,00,04,07
07032,2007-02-01,01,06,09
07033,2007-02-02,05,07,08
07034,2007-02-03,04,04,09
07035,2007-02-04,04,06,07
07036,2007-02-05,00,02,03
07037,2007-02-06,00,05,07
07038,2007-02-07,00,02,03
07039,2007-02-08,00,02,05
07040,2007-02-09,04,08,09
07041,2007-02-10,03,03,05
07042,2007-02-11,01,09,09
07043,2007-02-12,04,07,09
07044,2007-02-13,08,08,09
07045,2007-02-14,00,00,00
07046,2007-02-15,04,05,06
07047,2007-02-16,03,07,07
07048,2007-02-25,02,05,07
07049,2007-02-26,00,06,07
07050,2007-02-27,01,03,06
07051,2007-02-28,02,05,06
07052,2007-03-01,03,03,07
07053,2007-03-02,00,02,08
07054,2007-03-03,04,07,08
07055,2007-03-04,00,01,07
07056,2007-03-05,02,07,08
07057,2007-03-06,05,05,09
07058,2007-03-07,07,08,08
07059,2007-03-08,02,05,08
07060,2007-03-09,03,06,08
07061,2007-03-10,07,07,08
07062,2007-03-11,02,03,07
07063,2007-03-12,03,05,06
07064,2007-03-13,00,03,03
07065,2007-03-14,02,06,08
07066,2007-03-15,03,06,08
07067,2007-03-16,04,09,09
07068,2007-03-17,00,01,03
07069,2007-03-18,01,03,05
07070,2007-03-19,01,04,04
07071,2007-03-20,04,08,09
07072,2007-03-21,00,00,01
07073,2007-03-22,04,05,06
07074,2007-03-23,00,06,09
07075,2007-03-24,01,05,05
07076,2007-03-25,01,03,06
07077,2007-03-26,01,06,07
07078,2007-03-27,03,07,07
07079,2007-03-28,01,05,09
07080,2007-03-29,05,06,08
07081,2007-03-30,01,04,09
07082,2007-03-31,00,04,04
07083,2007-04-01,00,03,09
07084,2007-04-02,00,00,02
07085,2007-04-03,07,08,08
07086,2007-04-04,00,02,08
07087,2007-04-05,03,07,08
07088,2007-04-06,04,08,09
07089,2007-04-07,05,07,07
07090,2007-04-08,02,04,06
07091,2007-04-09,00,01,07
07092,2007-04-10,01,04,07
07093,2007-04-11,01,07,09
07094,2007-04-12,00,01,05
07095,2007-04-13,03,07,09
07096,2007-04-14,06,07,09
07097,2007-04-15,02,03,05
07098,2007-04-16,06,07,09
07099,2007-04-17,00,04,05
07100,2007-04-18,01,04,09
07101,2007-04-19,03,04,09
07102,2007-04-20,04,05,08
07103,2007-04-21,01,04,04
07104,2007-04-22,04,05,07
07105,2007-04-23,09,09,09
07106,2007-04-24,04,05,08
07107,2007-04-25,01,06,09
07108,2007-04-26,04,07,09
07109,2007-04-27,03,05,09
07110,2007-04-28,06,07,08
07111,2007-04-29,02,06,07
07112,2007-04-30,03,04,07
07113,2007-05-01,01,03,08
07114,2007-05-02,06,07,08
07115,2007-05-03,01,06,07
07116,2007-05-04,02,02,07
07117,2007-05-05,03,07,08
07118,2007-05-06,01,07,09
07119,2007-05-07,06,07,09
07120,2007-05-08,03,04,05
07121,2007-05-09,00,00,06
07122,2007-05-10,00,02,05
07123,2007-05-11,02,05,05
07124,2007-05-12,07,07,09
07125,2007-05-13,01,03,06
07126,2007-05-14,00,05,07
07127,2007-05-15,00,09,09
07128,2007-05-16,06,09,09
07129,2007-05-17,04,05,09
07130,2007-05-18,01,01,01
07131,2007-05-19,05,05,07
07132,2007-05-20,04,06,08
07133,2007-05-21,03,08,09
07134,2007-05-22,00,07,09
07135,2007-05-23,05,05,09
07136,2007-05-24,05,08,08
07137,2007-05-25,04,06,09
07138,2007-05-26,00,04,07
07139,2007-05-27,02,03,08
07140,2007-05-28,00,03,06
07141,2007-05-29,04,08,08
07142,2007-05-30,06,06,09
07143,2007-05-31,01,03,09
07144,2007-06-01,01,02,09
07145,2007-06-02,00,00,06
07146,2007-06-03,00,01,09
07147,2007-06-04,06,07,09
07148,2007-06-05,02,04,06
07149,2007-06-06,03,07,08
07150,2007-06-07,03,07,08
07151,2007-06-08,06,06,07
07152,2007-06-09,01,05,09
07153,2007-06-10,01,01,08
07154,2007-06-11,01,05,08
07155,2007-06-12,02,06,08
07156,2007-06-13,05,07,07
07157,2007-06-14,00,00,00
07158,2007-06-15,01,08,09
07159,2007-06-16,03,05,09
07160,2007-06-17,07,08,08
07161,2007-06-18,05,06,07
07162,2007-06-19,04,05,05
07163,2007-06-20,05,06,08
07164,2007-06-21,03,07,08
07165,2007-06-22,04,06,09
07166,2007-06-23,05,07,09
07167,2007-06-24,00,00,08
07168,2007-06-25,00,04,06
07169,2007-06-26,03,03,08
07170,2007-06-27,00,00,02
07171,2007-06-28,00,08,09
07172,2007-06-29,01,05,07
07173,2007-06-30,01,08,09
07174,2007-07-01,03,04,08
07175,2007-07-02,04,04,06
07176,2007-07-03,01,04,07
07177,2007-07-04,02,06,07
07178,2007-07-05,01,04,09
07179,2007-07-06,02,05,08
07180,2007-07-07,00,06,08
07181,2007-07-08,04,08,09
07182,2007-07-09,00,04,06
07183,2007-07-10,00,03,09
07184,2007-07-11,04,05,07
07185,2007-07-12,01,05,08
07186,2007-07-13,00,00,00
07187,2007-07-14,06,07,08
07188,2007-07-15,05,08,09
07189,2007-07-16,01,04,08
07190,2007-07-17,01,06,06
07191,2007-07-18,05,09,09
07192,2007-07-19,00,01,06
07193,2007-07-20,01,05,09
07194,2007-07-21,01,01,04
07195,2007-07-22,05,06,06
07196,2007-07-23,05,05,06
07197,2007-07-24,01,03,07
07198,2007-07-25,02,02,08
07199,2007-07-26,04,04,09
07200,2007-07-27,06,06,07
07201,2007-07-28,00,05,08
07202,2007-07-29,06,08,08
07203,2007-07-30,01,01,03
07204,2007-07-31,01,08,09
07205,2007-08-01,03,03,05
07206,2007-08-02,01,05,08
07207,2007-08-03,02,03,09
07208,2007-08-04,03,04,06
07209,2007-08-05,03,08,09
07210,2007-08-06,00,01,06
07211,2007-08-07,01,08,08
07212,2007-08-08,02,04,04
07213,2007-08-09,08,09,09
07214,2007-08-10,04,04,09
07215,2007-08-11,04,08,08
07216,2007-08-12,01,06,07
07217,2007-08-13,00,03,05
07218,2007-08-14,03,07,09
07219,2007-08-15,05,06,09
07220,2007-08-16,04,07,09
07221,2007-08-17,01,01,02
07222,2007-08-18,01,02,07
07223,2007-08-19,02,04,07
07224,2007-08-20,03,04,06
07225,2007-08-21,00,01,08
07226,2007-08-22,02,05,09
07227,2007-08-23,00,01,02
07228,2007-08-24,01,02,09
07229,2007-08-25,00,02,02
07230,2007-08-26,04,07,09
07231,2007-08-27,01,03,09
07232,2007-08-28,03,03,08
07233,2007-08-29,02,03,08
07234,2007-08-30,03,06,08
07235,2007-08-31,03,08,09
07236,2007-09-01,06,08,09
07237,2007-09-02,03,04,08
07238,2007-09-03,00,07,08
07239,2007-09-04,04,06,08
07240,2007-09-05,01,04,06
07241,2007-09-06,02,03,05
07242,2007-09-07,00,02,08
07243,2007-09-08,01,07,09
07244,2007-09-09,03,03,03
07245,2007-09-10,04,06,09
07246,2007-09-11,02,02,05
07247,2007-09-12,04,05,08
07248,2007-09-13,01,02,05
07249,2007-09-14,00,01,05
07250,2007-09-15,00,02,08
07251,2007-09-16,00,02,06
07252,2007-09-17,00,02,09
07253,2007-09-18,03,03,05
07254,2007-09-19,00,03,06
07255,2007-09-20,04,08,08
07256,2007-09-21,01,02,02
07257,2007-09-22,01,04,04
07258,2007-09-23,03,04,05
07259,2007-09-24,01,04,05
07260,2007-09-25,07,09,09
07261,2007-09-26,01,02,09
07262,2007-09-27,00,04,09
07263,2007-09-28,01,02,03
07264,2007-09-29,06,07,09
07265,2007-09-30,02,02,03
07266,2007-10-01,00,06,08
07267,2007-10-02,05,08,09
07268,2007-10-03,03,06,09
07269,2007-10-04,03,03,08
07270,2007-10-05,02,05,08
07271,2007-10-06,02,05,09
07272,2007-10-07,02,07,09
07273,2007-10-08,04,05,08
07274,2007-10-09,03,04,05
07275,2007-10-10,01,03,06
07276,2007-10-11,04,04,09
07277,2007-10-12,02,04,05
07278,2007-10-13,03,05,06
07279,2007-10-14,06,08,09
07280,2007-10-15,04,06,08
07281,2007-10-16,00,03,04
07282,2007-10-17,00,04,09
07283,2007-10-18,00,01,02
07284,2007-10-19,05,07,09
07285,2007-10-20,00,04,07
07286,2007-10-21,01,06,09
07287,2007-10-22,03,04,07
07288,2007-10-23,02,07,09
07289,2007-10-24,04,07,09
07290,2007-10-25,03,04,05
07291,2007-10-26,01,04,04
07292,2007-10-27,05,06,09
07293,2007-10-28,04,04,07
07294,2007-10-29,03,05,06
07295,2007-10-30,01,01,03
07296,2007-10-31,04,05,09
07297,2007-11-01,01,07,09
07298,2007-11-02,02,06,08
07299,2007-11-03,04,04,09
07300,2007-11-04,03,05,07
07301,2007-11-05,02,04,08
07302,2007-11-06,01,04,09
07303,2007-11-07,00,08,09
07304,2007-11-08,00,02,04
07305,2007-11-09,07,08,09
07306,2007-11-10,00,03,05
07307,2007-11-11,00,01,06
07308,2007-11-12,00,07,08
07309,2007-11-13,04,08,08
07310,2007-11-14,05,07,09
07311,2007-11-15,03,04,07
07312,2007-11-16,00,03,05
07313,2007-11-17,03,03,06
07314,2007-11-18,01,04,07
07315,2007-11-19,00,01,02
07316,2007-11-20,00,06,07
07317,2007-11-21,07,07,08
07318,2007-11-22,00,01,09
07319,2007-11-23,00,03,05
07320,2007-11-24,04,07,09
07321,2007-11-25,05,08,08
07322,2007-11-26,03,08,08
07323,2007-11-27,04,06,09
07324,2007-11-28,00,01,05
07325,2007-11-29,01,08,09
07326,2007-11-30,05,06,06
07327,2007-12-01,03,04,08
07328,2007-12-02,00,04,09
07329,2007-12-03,02,03,07
07330,2007-12-04,00,01,05
07331,2007-12-05,01,03,05
07332,2007-12-06,04,06,06
07333,2007-12-07,01,04,09
07334,2007-12-08,03,07,07
07335,2007-12-09,02,03,05
07336,2007-12-10,04,07,07
07337,2007-12-11,02,06,07
07338,2007-12-12,05,05,08
07339,2007-12-13,00,04,08
07340,2007-12-14,01,04,06
07341,2007-12-15,00,02,03
07342,2007-12-16,00,06,08
07343,2007-12-17,02,04,09
07344,2007-12-18,05,07,07
07345,2007-12-19,05,06,09
07346,2007-12-20,00,00,08
07347,2007-12-21,00,01,03
07348,2007-12-22,01,04,08
07349,2007-12-23,04,07,07
07350,2007-12-24,01,04,06
07351,2007-12-25,00,02,08
07352,2007-12-26,01,04,07
07353,2007-12-27,00,00,05
07354,2007-12-28,00,05,06
07355,2007-12-29,03,04,06
07356,2007-12-30,01,02,05
07357,2007-12-31,01,03,07
08001,2008-01-01,05,06,09
08002,2008-01-02,00,07,08
08003,2008-01-03,03,08,08
08004,2008-01-04,03,05,09
08005,2008-01-05,01,03,04
08006,2008-01-06,02,02,08
08007,2008-01-07,00,08,09
08008,2008-01-08,00,03,08
08009,2008-01-09,00,01,08
08010,2008-01-10,02,04,08
08011,2008-01-11,00,05,06
08012,2008-01-12,00,03,06
08013,2008-01-13,00,00,04
08014,2008-01-14,01,03,06
08015,2008-01-15,04,05,07
08016,2008-01-16,07,08,09
08017,2008-01-17,00,05,06
08018,2008-01-18,01,05,05
08019,2008-01-19,04,06,09
08020,2008-01-20,06,07,08
08021,2008-01-21,01,01,09
08022,2008-01-22,04,05,06
08023,2008-01-23,00,08,08
08024,2008-01-24,00,01,02
08025,2008-01-25,00,03,06
08026,2008-01-26,00,06,08
08027,2008-01-27,00,02,06
08028,2008-01-28,00,09,09
08029,2008-01-29,00,02,03
08030,2008-01-30,01,03,04
08031,2008-01-31,03,05,05
08032,2008-02-01,02,07,08
08033,2008-02-02,00,02,05
08034,2008-02-03,03,05,08
08035,2008-02-04,01,03,09
08036,2008-02-05,01,04,05
08037,2008-02-13,00,06,08
08038,2008-02-14,03,05,06
08039,2008-02-15,04,05,08
08040,2008-02-16,00,04,08
08041,2008-02-17,01,06,06
08042,2008-02-18,01,02,06
08043,2008-02-19,01,01,01
08044,2008-02-20,01,01,02
08045,2008-02-21,06,06,06
08046,2008-02-22,00,05,08
08047,2008-02-23,02,02,07
08048,2008-02-24,00,05,08
08049,2008-02-25,02,03,05
08050,2008-02-26,02,03,03
08051,2008-02-27,02,03,09
08052,2008-02-28,00,02,08
08053,2008-02-29,00,05,07
08054,2008-03-01,02,03,09
08055,2008-03-02,00,00,04
08056,2008-03-03,01,06,07
08057,2008-03-04,00,02,03
08058,2008-03-05,06,07,07
08059,2008-03-06,04,05,07
08060,2008-03-07,03,06,06
08061,2008-03-08,03,04,08
08062,2008-03-09,01,03,04
08063,2008-03-10,00,03,08
08064,2008-03-11,04,06,08
08065,2008-03-12,03,06,06
08066,2008-03-13,01,05,09
08067,2008-03-14,01,02,09
08068,2008-03-15,02,04,05
08069,2008-03-16,00,06,08
08070,2008-03-17,03,07,08
08071,2008-03-18,03,04,06
08072,2008-03-19,00,02,05
08073,2008-03-20,02,04,08
08074,2008-03-21,01,03,08
08075,2008-03-22,05,07,09
08076,2008-03-23,02,06,08
08077,2008-03-24,04,06,07
08078,2008-03-25,01,06,09
08079,2008-03-26,03,07,07
08080,2008-03-27,03,05,08
08081,2008-03-28,07,08,09
08082,2008-03-29,04,06,07
08083,2008-03-30,00,09,09
08084,2008-03-31,03,07,09
08085,2008-04-01,00,00,01
08086,2008-04-02,01,03,09
08087,2008-04-03,02,06,07
08088,2008-04-04,04,05,06
08089,2008-04-05,00,04,05
08090,2008-04-06,01,03,08
08091,2008-04-07,00,04,06
08092,2008-04-08,03,08,09
08093,2008-04-09,06,08,08
08094,2008-04-10,05,09,09
08095,2008-04-11,00,03,06
08096,2008-04-12,00,04,07
08097,2008-04-13,01,02,09
08098,2008-04-14,05,06,07
08099,2008-04-15,02,05,09
08100,2008-04-16,05,07,07
08101,2008-04-17,02,03,06
08102,2008-04-18,01,01,05
08103,2008-04-19,02,02,06
08104,2008-04-20,01,01,05
08105,2008-04-21,02,05,05
08106,2008-04-22,00,00,09
08107,2008-04-23,00,03,05
08108,2008-04-24,02,05,06
08109,2008-04-25,01,05,08
08110,2008-04-26,03,03,09
08111,2008-04-27,01,08,09
08112,2008-04-28,04,06,07
08113,2008-04-29,01,01,02
08114,2008-04-30,02,04,06
08115,2008-05-01,08,08,08
08116,2008-05-02,05,06,09
08117,2008-05-03,09,09,09
08118,2008-05-04,01,07,07
08119,2008-05-05,04,07,08
08120,2008-05-06,04,05,07
08121,2008-05-07,01,01,08
08122,2008-05-08,01,03,03
08123,2008-05-09,03,04,08
08124,2008-05-10,00,01,09
08125,2008-05-11,02,08,08
08126,2008-05-12,02,04,09
08127,2008-05-13,01,06,08
08128,2008-05-14,04,05,09
08129,2008-05-15,00,06,08
08130,2008-05-16,00,08,08
08131,2008-05-17,03,04,06
08132,2008-05-18,02,04,05
08133,2008-05-19,02,06,08
08134,2008-05-20,02,04,05
08135,2008-05-21,04,06,09
08136,2008-05-22,04,06,07
08137,2008-05-23,00,02,06
08138,2008-05-24,01,04,08
08139,2008-05-25,05,07,09
08140,2008-05-26,01,04,04
08141,2008-05-27,01,05,06
08142,2008-05-28,02,06,07
08143,2008-05-29,05,08,08
08144,2008-05-30,01,06,08
08145,2008-05-31,00,02,04
08146,2008-06-01,01,02,04
08147,2008-06-02,07,08,09
08148,2008-06-03,02,04,09
08149,2008-06-04,01,06,09
08150,2008-06-05,04,05,08
08151,2008-06-06,03,06,07
08152,2008-06-07,02,04,08
08153,2008-06-08,06,06,06
08154,2008-06-09,00,01,09
08155,2008-06-10,03,05,07
08156,2008-06-11,00,02,07
08157,2008-06-12,04,07,09
08158,2008-06-13,00,05,08
08159,2008-06-14,00,04,06
08160,2008-06-15,04,07,09
08161,2008-06-16,06,07,07
08162,2008-06-17,04,06,07
08163,2008-06-18,00,03,07
08164,2008-06-19,01,02,08
08165,2008-06-20,00,02,03
08166,2008-06-21,00,08,08
08167,2008-06-22,02,04,06
08168,2008-06-23,03,04,06
08169,2008-06-24,07,09,09
08170,2008-06-25,02,04,04
08171,2008-06-26,02,03,07
08172,2008-06-27,02,03,08
08173,2008-06-28,01,05,06
08174,2008-06-29,07,08,08
08175,2008-06-30,01,05,06
08176,2008-07-01,02,04,05
08177,2008-07-02,00,01,04
08178,2008-07-03,03,04,04
08179,2008-07-04,01,02,02
08180,2008-07-05,01,01,04
08181,2008-07-06,03,03,09
08182,2008-07-07,00,02,08
08183,2008-07-08,03,06,09
08184,2008-07-09,00,04,08
08185,2008-07-10,00,04,06
08186,2008-07-11,06,07,08
08187,2008-07-12,00,05,09
08188,2008-07-13,05,05,09
08189,2008-07-14,00,05,08
08190,2008-07-15,02,06,08
08191,2008-07-16,01,03,04
08192,2008-07-17,06,07,08
08193,2008-07-18,00,06,08
08194,2008-07-19,01,02,03
08195,2008-07-20,02,02,08
08196,2008-07-21,01,06,08
08197,2008-07-22,03,05,07
08198,2008-07-23,00,06,08
08199,2008-07-24,01,04,08
08200,2008-07-25,00,02,04
08201,2008-07-26,03,04,07
08202,2008-07-27,01,08,09
08203,2008-07-28,07,09,09
08204,2008-07-29,06,06,07
08205,2008-07-30,00,05,06
08206,2008-07-31,00,04,08
08207,2008-08-01,00,00,06
08208,2008-08-02,03,05,06
08209,2008-08-03,01,06,09
08210,2008-08-04,00,00,03
08211,2008-08-05,01,04,09
08212,2008-08-06,04,08,09
08213,2008-08-07,00,06,08
08214,2008-08-08,01,04,04
08215,2008-08-09,03,05,07
08216,2008-08-10,03,08,09
08217,2008-08-11,00,04,05
08218,2008-08-12,01,01,06
08219,2008-08-13,02,04,09
08220,2008-08-14,04,04,08
08221,2008-08-15,03,08,09
08222,2008-08-16,00,01,08
08223,2008-08-17,06,09,09
08224,2008-08-18,02,03,06
08225,2008-08-19,03,04,05
08226,2008-08-20,02,08,09
08227,2008-08-21,05,07,08
08228,2008-08-22,05,07,09
08229,2008-08-23,01,04,09
08230,2008-08-24,02,03,06
08231,2008-08-25,03,05,06
08232,2008-08-26,00,04,08
08233,2008-08-27,00,02,06
08234,2008-08-28,00,00,08
08235,2008-08-29,02,03,07
08236,2008-08-30,06,07,09
08237,2008-08-31,01,01,04
08238,2008-09-01,02,05,09
08239,2008-09-02,03,04,04
08240,2008-09-03,00,00,03
08241,2008-09-04,05,06,09
08242,2008-09-05,03,04,08
08243,2008-09-06,03,09,09
08244,2008-09-07,01,02,03
08245,2008-09-08,00,07,07
08246,2008-09-09,01,06,07
08247,2008-09-10,00,03,06
08248,2008-09-11,01,02,05
08249,2008-09-12,01,05,07
08250,2008-09-13,00,01,08
08251,2008-09-14,05,06,09
08252,2008-09-15,01,05,08
08253,2008-09-16,00,02,05
08254,2008-09-17,00,03,04
08255,2008-09-18,04,07,08
08256,2008-09-19,02,05,09
08257,2008-09-20,05,07,07
08258,2008-09-21,02,06,08
08259,2008-09-22,05,05,08
08260,2008-09-23,02,06,07
08261,2008-09-24,00,00,01
08262,2008-09-25,05,08,09
08263,2008-09-26,00,00,04
08264,2008-09-27,03,03,05
08265,2008-09-28,02,07,08
08266,2008-09-29,03,07,09
08267,2008-09-30,01,05,08
08268,2008-10-01,05,05,09
08269,2008-10-02,01,01,09
08270,2008-10-03,00,04,04
08271,2008-10-04,00,03,05
08272,2008-10-05,03,09,09
08273,2008-10-06,00,07,07
08274,2008-10-07,00,02,07
08275,2008-10-08,01,02,02
08276,2008-10-09,00,02,07
08277,2008-10-10,01,02,06
08278,2008-10-11,03,07,09
08279,2008-10-12,04,08,09
08280,2008-10-13,05,06,09
08281,2008-10-14,01,02,02
08282,2008-10-15,00,01,05
08283,2008-10-16,00,06,08
08284,2008-10-17,04,05,08
08285,2008-10-18,03,03,04
08286,2008-10-19,01,05,09
08287,2008-10-20,01,06,07
08288,2008-10-21,02,03,04
08289,2008-10-22,01,01,04
08290,2008-10-23,03,03,06
08291,2008-10-24,04,07,09
08292,2008-10-25,04,05,08
08293,2008-10-26,00,09,09
08294,2008-10-27,00,07,09
08295,2008-10-28,04,04,09
08296,2008-10-29,06,06,07
08297,2008-10-30,01,04,09
08298,2008-10-31,02,06,07
08299,2008-11-01,00,07,08
08300,2008-11-02,06,08,08
08301,2008-11-03,00,00,02
08302,2008-11-04,00,07,09
08303,2008-11-05,03,03,09
08304,2008-11-06,06,07,09
08305,2008-11-07,00,00,01
08306,2008-11-08,04,08,09
08307,2008-11-09,03,04,05
08308,2008-11-10,04,06,07
08309,2008-11-11,00,02,05
08310,2008-11-12,03,07,09
08311,2008-11-13,00,01,07
08312,2008-11-14,03,06,06
08313,2008-11-15,01,07,09
08314,2008-11-16,04,04,07
08315,2008-11-17,07,08,08
08316,2008-11-18,04,05,08
08317,2008-11-19,01,03,08
08318,2008-11-20,00,03,08
08319,2008-11-21,01,08,08
08320,2008-11-22,03,04,07
08321,2008-11-23,01,09,09
08322,2008-11-24,02,03,05
08323,2008-11-25,01,04,06
08324,2008-11-26,04,05,09
08325,2008-11-27,00,07,08
08326,2008-11-28,00,07,08
08327,2008-11-29,03,05,05
08328,2008-11-30,00,02,05
08329,2008-12-01,02,02,04
08330,2008-12-02,01,07,08
08331,2008-12-03,03,06,07
08332,2008-12-04,00,00,09
08333,2008-12-05,05,08,08
08334,2008-12-06,00,07,08
08335,2008-12-07,02,06,08
08336,2008-12-08,02,08,09
08337,2008-12-09,00,01,07
08338,2008-12-10,09,09,09
08339,2008-12-11,02,04,05
08340,2008-12-12,05,06,08
08341,2008-12-13,01,03,05
08342,2008-12-14,00,00,01
08343,2008-12-15,01,04,06
08344,2008-12-16,00,00,07
08345,2008-12-17,02,03,09
08346,2008-12-18,05,05,09
08347,2008-12-19,00,07,09
08348,2008-12-20,01,03,04
08349,2008-12-21,00,03,08
08350,2008-12-22,05,05,09
08351,2008-12-23,01,03,06
08352,2008-12-24,05,05,07
08353,2008-12-25,03,05,07
08354,2008-12-26,04,04,07
08355,2008-12-27,04,07,08
08356,2008-12-28,01,05,07
08357,2008-12-29,02,03,08
08358,2008-12-30,04,06,09
08359,2008-12-31,00,01,02
09001,2009-01-01,02,03,05
09002,2009-01-02,01,04,06
09003,2009-01-03,04,08,08
09004,2009-01-04,00,02,05
09005,2009-01-05,01,02,05
09006,2009-01-06,05,06,09
09007,2009-01-07,01,03,04
09008,2009-01-08,02,03,04
09009,2009-01-09,06,06,09
09010,2009-01-10,02,06,08
09011,2009-01-11,05,06,06
09012,2009-01-12,01,06,09
09013,2009-01-13,01,05,05
09014,2009-01-14,02,09,09
09015,2009-01-15,01,02,07
09016,2009-01-16,07,07,09
09017,2009-01-17,03,05,05
09018,2009-01-18,06,08,08
09019,2009-01-19,00,03,08
09020,2009-01-20,01,04,06
09021,2009-01-21,00,00,07
09022,2009-01-22,01,04,09
09023,2009-01-23,02,06,06
09024,2009-01-24,01,05,08
09025,2009-02-01,02,07,08
09026,2009-02-02,06,06,09
09027,2009-02-03,05,05,08
09028,2009-02-04,03,03,05
09029,2009-02-05,00,04,07
09030,2009-02-06,00,01,03
09031,2009-02-07,03,04,05
09032,2009-02-08,01,08,09
09033,2009-02-09,02,04,07
09034,2009-02-10,02,03,05
09035,2009-02-11,01,04,08
09036,2009-02-12,00,02,03
09037,2009-02-13,00,04,09
09038,2009-02-14,03,05,06
09039,2009-02-15,04,05,08
09040,2009-02-16,03,06,07
09041,2009-02-17,06,07,09
09042,2009-02-18,01,03,03
09043,2009-02-19,02,06,06
09044,2009-02-20,03,03,07
09045,2009-02-21,04,07,07
09046,2009-02-22,00,02,08
09047,2009-02-23,01,03,07
09048,2009-02-24,01,03,06
09049,2009-02-25,03,03,07
09050,2009-02-26,06,08,09
09051,2009-02-27,00,01,08
09052,2009-02-28,02,06,09
09053,2009-03-01,02,02,06
09054,2009-03-02,04,05,09
09055,2009-03-03,00,04,05
09056,2009-03-04,07,07,09
09057,2009-03-05,01,03,08
09058,2009-03-06,03,04,07
09059,2009-03-07,00,01,02
09060,2009-03-08,01,01,04
09061,2009-03-09,00,04,08
09062,2009-03-10,05,06,07
09063,2009-03-11,01,05,09
09064,2009-03-12,04,06,06
09065,2009-03-13,04,05,05
09066,2009-03-14,01,04,07
09067,2009-03-15,00,06,09
09068,2009-03-16,01,04,05
09069,2009-03-17,00,02,03
09070,2009-03-18,03,04,08
09071,2009-03-19,00,02,05
09072,2009-03-20,04,07,09
09073,2009-03-21,04,05,07
09074,2009-03-22,01,01,06
09075,2009-03-23,02,05,08
09076,2009-03-24,03,06,07
09077,2009-03-25,05,06,08
09078,2009-03-26,03,04,09
09079,2009-03-27,02,03,08
09080,2009-03-28,07,09,09
09081,2009-03-29,02,03,08
09082,2009-03-30,00,03,08
09083,2009-03-31,00,05,09
09084,2009-04-01,05,07,08
09085,2009-04-02,01,08,09
09086,2009-04-03,00,06,08
09087,2009-04-04,00,00,05
09088,2009-04-05,00,08,09
09089,2009-04-06,04,07,08
09090,2009-04-07,01,02,04
09091,2009-04-08,01,02,06
09092,2009-04-09,00,02,09
09093,2009-04-10,00,08,08
09094,2009-04-11,07,09,09
09095,2009-04-12,00,01,03
09096,2009-04-13,01,03,05
09097,2009-04-14,01,05,09
09098,2009-04-15,06,07,08
09099,2009-04-16,02,06,07
09100,2009-04-17,03,03,05
09101,2009-04-18,00,03,07
09102,2009-04-19,02,08,09
09103,2009-04-20,03,03,09
09104,2009-04-21,03,04,07
09105,2009-04-22,05,06,09
09106,2009-04-23,00,02,03
09107,2009-04-24,00,04,06
09108,2009-04-25,00,04,08
09109,2009-04-26,00,02,04
09110,2009-04-27,04,04,09
09111,2009-04-28,02,06,07
09112,2009-04-29,02,02,04
09113,2009-04-30,01,04,07
09114,2009-05-01,00,01,03
09115,2009-05-02,02,07,09
09116,2009-05-03,00,03,03
09117,2009-05-04,01,08,09
09118,2009-05-05,03,06,07
09119,2009-05-06,01,06,09
09120,2009-05-07,00,01,07
09121,2009-05-08,00,08,08
09122,2009-05-09,03,05,05
09123,2009-05-10,00,07,09
09124,2009-05-11,04,05,09
09125,2009-05-12,01,03,06
09126,2009-05-13,00,03,06
09127,2009-05-14,08,09,09
09128,2009-05-15,01,05,05
09129,2009-05-16,01,07,07
09130,2009-05-17,00,02,06
09131,2009-05-18,05,07,07
09132,2009-05-19,00,09,09
09133,2009-05-20,00,05,07
09134,2009-05-21,00,04,04
09135,2009-05-22,00,02,05
09136,2009-05-23,05,07,08
09137,2009-05-24,01,03,07
09138,2009-05-25,03,03,06
09139,2009-05-26,02,04,09
09140,2009-05-27,01,02,08
09141,2009-05-28,00,06,06
09142,2009-05-29,01,04,07
09143,2009-05-30,01,06,06
09144,2009-05-31,03,07,09
09145,2009-06-01,00,01,08
09146,2009-06-02,01,03,08
09147,2009-06-03,01,04,07
09148,2009-06-04,01,03,04
09149,2009-06-05,02,03,06
09150,2009-06-06,00,00,04
09151,2009-06-07,04,06,09
09152,2009-06-08,03,06,08
09153,2009-06-09,06,08,09
09154,2009-06-10,02,03,05
09155,2009-06-11,00,02,06
09156,2009-06-12,00,06,09
09157,2009-06-13,00,00,06
09158,2009-06-14,01,04,08
09159,2009-06-15,00,03,08
09160,2009-06-16,02,02,06
09161,2009-06-17,01,06,08
09162,2009-06-18,04,06,07
09163,2009-06-19,00,01,02
09164,2009-06-20,02,05,05
09165,2009-06-21,01,06,08
09166,2009-06-22,02,03,09
09167,2009-06-23,02,05,06
09168,2009-06-24,00,01,08
09169,2009-06-25,03,05,07
09170,2009-06-26,04,05,05
09171,2009-06-27,01,04,08
09172,2009-06-28,00,04,09
09173,2009-06-29,01,08,08
09174,2009-06-30,05,06,08
09175,2009-07-01,00,00,02
09176,2009-07-02,01,02,05
09177,2009-07-03,00,02,02
09178,2009-07-04,03,09,09
09179,2009-07-05,03,04,06
09180,2009-07-06,00,06,09
09181,2009-07-07,00,06,09
09182,2009-07-08,08,08,09
09183,2009-07-09,05,07,09
09184,2009-07-10,00,05,09
09185,2009-07-11,00,06,09
09186,2009-07-12,06,07,07
09187,2009-07-13,02,06,08
09188,2009-07-14,03,05,08
09189,2009-07-15,04,05,07
09190,2009-07-16,01,04,05
09191,2009-07-17,00,02,03
09192,2009-07-18,03,07,09
09193,2009-07-19,02,04,07
09194,2009-07-20,01,05,06
09195,2009-07-21,01,04,07
09196,2009-07-22,03,04,09
09197,2009-07-23,01,04,09
09198,2009-07-24,01,03,05
09199,2009-07-25,02,03,07
09200,2009-07-26,01,01,07
09201,2009-07-27,00,01,05
09202,2009-07-28,00,02,04
09203,2009-07-29,00,03,06
09204,2009-07-30,01,02,09
09205,2009-07-31,03,05,08
09206,2009-08-01,00,03,06
09207,2009-08-02,00,05,05
09208,2009-08-03,02,05,06
09209,2009-08-04,03,06,07
09210,2009-08-05,00,01,03
09211,2009-08-06,01,04,05
09212,2009-08-07,02,04,08
09213,2009-08-08,01,04,06
09214,2009-08-09,00,02,05
09215,2009-08-10,03,07,08
09216,2009-08-11,01,03,08
09217,2009-08-12,00,09,09
09218,2009-08-13,04,08,08
09219,2009-08-14,03,04,05
09220,2009-08-15,01,04,06
09221,2009-08-16,02,02,08
09222,2009-08-17,05,05,07
09223,2009-08-18,00,02,02
09224,2009-08-19,06,07,09
09225,2009-08-20,04,04,07
09226,2009-08-21,04,06,08
09227,2009-08-22,00,07,08
09228,2009-08-23,00,06,08
09229,2009-08-24,01,03,09
09230,2009-08-25,02,03,03
09231,2009-08-26,04,07,09
09232,2009-08-27,04,05,08
09233,2009-08-28,03,07,08
09234,2009-08-29,03,04,07
09235,2009-08-30,00,07,08
09236,2009-08-31,01,04,05
09237,2009-09-01,04,08,09
09238,2009-09-02,02,03,06
09239,2009-09-03,05,06,07
09240,2009-09-04,03,07,08
09241,2009-09-05,02,08,09
09242,2009-09-06,04,08,08
09243,2009-09-07,00,03,09
09244,2009-09-08,04,06,07
09245,2009-09-09,01,03,05
09246,2009-09-10,00,02,02
09247,2009-09-11,01,05,09
09248,2009-09-12,00,02,04
09249,2009-09-13,04,08,09
09250,2009-09-14,02,03,06
09251,2009-09-15,01,04,09
09252,2009-09-16,00,09,09
09253,2009-09-17,00,08,09
09254,2009-09-18,01,03,09
09255,2009-09-19,01,03,06
09256,2009-09-20,07,07,08
09257,2009-09-21,00,05,09
09258,2009-09-22,00,02,06
09259,2009-09-23,04,04,05
09260,2009-09-24,01,06,08
09261,2009-09-25,00,08,08
09262,2009-09-26,01,02,05
09263,2009-09-27,00,00,05
09264,2009-09-28,02,03,03
09265,2009-09-29,07,07,09
09266,2009-09-30,00,08,09
09267,2009-10-01,04,05,05
09268,2019-10-08,00,03,07
09269,2009-10-03,02,04,06
09270,2009-10-04,04,05,07
09271,2009-10-05,06,08,09
09272,2009-10-06,01,03,06
09273,2009-10-07,02,03,09
09274,2009-10-08,00,02,07
09275,2009-10-09,02,03,07
09276,2009-10-10,01,02,05
09277,2009-10-11,01,06,07
09278,2009-10-12,00,08,09
09279,2009-10-13,01,03,06
09280,2009-10-14,00,04,04
09281,2009-10-15,01,08,09
09282,2009-10-16,01,02,04
09283,2009-10-17,02,05,06
09284,2009-10-18,04,08,08
09285,2009-10-19,03,03,06
09286,2009-10-20,01,04,08
09287,2009-10-21,01,07,09
09288,2009-10-22,00,01,02
09289,2009-10-23,03,07,09
09290,2009-10-24,01,03,09
09291,2009-10-25,00,03,08
09292,2009-10-26,06,06,09
09293,2009-10-27,00,06,09
09294,2009-10-28,02,07,08
09295,2009-10-29,00,00,08
09296,2009-10-30,04,06,06
09297,2009-10-31,00,02,03
09298,2009-11-01,05,06,06
09299,2009-11-02,03,05,05
09300,2009-11-03,04,05,07
09301,2009-11-04,02,02,04
09302,2009-11-05,01,06,07
09303,2009-11-06,03,07,09
09304,2009-11-07,02,05,06
09305,2009-11-08,04,07,08
09306,2009-11-09,04,05,07
09307,2009-11-10,03,04,09
09308,2009-11-11,00,01,08
09309,2009-11-12,05,05,09
09310,2009-11-13,04,07,07
09311,2009-11-14,01,09,09
09312,2009-11-15,02,03,03
09313,2009-11-16,01,03,09
09314,2009-11-17,00,08,08
09315,2009-11-18,00,05,09
09316,2009-11-19,04,08,09
09317,2009-11-20,02,04,09
09318,2009-11-21,02,07,08
09319,2009-11-22,01,03,05
09320,2009-11-23,06,06,08
09321,2009-11-24,05,08,09
09322,2009-11-25,02,02,06
09323,2009-11-26,01,01,02
09324,2009-11-27,02,07,08
09325,2009-11-28,04,05,05
09326,2009-11-29,00,00,06
09327,2009-11-30,05,07,08
09328,2009-12-01,01,04,07
09329,2009-12-02,02,04,05
09330,2009-12-03,04,06,07
09331,2009-12-04,04,05,09
09332,2009-12-05,00,01,05
09333,2009-12-06,02,05,09
09334,2009-12-07,00,04,08
09335,2009-12-08,00,04,07
09336,2009-12-09,02,03,08
09337,2009-12-10,06,08,09
09338,2009-12-11,00,07,09
09339,2009-12-12,00,02,05
09340,2009-12-13,00,06,08
09341,2009-12-14,03,09,09
09342,2009-12-15,02,07,08
09343,2009-12-16,03,07,08
09344,2009-12-17,01,03,05
09345,2009-12-18,03,05,07
09346,2009-12-19,01,01,05
09347,2009-12-20,00,02,03
09348,2009-12-21,02,07,08
09349,2009-12-22,00,03,07
09350,2009-12-23,03,03,05
09351,2009-12-24,01,05,09
09352,2009-12-25,02,02,06
09353,2009-12-26,06,06,07
09354,2009-12-27,00,05,07
09355,2009-12-28,02,04,04
09356,2009-12-29,04,07,08
09357,2009-12-30,02,05,05
09358,2009-12-31,02,03,08
10001,2010-01-01,02,03,07
10002,2010-01-02,01,08,09
10003,2010-01-03,01,05,09
10004,2010-01-04,02,02,03
10005,2010-01-05,03,07,08
10006,2010-01-06,02,05,07
10007,2010-01-07,02,04,05
10008,2010-01-08,04,05,06
10009,2010-01-09,00,03,07
10010,2010-01-10,02,09,09
10011,2010-01-11,00,02,04
10012,2010-01-12,00,00,08
10013,2010-01-13,03,07,09
10014,2010-01-14,03,04,09
10015,2010-01-15,05,06,09
10016,2010-01-16,00,01,08
10017,2010-01-17,03,03,08
10018,2010-01-18,03,04,06
10019,2010-01-19,01,04,08
10020,2010-01-20,00,01,07
10021,2010-01-21,00,04,08
10022,2010-01-22,00,05,07
10023,2010-01-23,01,04,05
10024,2010-01-24,03,07,08
10025,2010-01-25,04,06,07
10026,2010-01-26,05,06,08
10027,2010-01-27,00,00,05
10028,2010-01-28,04,08,09
10029,2010-01-29,00,05,05
10030,2010-01-30,00,02,08
10031,2010-01-31,00,01,05
10032,2010-02-01,00,03,09
10033,2010-02-02,06,06,08
10034,2010-02-03,05,06,09
10035,2010-02-04,03,04,09
10036,2010-02-05,05,06,08
10037,2010-02-06,07,07,08
10038,2010-02-07,05,06,09
10039,2010-02-08,01,01,05
10040,2010-02-09,00,01,04
10041,2010-02-10,02,03,06
10042,2010-02-11,00,01,06
10043,2010-02-12,00,04,08
10044,2010-02-20,01,04,05
10045,2010-02-21,03,06,08
10046,2010-02-22,01,06,09
10047,2010-02-23,00,00,04
10048,2010-02-24,01,01,02
10049,2010-02-25,02,05,09
10050,2010-02-26,03,05,07
10051,2010-02-27,03,04,07
10052,2010-02-28,00,02,04
10053,2010-03-01,04,05,08
10054,2010-03-02,06,07,09
10055,2010-03-03,00,02,03
10056,2010-03-04,03,04,05
10057,2010-03-05,03,04,07
10058,2010-03-06,01,01,04
10059,2010-03-07,02,06,07
10060,2010-03-08,00,05,07
10061,2010-03-09,00,06,09
10062,2010-03-10,01,04,06
10063,2010-03-11,04,04,08
10064,2010-03-12,02,06,08
10065,2010-03-13,00,02,08
10066,2010-03-14,00,03,06
10067,2010-03-15,05,08,08
10068,2010-03-16,05,07,09
10069,2010-03-17,01,05,08
10070,2010-03-18,06,06,09
10071,2010-03-19,05,07,08
10072,2010-03-20,00,07,09
10073,2010-03-21,05,05,05
10074,2010-03-22,03,04,09
10075,2010-03-23,04,05,08
10076,2010-03-24,01,02,07
10077,2010-03-25,02,09,09
10078,2010-03-26,00,04,09
10079,2010-03-27,05,07,09
10080,2010-03-28,02,04,06
10081,2010-03-29,05,08,09
10082,2010-03-30,00,05,08
10083,2010-03-31,04,06,08
10084,2010-04-01,02,02,09
10085,2010-04-02,02,06,09
10086,2010-04-03,06,08,09
10087,2010-04-04,01,04,08
10088,2010-04-05,00,06,08
10089,2010-04-06,01,02,04
10090,2010-04-07,00,05,09
10091,2010-04-08,00,00,07
10092,2010-04-09,00,03,05
10093,2010-04-10,04,07,09
10094,2010-04-11,05,08,09
10095,2010-04-12,00,04,07
10096,2010-04-13,00,05,09
10097,2010-04-14,01,04,06
10098,2010-04-15,03,06,09
10099,2010-04-16,01,06,08
10100,2010-04-17,01,07,08
10101,2010-04-18,01,03,04
10102,2010-04-19,08,08,08
10103,2010-04-20,01,02,08
10104,2010-04-21,02,04,04
10105,2010-04-22,02,04,08
10106,2010-04-23,06,07,09
10107,2010-04-24,00,03,05
10108,2010-04-25,00,01,03
10109,2010-04-26,06,07,07
10110,2010-04-27,01,03,08
10111,2010-04-28,01,07,08
10112,2010-04-29,03,07,07
10113,2010-04-30,02,03,04
10114,2010-05-01,00,01,03
10115,2010-05-02,01,02,02
10116,2010-05-03,00,03,05
10117,2010-05-04,05,05,06
10118,2010-05-05,06,08,09
10119,2010-05-06,02,03,03
10120,2010-05-07,01,02,09
10121,2010-05-08,02,08,09
10122,2010-05-09,02,03,08
10123,2010-05-10,01,02,06
10124,2010-05-11,03,04,07
10125,2010-05-12,04,08,08
10126,2010-05-13,03,04,08
10127,2010-05-14,02,07,07
10128,2010-05-15,01,03,09
10129,2010-05-16,00,01,01
10130,2010-05-17,03,05,09
10131,2010-05-18,03,03,06
10132,2010-05-19,04,05,05
10133,2010-05-20,03,03,04
10134,2010-05-21,03,05,08
10135,2010-05-22,00,04,09
10136,2010-05-23,02,06,09
10137,2010-05-24,06,07,07
10138,2010-05-25,02,07,08
10139,2010-05-26,00,04,05
10140,2010-05-27,03,04,06
10141,2010-05-28,01,03,08
10142,2010-05-29,01,02,06
10143,2010-05-30,00,03,07
10144,2010-05-31,06,06,08
10145,2010-06-01,03,04,09
10146,2010-06-02,01,04,08
10147,2010-06-03,00,00,06
10148,2010-06-04,02,07,08
10149,2010-06-05,04,06,09
10150,2010-06-06,00,01,01
10151,2010-06-07,00,03,09
10152,2010-06-08,07,09,09
10153,2010-06-09,00,00,06
10154,2010-06-10,00,06,09
10155,2010-06-11,01,03,03
10156,2010-06-12,01,03,08
10157,2010-06-13,00,07,08
10158,2010-06-14,00,04,08
10159,2010-06-15,04,04,06
10160,2010-06-16,07,08,08
10161,2010-06-17,03,06,07
10162,2010-06-18,00,01,03
10163,2010-06-19,01,03,04
10164,2010-06-20,04,06,08
10165,2010-06-21,02,04,08
10166,2010-06-22,06,07,08
10167,2010-06-23,00,04,09
10168,2010-06-24,06,07,07
10169,2010-06-25,04,04,08
10170,2010-06-26,03,07,09
10171,2010-06-27,00,08,08
10172,2010-06-28,02,03,09
10173,2010-06-29,00,04,06
10174,2010-06-30,01,04,08
10175,2010-07-01,05,06,09
10176,2010-07-02,00,07,07
10177,2010-07-03,01,04,09
10178,2010-07-04,03,05,06
10179,2010-07-05,01,05,09
10180,2010-07-06,00,08,08
10181,2010-07-07,00,06,08
10182,2010-07-08,04,07,09
10183,2010-07-09,03,03,07
10184,2010-07-10,00,02,08
10185,2010-07-11,01,03,05
10186,2010-07-12,02,04,08
10187,2010-07-13,01,04,05
10188,2010-07-14,01,06,08
10189,2010-07-15,01,08,09
10190,2010-07-16,05,07,07
10191,2010-07-17,03,03,05
10192,2010-07-18,01,03,06
10193,2010-07-19,01,01,01
10194,2010-07-20,01,04,08
10195,2010-07-21,00,04,08
10196,2010-07-22,00,02,05
10197,2010-07-23,07,07,08
10198,2010-07-24,04,06,06
10199,2010-07-25,08,08,09
10200,2010-07-26,00,02,06
10201,2010-07-27,00,01,08
10202,2010-07-28,00,03,05
10203,2010-07-29,00,01,06
10204,2010-07-30,00,03,06
10205,2010-07-31,00,04,07
10206,2010-08-01,03,03,05
10207,2010-08-02,02,08,08
10208,2010-08-03,04,06,07
10209,2010-08-04,00,01,08
10210,2010-08-05,00,08,09
10211,2010-08-06,02,03,09
10212,2010-08-07,05,07,08
10213,2010-08-08,01,03,09
10214,2010-08-09,01,02,04
10215,2010-08-10,06,06,07
10216,2010-08-11,02,04,08
10217,2010-08-12,03,08,09
10218,2010-08-13,02,04,05
10219,2010-08-14,05,06,08
10220,2010-08-15,02,05,09
10221,2010-08-16,03,06,08
10222,2010-08-17,00,01,04
10223,2010-08-18,04,05,07
10224,2010-08-19,04,06,07
10225,2010-08-20,07,09,09
10226,2010-08-21,00,04,05
10227,2010-08-22,02,03,09
10228,2010-08-23,04,07,09
10229,2010-08-24,06,06,07
10230,2010-08-25,04,05,08
10231,2010-08-26,00,06,06
10232,2010-08-27,01,05,09
10233,2010-08-28,03,04,05
10234,2010-08-29,03,07,09
10235,2010-08-30,00,00,03
10236,2010-08-31,01,03,07
10237,2010-09-01,00,03,09
10238,2010-09-02,06,07,08
10239,2010-09-03,01,04,04
10240,2010-09-04,01,03,03
10241,2010-09-05,01,02,05
10242,2010-09-06,00,05,09
10243,2010-09-07,04,08,08
10244,2010-09-08,02,04,08
10245,2010-09-09,04,04,08
10246,2010-09-10,00,03,05
10247,2010-09-11,05,08,08
10248,2010-09-12,00,02,04
10249,2010-09-13,05,06,09
10250,2010-09-14,00,02,08
10251,2010-09-15,06,08,09
10252,2010-09-16,02,09,09
10253,2010-09-17,05,06,07
10254,2010-09-18,03,05,08
10255,2010-09-19,01,07,09
10256,2010-09-20,01,07,09
10257,2010-09-21,06,09,09
10258,2010-09-22,05,08,09
10259,2010-09-23,02,03,04
10260,2010-09-24,01,08,08
10261,2010-09-25,03,03,03
10262,2010-09-26,01,05,08
10263,2010-09-27,02,04,05
10264,2010-09-28,04,04,05
10265,2010-09-29,04,06,08
10266,2010-09-30,02,03,05
10267,2010-10-01,00,03,07
10268,2010-10-02,03,05,09
10269,2010-10-03,01,03,06
10270,2010-10-04,01,01,07
10271,2010-10-05,01,02,05
10272,2010-10-06,00,06,07
10273,2010-10-07,02,07,07
10274,2010-10-08,01,01,04
10275,2010-10-09,00,06,08
10276,2010-10-10,00,02,08
10277,2010-10-11,02,03,06
10278,2010-10-12,01,08,08
10279,2010-10-13,05,06,08
10280,2010-10-14,01,02,05
10281,2010-10-15,02,03,07
10282,2010-10-16,03,05,08
10283,2010-10-17,00,04,07
10284,2010-10-18,00,01,02
10285,2010-10-19,04,07,07
10286,2010-10-20,00,06,09
10287,2010-10-21,01,06,07
10288,2010-10-22,00,04,06
10289,2010-10-23,01,03,04
10290,2010-10-24,03,09,09
10291,2010-10-25,00,01,05
10292,2010-10-26,01,02,02
10293,2010-10-27,01,02,09
10294,2010-10-28,00,00,04
10295,2010-10-29,02,03,08
10296,2010-10-30,04,04,08
10297,2010-10-31,00,02,05
10298,2010-11-01,06,07,08
10299,2010-11-02,02,02,05
10300,2010-11-03,05,06,09
10301,2010-11-04,03,05,06
10302,2010-11-05,00,01,09
10303,2010-11-06,00,00,07
10304,2010-11-07,02,03,03
10305,2010-11-08,03,07,09
10306,2010-11-09,00,04,05
10307,2010-11-10,01,02,09
10308,2010-11-11,02,02,03
10309,2010-11-12,00,02,06
10310,2010-11-13,03,07,08
10311,2010-11-14,05,08,09
10312,2010-11-15,01,03,08
10313,2010-11-16,07,08,08
10314,2010-11-17,05,06,07
10315,2010-11-18,00,05,05
10316,2010-11-19,02,03,09
10317,2010-11-20,01,02,08
10318,2010-11-21,04,04,05
10319,2010-11-22,03,03,07
10320,2010-11-23,02,03,08
10321,2010-11-24,00,02,07
10322,2010-11-25,00,04,08
10323,2010-11-26,04,04,07
10324,2010-11-27,01,02,07
10325,2010-11-28,04,06,08
10326,2010-11-29,01,05,09
10327,2010-11-30,03,06,07
10328,2010-12-01,03,05,08
10329,2010-12-02,03,06,06
10330,2010-12-03,01,06,08
10331,2010-12-04,03,04,04
10332,2010-12-05,02,04,04
10333,2010-12-06,06,07,08
10334,2010-12-07,03,04,05
10335,2010-12-08,05,05,06
10336,2010-12-09,07,08,08
10337,2010-12-10,05,08,09
10338,2010-12-11,04,05,07
10339,2010-12-12,05,09,09
10340,2010-12-13,00,04,09
10341,2010-12-14,03,04,09
10342,2010-12-15,03,06,07
10343,2010-12-16,01,06,08
10344,2010-12-17,02,03,03
10345,2010-12-18,01,04,07
10346,2010-12-19,03,03,08
10347,2010-12-20,02,02,03
10348,2010-12-21,04,04,08
10349,2010-12-22,00,06,07
10350,2010-12-23,00,08,09
10351,2010-12-24,02,05,07
10352,2010-12-25,01,01,02
10353,2010-12-26,01,06,09
10354,2010-12-27,01,06,07
10355,2010-12-28,04,05,05
10356,2010-12-29,06,08,08
10357,2010-12-30,01,01,07
10358,2010-12-31,01,01,03
11001,2011-01-01,02,08,09
11002,2011-01-02,06,06,07
11003,2011-01-03,03,03,09
11004,2011-01-04,00,05,05
11005,2011-01-05,01,04,09
11006,2011-01-06,03,05,09
11007,2011-01-07,04,08,08
11008,2011-01-08,03,04,05
11009,2011-01-09,01,05,06
11010,2011-01-10,01,07,09
11011,2011-01-11,00,02,05
11012,2011-01-12,06,07,08
11013,2011-01-13,01,07,08
11014,2011-01-14,00,01,08
11015,2011-01-15,01,07,07
11016,2011-01-16,01,06,08
11017,2011-01-17,01,04,08
11018,2011-01-18,00,03,09
11019,2011-01-19,02,03,08
11020,2011-01-20,05,07,08
11021,2011-01-21,05,07,08
11022,2011-01-22,00,00,08
11023,2011-01-23,01,04,07
11024,2011-01-24,04,07,08
11025,2011-01-25,02,03,05
11026,2011-01-26,07,07,09
11027,2011-01-27,01,02,02
11028,2011-01-28,01,03,04
11029,2011-01-29,03,05,06
11030,2011-01-30,03,04,09
11031,2011-01-31,04,06,08
11032,2011-02-01,03,04,09
11033,2011-02-09,00,02,06
11034,2011-02-10,04,08,09
11035,2011-02-11,04,04,07
11036,2011-02-12,01,03,06
11037,2011-02-13,00,05,07
11038,2011-02-14,00,01,06
11039,2011-02-15,00,02,06
11040,2011-02-16,01,01,07
11041,2011-02-17,04,04,09
11042,2011-02-18,03,03,07
11043,2011-02-19,02,06,08
11044,2011-02-20,01,04,06
11045,2011-02-21,05,07,09
11046,2011-02-22,00,09,09
11047,2011-02-23,03,06,07
11048,2011-02-24,01,02,06
11049,2011-02-25,04,05,09
11050,2011-02-26,00,06,07
11051,2011-02-27,04,06,08
11052,2011-02-28,00,05,09
11053,2011-03-01,03,05,08
11054,2011-03-02,00,06,07
11055,2011-03-03,03,05,08
11056,2011-03-04,00,06,09
11057,2011-03-05,03,06,06
11058,2011-03-06,04,06,06
11059,2011-03-07,03,08,09
11060,2011-03-08,01,04,04
11061,2011-03-09,01,04,06
11062,2011-03-10,02,06,08
11063,2011-03-11,01,01,04
11064,2011-03-12,00,06,09
11065,2011-03-13,01,02,07
11066,2011-03-14,00,07,09
11067,2011-03-15,01,03,04
11068,2011-03-16,00,00,05
11069,2011-03-17,02,05,08
11070,2011-03-18,02,08,09
11071,2011-03-19,00,01,07
11072,2011-03-20,07,09,09
11073,2011-03-21,00,03,06
11074,2011-03-22,04,07,08
11075,2011-03-23,03,05,09
11076,2011-03-24,06,06,07
11077,2011-03-25,07,07,08
11078,2011-03-26,04,04,05
11079,2011-03-27,02,03,08
11080,2011-03-28,03,04,09
11081,2011-03-29,04,07,08
11082,2011-03-30,01,01,07
11083,2011-03-31,03,05,08
11084,2011-04-01,02,02,05
11085,2011-04-02,05,09,09
11086,2011-04-03,01,04,09
11087,2011-04-04,00,02,09
11088,2011-04-05,00,06,07
11089,2011-04-06,01,02,04
11090,2011-04-07,00,07,08
11091,2011-04-08,02,02,02
11092,2011-04-09,04,07,09
11093,2011-04-10,00,00,05
11094,2011-04-11,01,05,09
11095,2011-04-12,04,04,08
11096,2011-04-13,00,07,09
11097,2011-04-14,06,07,09
11098,2011-04-15,01,07,08
11099,2011-04-16,02,08,09
11100,2011-04-17,02,02,03
11101,2011-04-18,02,05,07
11102,2011-04-19,00,09,09
11103,2011-04-20,02,04,07
11104,2011-04-21,05,08,09
11105,2011-04-22,00,00,07
11106,2011-04-23,00,05,06
11107,2011-04-24,02,04,09
11108,2011-04-25,00,03,03
11109,2011-04-26,02,02,02
11110,2011-04-27,01,03,05
11111,2011-04-28,02,02,05
11112,2011-04-29,00,08,09
11113,2011-04-30,03,03,07
11114,2011-05-01,03,08,09
11115,2011-05-02,03,05,07
11116,2011-05-03,00,04,07
11117,2011-05-04,00,04,07
11118,2011-05-05,00,05,07
11119,2011-05-06,02,05,09
11120,2011-05-07,03,08,09
11121,2011-05-08,04,06,09
11122,2011-05-09,00,03,03
11123,2011-05-10,03,05,05
11124,2011-05-11,04,07,07
11125,2011-05-12,02,03,07
11126,2011-05-13,02,09,09
11127,2011-05-14,03,04,05
11128,2011-05-15,03,03,07
11129,2011-05-16,00,02,04
11130,2011-05-17,00,05,09
11131,2011-05-18,02,03,03
11132,2011-05-19,02,05,06
11133,2011-05-20,04,07,08
11134,2011-05-21,01,04,09
11135,2011-05-22,03,04,07
11136,2011-05-23,03,06,09
11137,2011-05-24,02,03,04
11138,2011-05-25,00,07,09
11139,2011-05-26,03,05,08
11140,2011-05-27,00,07,08
11141,2011-05-28,03,06,09
11142,2011-05-29,08,08,09
11143,2011-05-30,00,02,05
11144,2011-05-31,01,02,04
11145,2011-06-01,00,01,07
11146,2011-06-02,03,07,09
11147,2011-06-03,07,08,08
11148,2011-06-04,05,08,09
11149,2011-06-05,04,08,08
11150,2011-06-06,05,06,08
11151,2011-06-07,05,08,09
11152,2011-06-08,04,07,09
11153,2011-06-09,02,06,09
11154,2011-06-10,05,06,07
11155,2011-06-11,02,05,06
11156,2011-06-12,01,02,04
11157,2011-06-13,01,04,09
11158,2011-06-14,00,01,04
11159,2011-06-15,06,08,09
11160,2011-06-16,01,03,07
11161,2011-06-17,01,05,08
11162,2011-06-18,02,03,09
11163,2011-06-19,03,07,08
11164,2011-06-20,06,08,09
11165,2011-06-21,05,07,08
11166,2011-06-22,02,06,08
11167,2011-06-23,02,04,06
11168,2011-06-24,02,07,09
11169,2011-06-25,00,02,05
11170,2011-06-26,03,03,05
11171,2011-06-27,01,09,09
11172,2011-06-28,02,06,06
11173,2011-06-29,01,07,09
11174,2011-06-30,00,01,03
11175,2011-07-01,00,09,09
11176,2011-07-02,02,05,07
11177,2011-07-03,03,04,08
11178,2011-07-04,00,01,09
11179,2011-07-05,01,02,03
11180,2011-07-06,03,05,05
11181,2011-07-07,05,09,09
11182,2011-07-08,02,02,06
11183,2011-07-09,03,07,09
11184,2011-07-10,00,03,09
11185,2011-07-11,04,05,07
11186,2011-07-12,05,07,07
11187,2011-07-13,01,02,08
11188,2011-07-14,06,07,08
11189,2011-07-15,00,00,03
11190,2011-07-16,01,02,05
11191,2011-07-17,01,04,09
11192,2011-07-18,01,02,08
11193,2011-07-19,00,00,07
11194,2011-07-20,08,08,09
11195,2011-07-21,01,06,08
11196,2011-07-22,00,07,08
11197,2011-07-23,01,03,08
11198,2011-07-24,06,06,08
11199,2011-07-25,00,00,04
11200,2011-07-26,06,07,09
11201,2011-07-27,06,07,09
11202,2011-07-28,03,03,06
11203,2011-07-29,03,05,08
11204,2011-07-30,05,07,08
11205,2011-07-31,05,06,07
11206,2011-08-01,02,05,08
11207,2011-08-02,04,06,08
11208,2011-08-03,01,05,06
11209,2011-08-04,01,02,08
11210,2011-08-05,06,07,09
11211,2011-08-06,02,03,06
11212,2011-08-07,01,03,03
11213,2011-08-08,00,06,08
11214,2011-08-09,02,04,05
11215,2011-08-10,07,07,09
11216,2011-08-11,00,05,06
11217,2011-08-12,00,06,07
11218,2011-08-13,00,05,09
11219,2011-08-14,04,05,07
11220,2011-08-15,00,04,06
11221,2011-08-16,03,06,09
11222,2011-08-17,03,04,05
11223,2011-08-18,06,07,07
11224,2011-08-19,04,07,08
11225,2011-08-20,06,08,08
11226,2011-08-21,02,03,06
11227,2011-08-22,01,02,08
11228,2011-08-23,02,03,04
11229,2011-08-24,00,01,05
11230,2011-08-25,04,07,08
11231,2011-08-26,03,05,08
11232,2011-08-27,02,03,09
11233,2011-08-28,01,05,06
11234,2011-08-29,00,03,09
11235,2011-08-30,00,03,04
11236,2011-08-31,03,07,07
11237,2011-09-01,02,03,07
11238,2011-09-02,00,01,03
11239,2011-09-03,02,08,08
11240,2011-09-04,00,06,08
11241,2011-09-05,04,06,08
11242,2011-09-06,06,07,09
11243,2011-09-07,01,02,07
11244,2011-09-08,02,06,09
11245,2011-09-09,00,01,03
11246,2011-09-10,00,01,04
11247,2011-09-11,00,03,04
11248,2011-09-12,02,04,04
11249,2011-09-13,05,06,07
11250,2011-09-14,03,03,04
11251,2011-09-15,01,03,04
11252,2011-09-16,02,03,04
11253,2011-09-17,00,01,06
11254,2011-09-18,03,05,08
11255,2011-09-19,04,05,06
11256,2011-09-20,05,08,09
11257,2011-09-21,01,01,06
11258,2011-09-22,00,03,07
11259,2011-09-23,06,07,08
11260,2011-09-24,03,05,06
11261,2011-09-25,05,07,08
11262,2011-09-26,02,05,09
11263,2011-09-27,00,03,05
11264,2011-09-28,03,07,09
11265,2011-09-29,04,08,09
11266,2011-09-30,04,08,09
11267,2011-10-01,06,07,08
11268,2011-10-02,03,07,08
11269,2011-10-03,06,07,08
11270,2011-10-04,01,05,05
11271,2011-10-05,00,01,04
11272,2011-10-06,04,06,09
11273,2011-10-07,02,03,08
11274,2011-10-08,03,05,09
11275,2011-10-09,00,05,09
11276,2011-10-10,00,08,08
11277,2011-10-11,02,03,04
11278,2011-10-12,01,05,09
11279,2011-10-13,02,03,08
11280,2011-10-14,05,07,08
11281,2011-10-15,01,02,04
11282,2011-10-16,03,08,09
11283,2011-10-17,00,05,09
11284,2011-10-18,00,02,05
11285,2011-10-19,02,04,06
11286,2011-10-20,01,02,03
11287,2011-10-21,02,06,07
11288,2011-10-22,02,06,09
11289,2011-10-23,00,04,05
11290,2011-10-24,00,04,06
11291,2011-10-25,00,03,09
11292,2011-10-26,03,03,09
11293,2011-10-27,02,05,06
11294,2011-10-28,05,09,09
11295,2011-10-29,02,03,09
11296,2011-10-30,03,03,08
11297,2011-10-31,04,05,08
11298,2011-11-01,00,09,09
11299,2011-11-02,00,00,06
11300,2011-11-03,02,02,08
11301,2011-11-04,01,04,06
11302,2011-11-05,04,06,09
11303,2011-11-06,00,01,07
11304,2011-11-07,02,02,03
11305,2011-11-08,01,01,06
11306,2011-11-09,02,06,06
11307,2011-11-10,00,09,09
11308,2011-11-11,06,06,09
11309,2011-11-12,03,07,07
11310,2011-11-13,02,05,08
11311,2011-11-14,00,04,09
11312,2011-11-15,03,05,06
11313,2011-11-16,04,06,06
11314,2011-11-17,03,07,08
11315,2011-11-18,03,04,07
11316,2011-11-19,03,05,08
11317,2011-11-20,02,04,09
11318,2011-11-21,01,03,04
11319,2011-11-22,03,05,06
11320,2011-11-23,00,07,08
11321,2011-11-24,03,05,06
11322,2011-11-25,03,06,08
11323,2011-11-26,02,04,07
11324,2011-11-27,01,05,06
11325,2011-11-28,00,03,09
11326,2011-11-29,00,02,09
11327,2011-11-30,04,05,06
11328,2011-12-01,01,01,08
11329,2011-12-02,04,06,08
11330,2011-12-03,08,08,08
11331,2011-12-04,03,04,09
11332,2011-12-05,07,08,09
11333,2011-12-06,02,03,05
11334,2011-12-07,00,03,08
11335,2011-12-08,03,04,06
11336,2011-12-09,04,07,07
11337,2011-12-10,03,07,08
11338,2011-12-11,08,08,08
11339,2011-12-12,01,04,05
11340,2011-12-13,03,07,09
11341,2011-12-14,04,07,08
11342,2011-12-15,00,02,04
11343,2011-12-16,01,06,09
11344,2011-12-17,00,03,06
11345,2011-12-18,02,06,09
11346,2011-12-19,04,04,09
11347,2011-12-20,00,02,09
11348,2011-12-21,02,02,07
11349,2011-12-22,00,00,00
11350,2011-12-23,02,07,09
11351,2011-12-24,00,00,03
11352,2011-12-25,01,02,04
11353,2011-12-26,00,06,08
11354,2011-12-27,00,01,03
11355,2011-12-28,01,05,08
11356,2011-12-29,00,04,07
11357,2011-12-30,02,03,09
11358,2011-12-31,02,05,07
12001,2012-01-01,00,00,03
12002,2012-01-02,00,04,09
12003,2012-01-03,01,01,08
12004,2012-01-04,08,09,09
12005,2012-01-05,00,06,09
12006,2012-01-06,03,04,06
12007,2012-01-07,02,06,08
12008,2012-01-08,02,04,08
12009,2012-01-09,01,03,06
12010,2012-01-10,00,03,09
12011,2012-01-11,01,04,09
12012,2012-01-12,01,03,04
12013,2012-01-13,03,04,09
12014,2012-01-14,00,05,08
12015,2012-01-15,02,03,04
12016,2012-01-16,05,06,07
12017,2012-01-17,01,05,05
12018,2012-01-18,04,05,06
12019,2012-01-19,05,05,08
12020,2012-01-20,00,01,09
12021,2012-01-21,01,03,08
12022,2012-01-29,04,04,06
12023,2012-01-30,01,04,07
12024,2012-01-31,03,03,04
12025,2012-02-01,07,09,09
12026,2012-02-02,03,03,08
12027,2012-02-03,00,00,06
12028,2012-02-04,06,08,09
12029,2012-02-05,07,07,09
12030,2012-02-06,05,06,06
12031,2012-02-07,08,08,09
12032,2012-02-08,00,03,05
12033,2012-02-09,01,02,07
12034,2012-02-10,01,04,07
12035,2012-02-11,02,04,07
12036,2012-02-12,00,03,04
12037,2012-02-13,03,04,04
12038,2012-02-14,02,05,08
12039,2012-02-15,05,05,08
12040,2012-02-16,01,08,08
12041,2012-02-17,01,03,04
12042,2012-02-18,01,04,08
12043,2012-02-19,02,03,05
12044,2012-02-20,03,06,08
12045,2012-02-21,01,02,04
12046,2012-02-22,03,03,07
12047,2012-02-23,04,06,09
12048,2012-02-24,03,03,08
12049,2012-02-25,00,04,04
12050,2012-02-26,07,07,08
12051,2012-02-27,04,06,07
12052,2012-02-28,01,04,08
12053,2012-02-29,03,05,05
12054,2012-03-01,00,05,07
12055,2012-03-02,00,06,06
12056,2012-03-03,01,03,04
12057,2012-03-04,01,06,09
12058,2012-03-05,02,05,09
12059,2012-03-06,03,04,06
12060,2012-03-07,02,04,04
12061,2012-03-08,01,03,07
12062,2012-03-09,00,03,05
12063,2012-03-10,03,07,07
12064,2012-03-11,01,03,08
12065,2012-03-12,03,03,06
12066,2012-03-13,00,04,08
12067,2012-03-14,02,02,04
12068,2012-03-15,02,05,09
12069,2012-03-16,01,02,07
12070,2012-03-17,00,00,03
12071,2012-03-18,01,03,06
12072,2012-03-19,08,09,09
12073,2012-03-20,04,04,06
12074,2012-03-21,02,06,07
12075,2012-03-22,08,09,09
12076,2012-03-23,00,07,08
12077,2012-03-24,01,02,04
12078,2012-03-25,00,06,06
12079,2012-03-26,00,00,01
12080,2012-03-27,02,07,07
12081,2012-03-28,03,09,09
12082,2012-03-29,00,09,09
12083,2012-03-30,06,08,08
12084,2012-03-31,02,03,08
12085,2012-04-01,04,07,08
12086,2012-04-02,01,06,07
12087,2012-04-03,04,06,08
12088,2012-04-04,03,05,05
12089,2012-04-05,01,02,02
12090,2012-04-06,02,06,08
12091,2012-04-07,03,05,08
12092,2012-04-08,03,07,09
12093,2012-04-09,01,06,07
12094,2012-04-10,00,06,08
12095,2012-04-11,05,06,09
12096,2012-04-12,04,07,09
12097,2012-04-13,02,06,08
12098,2012-04-14,01,01,06
12099,2012-04-15,00,01,05
12100,2012-04-16,04,08,09
12101,2012-04-17,03,07,07
12102,2012-04-18,05,05,09
12103,2012-04-19,02,03,07
12104,2012-04-20,03,08,08
12105,2012-04-21,02,04,05
12106,2012-04-22,02,06,08
12107,2012-04-23,02,06,09
12108,2012-04-24,03,09,09
12109,2012-04-25,01,02,04
12110,2012-04-26,00,04,07
12111,2012-04-27,01,04,06
12112,2012-04-28,00,05,07
12113,2012-04-29,02,03,04
12114,2012-04-30,00,07,09
12115,2012-05-01,00,02,09
12116,2012-05-02,01,04,07
12117,2012-05-03,00,02,04
12118,2012-05-04,00,04,08
12119,2012-05-05,03,06,08
12120,2012-05-06,04,06,09
12121,2012-05-07,00,06,07
12122,2012-05-08,04,04,07
12123,2012-05-09,02,02,06
12124,2012-05-10,00,01,09
12125,2012-05-11,06,07,08
12126,2012-05-12,01,02,08
12127,2012-05-13,00,02,05
12128,2012-05-14,01,07,08
12129,2012-05-15,01,02,09
12130,2012-05-16,01,01,02
12131,2012-05-17,05,06,08
12132,2012-05-18,02,06,06
12133,2012-05-19,03,06,08
12134,2012-05-20,00,04,09
12135,2012-05-21,05,06,09
12136,2012-05-22,00,02,07
12137,2012-05-23,02,08,08
12138,2012-05-24,03,04,08
12139,2012-05-25,01,07,09
12140,2012-05-26,00,04,04
12141,2012-05-27,00,02,05
12142,2012-05-28,06,07,09
12143,2012-05-29,00,09,09
12144,2012-05-30,02,07,08
12145,2012-05-31,05,06,08
12146,2012-06-01,02,07,08
12147,2012-06-02,05,06,08
12148,2012-06-03,02,04,05
12149,2012-06-04,00,04,09
12150,2012-06-05,05,08,09
12151,2012-06-06,01,03,06
12152,2012-06-07,03,07,09
12153,2012-06-08,03,03,08
12154,2012-06-09,00,02,06
12155,2012-06-10,05,08,09
12156,2012-06-11,00,04,04
12157,2012-06-12,05,09,09
12158,2012-06-13,02,07,07
12159,2012-06-14,05,07,09
12160,2012-06-15,00,07,09
12161,2012-06-16,02,03,05
12162,2012-06-17,02,03,04
12163,2012-06-18,03,06,09
12164,2012-06-19,01,07,08
12165,2012-06-20,00,04,06
12166,2012-06-21,02,06,08
12167,2012-06-22,02,08,09
12168,2012-06-23,01,05,06
12169,2012-06-24,00,02,07
12170,2012-06-25,07,08,08
12171,2012-06-26,03,05,07
12172,2012-06-27,03,04,07
12173,2012-06-28,05,07,09
12174,2012-06-29,01,02,08
12175,2012-06-30,00,05,08
12176,2012-07-01,00,00,04
12177,2012-07-02,00,01,08
12178,2012-07-03,03,05,07
12179,2012-07-04,01,04,05
12180,2012-07-05,00,09,09
12181,2012-07-06,03,06,09
12182,2012-07-07,04,05,06
12183,2012-07-08,05,07,09
12184,2012-07-09,01,06,09
12185,2012-07-10,00,04,06
12186,2012-07-11,03,06,07
12187,2012-07-12,02,06,09
12188,2012-07-13,03,06,08
12189,2012-07-14,01,04,08
12190,2012-07-15,01,03,03
12191,2012-07-16,04,05,08
12192,2012-07-17,05,06,07
12193,2012-07-18,02,06,09
12194,2012-07-19,01,05,09
12195,2012-07-20,01,02,03
12196,2012-07-21,03,09,09
12197,2012-07-22,04,05,06
12198,2012-07-23,01,01,02
12199,2012-07-24,04,08,09
12200,2012-07-25,02,02,08
12201,2012-07-26,00,07,09
12202,2012-07-27,00,01,02
12203,2012-07-28,01,06,07
12204,2012-07-29,01,03,06
12205,2012-07-30,07,08,09
12206,2012-07-31,00,06,08
12207,2012-08-01,00,07,09
12208,2012-08-02,05,07,07
12209,2012-08-03,02,02,07
12210,2012-08-04,04,05,07
12211,2012-08-05,02,04,07
12212,2012-08-06,01,04,04
12213,2012-08-07,01,06,08
12214,2012-08-08,01,02,03
12215,2012-08-09,00,03,08
12216,2012-08-10,05,07,07
12217,2012-08-11,01,07,08
12218,2012-08-12,00,01,07
12219,2012-08-13,03,05,09
12220,2012-08-14,00,09,09
12221,2012-08-15,03,03,05
12222,2012-08-16,00,02,04
12223,2012-08-17,00,03,06
12224,2012-08-18,00,04,05
12225,2012-08-19,03,04,05
12226,2012-08-20,00,00,01
12227,2012-08-21,01,02,07
12228,2012-08-22,00,01,08
12229,2012-08-23,01,04,06
12230,2012-08-24,04,04,06
12231,2012-08-25,03,06,07
12232,2012-08-26,01,04,07
12233,2012-08-27,00,02,05
12234,2012-08-28,01,01,06
12235,2012-08-29,00,04,06
12236,2012-08-30,02,09,09
12237,2012-08-31,00,04,09
12238,2012-09-01,00,07,09
12239,2012-09-02,00,01,07
12240,2012-09-03,00,03,06
12241,2012-09-04,00,02,05
12242,2012-09-05,06,08,09
12243,2012-09-06,01,04,05
12244,2012-09-07,03,04,05
12245,2012-09-08,02,02,03
12246,2012-09-09,01,05,07
12247,2012-09-10,01,01,04
12248,2012-09-11,00,04,09
12249,2012-09-12,05,05,07
12250,2012-09-13,09,09,09
12251,2012-09-14,00,01,08
12252,2012-09-15,02,08,09
12253,2012-09-16,03,08,09
12254,2012-09-17,06,07,09
12255,2012-09-18,00,04,04
12256,2012-09-19,00,02,09
12257,2012-09-20,03,05,05
12258,2012-09-21,04,07,09
12259,2012-09-22,00,01,08
12260,2012-09-23,04,05,07
12261,2012-09-24,06,06,08
12262,2012-09-25,00,05,06
12263,2012-09-26,03,04,06
12264,2012-09-27,00,02,09
12265,2012-09-28,05,06,08
12266,2012-09-29,00,00,01
12267,2012-09-30,04,04,06
12268,2012-10-01,00,03,06
12269,2012-10-02,01,03,05
12270,2012-10-03,01,02,05
12271,2012-10-04,05,06,06
12272,2012-10-05,03,07,09
12273,2012-10-06,00,06,07
12274,2012-10-07,05,06,07
12275,2012-10-08,01,03,06
12276,2012-10-09,01,07,09
12277,2012-10-10,01,01,09
12278,2012-10-11,03,06,06
12279,2012-10-12,04,05,09
12280,2012-10-13,00,03,06
12281,2012-10-14,00,06,09
12282,2012-10-15,00,00,01
12283,2012-10-16,01,04,05
12284,2012-10-17,00,05,06
12285,2012-10-18,00,05,06
12286,2012-10-19,00,04,04
12287,2012-10-20,01,02,03
12288,2012-10-21,05,06,07
12289,2012-10-22,04,08,08
12290,2012-10-23,04,07,09
12291,2012-10-24,00,01,02
12292,2012-10-25,00,02,03
12293,2012-10-26,00,06,08
12294,2012-10-27,01,03,07
12295,2012-10-28,02,05,09
12296,2012-10-29,04,08,09
12297,2012-10-30,01,04,08
12298,2012-10-31,03,03,08
12299,2012-11-01,00,07,08
12300,2012-11-02,04,05,09
12301,2012-11-03,05,07,09
12302,2012-11-04,03,03,04
12303,2012-11-05,05,05,08
12304,2012-11-06,01,04,09
12305,2012-11-07,01,02,07
12306,2012-11-08,03,03,07
12307,2012-11-09,06,07,08
12308,2012-11-10,02,09,09
12309,2012-11-11,02,07,08
12310,2012-11-12,04,04,06
12311,2012-11-13,04,04,06
12312,2012-11-14,00,05,06
12313,2012-11-15,01,03,08
12314,2012-11-16,02,04,06
12315,2012-11-17,00,00,07
12316,2012-11-18,00,07,08
12317,2012-11-19,01,07,07
12318,2012-11-20,03,06,08
12319,2012-11-21,00,01,05
12320,2012-11-22,00,00,09
12321,2012-11-23,01,03,03
12322,2012-11-24,01,06,07
12323,2012-11-25,08,09,09
12324,2012-11-26,08,08,08
12325,2012-11-27,00,01,04
12326,2012-11-28,06,08,09
12327,2012-11-29,04,04,06
12328,2012-11-30,01,04,08
12329,2012-12-01,01,01,06
12330,2012-12-02,01,02,09
12331,2012-12-03,00,08,09
12332,2012-12-04,02,02,08
12333,2012-12-05,00,02,05
12334,2012-12-06,02,04,05
12335,2012-12-07,03,08,09
12336,2012-12-08,05,05,07
12337,2012-12-09,02,04,06
12338,2012-12-10,01,03,03
12339,2012-12-11,02,04,07
12340,2012-12-12,04,05,06
12341,2012-12-13,02,04,07
12342,2012-12-14,02,04,09
12343,2012-12-15,02,02,07
12344,2012-12-16,04,08,08
12345,2012-12-17,00,03,09
12346,2012-12-18,03,04,07
12347,2012-12-19,01,04,09
12348,2012-12-20,01,02,08
12349,2012-12-21,00,01,04
12350,2012-12-22,06,08,09
12351,2012-12-23,02,09,09
12352,2012-12-24,04,04,09
12353,2012-12-25,04,06,09
12354,2012-12-26,01,03,08
12355,2012-12-27,03,06,09
12356,2012-12-28,02,04,06
12357,2012-12-29,01,01,01
12358,2012-12-30,00,01,02
12359,2012-12-31,01,04,06
13001,2013-01-01,02,04,05
13002,2013-01-02,05,09,09
13003,2013-01-03,02,04,07
13004,2013-01-04,01,04,08
13005,2013-01-05,04,06,08
13006,2013-01-06,03,05,08
13007,2013-01-07,02,06,06
13008,2013-01-08,05,09,09
13009,2013-01-09,04,05,07
13010,2013-01-10,06,08,08
13011,2013-01-11,01,06,08
13012,2013-01-12,00,06,07
13013,2013-01-13,02,02,09
13014,2013-01-14,02,06,06
13015,2013-01-15,04,06,07
13016,2013-01-16,00,07,08
13017,2013-01-17,03,05,09
13018,2013-01-18,02,04,08
13019,2013-01-19,05,06,07
13020,2013-01-20,03,06,09
13021,2013-01-21,01,07,09
13022,2013-01-22,04,04,07
13023,2013-01-23,02,06,07
13024,2013-01-24,05,08,09
13025,2013-01-25,02,02,03
13026,2013-01-26,05,08,09
13027,2013-01-27,00,04,09
13028,2013-01-28,00,02,07
13029,2013-01-29,02,02,07
13030,2013-01-30,03,04,05
13031,2013-01-31,03,05,09
13032,2013-02-01,08,08,09
13033,2013-02-02,02,03,05
13034,2013-02-03,00,06,09
13035,2013-02-04,04,04,06
13036,2013-02-05,01,02,09
13037,2013-02-06,03,05,06
13038,2013-02-07,00,06,08
13039,2013-02-08,01,01,09
13040,2013-02-16,08,08,09
13041,2013-02-17,06,08,09
13042,2013-02-18,00,01,09
13043,2013-02-19,00,03,05
13044,2013-02-20,01,03,07
13045,2013-02-21,02,09,09
13046,2013-02-22,04,04,06
13047,2013-02-23,00,02,07
13048,2013-02-24,02,03,06
13049,2013-02-25,02,07,08
13050,2013-02-26,01,02,02
13051,2013-02-27,02,05,06
13052,2013-02-28,02,04,06
13053,2013-03-01,01,02,02
13054,2013-03-02,02,03,07
13055,2013-03-03,00,03,05
13056,2013-03-04,01,04,08
13057,2013-03-05,03,06,09
13058,2013-03-06,02,04,08
13059,2013-03-07,04,05,09
13060,2013-03-08,00,03,05
13061,2013-03-09,00,01,06
13062,2013-03-10,01,03,04
13063,2013-03-11,02,08,08
13064,2013-03-12,04,05,06
13065,2013-03-13,02,02,02
13066,2013-03-14,01,05,08
13067,2013-03-15,00,04,04
13068,2013-03-16,02,04,04
13069,2013-03-17,01,01,09
13070,2013-03-18,01,04,09
13071,2013-03-19,00,00,04
13072,2013-03-20,00,03,03
13073,2013-03-21,00,03,04
13074,2013-03-22,05,08,08
13075,2013-03-23,04,05,09
13076,2013-03-24,04,05,05
13077,2013-03-25,01,01,09
13078,2013-03-26,06,06,06
13079,2013-03-27,01,04,05
13080,2013-03-28,02,03,07
13081,2013-03-29,02,04,08
13082,2013-03-30,04,05,06
13083,2013-03-31,02,05,07
13084,2013-04-01,01,02,05
13085,2013-04-02,02,05,07
13086,2013-04-03,06,07,09
13087,2013-04-04,00,00,07
13088,2013-04-05,00,06,08
13089,2013-04-06,00,00,03
13090,2013-04-07,01,03,04
13091,2013-04-08,00,02,02
13092,2013-04-09,01,06,09
13093,2013-04-10,03,04,07
13094,2013-04-11,00,02,05
13095,2013-04-12,00,02,05
13096,2013-04-13,02,03,04
13097,2013-04-14,03,04,09
13098,2013-04-15,02,04,09
13099,2013-04-16,00,07,08
13100,2013-04-17,04,06,07
13101,2013-04-18,02,03,08
13102,2013-04-19,02,06,08
13103,2013-04-20,07,09,09
13104,2013-04-21,04,05,08
13105,2013-04-22,00,02,08
13106,2013-04-23,01,01,05
13107,2013-04-24,00,06,07
13108,2013-04-25,00,02,03
13109,2013-04-26,00,02,06
13110,2013-04-27,01,04,06
13111,2013-04-28,01,01,08
13112,2013-04-29,00,06,06
13113,2013-04-30,03,05,09
13114,2013-05-01,02,04,06
13115,2013-05-02,08,08,09
13116,2013-05-03,00,04,07
13117,2013-05-04,02,08,09
13118,2013-05-05,00,04,05
13119,2013-05-06,00,09,09
13120,2013-05-07,00,02,09
13121,2013-05-08,05,05,06
13122,2013-05-09,07,07,08
13123,2013-05-10,00,05,07
13124,2013-05-11,03,03,06
13125,2013-05-12,03,04,04
13126,2013-05-13,00,03,06
13127,2013-05-14,03,05,09
13128,2013-05-15,00,02,08
13129,2013-05-16,00,06,08
13130,2013-05-17,00,03,04
13131,2013-05-18,02,03,09
13132,2013-05-19,00,01,04
13133,2013-05-20,00,02,02
13134,2013-05-21,00,02,06
13135,2013-05-22,03,04,09
13136,2013-05-23,05,06,08
13137,2013-05-24,00,01,02
13138,2013-05-25,00,00,04
13139,2013-05-26,00,02,03
13140,2013-05-27,05,07,08
13141,2013-05-28,02,04,06
13142,2013-05-29,01,04,09
13143,2013-05-30,02,06,08
13144,2013-05-31,01,02,05
13145,2013-06-01,00,02,08
13146,2013-06-02,01,02,07
13147,2013-06-03,02,02,06
13148,2013-06-04,00,03,08
13149,2013-06-05,03,06,09
13150,2013-06-06,00,03,06
13151,2013-06-07,06,07,08
13152,2013-06-08,03,04,08
13153,2013-06-09,00,02,07
13154,2013-06-10,04,05,09
13155,2013-06-11,00,06,09
13156,2013-06-12,01,02,08
13157,2013-06-13,05,08,08
13158,2013-06-14,00,04,07
13159,2013-06-15,04,05,05
13160,2013-06-16,00,03,06
13161,2013-06-17,01,03,03
13162,2013-06-18,01,09,09
13163,2013-06-19,01,02,04
13164,2013-06-20,01,05,09
13165,2013-06-21,01,05,08
13166,2013-06-22,04,04,04
13167,2013-06-23,01,03,04
13168,2013-06-24,04,04,08
13169,2013-06-25,02,03,07
13170,2013-06-26,04,07,08
13171,2013-06-27,00,02,07
13172,2013-06-28,01,02,09
13173,2013-06-29,03,04,08
13174,2013-06-30,01,02,06
13175,2013-07-01,02,05,06
13176,2013-07-02,01,04,06
13177,2013-07-03,03,06,09
13178,2013-07-04,02,04,06
13179,2013-07-05,01,01,05
13180,2013-07-06,06,06,09
13181,2013-07-07,01,03,05
13182,2013-07-08,05,06,08
13183,2013-07-09,02,04,05
13184,2013-07-10,02,08,09
13185,2013-07-11,02,06,08
13186,2013-07-12,02,05,09
13187,2013-07-13,02,06,06
13188,2013-07-14,04,05,06
13189,2013-07-15,02,05,09
13190,2013-07-16,01,05,07
13191,2013-07-17,03,04,07
13192,2013-07-18,05,05,06
13193,2013-07-19,05,07,07
13194,2013-07-20,00,05,08
13195,2013-07-21,00,00,05
13196,2013-07-22,06,06,06
13197,2013-07-23,00,02,08
13198,2013-07-24,03,05,05
13199,2013-07-25,01,06,06
13200,2013-07-26,04,06,08
13201,2013-07-27,02,02,08
13202,2013-07-28,01,03,07
13203,2013-07-29,00,01,03
13204,2013-07-30,04,09,09
13205,2013-07-31,03,04,08
13206,2013-08-01,01,03,07
13207,2013-08-02,05,09,09
13208,2013-08-03,01,02,04
13209,2013-08-04,02,05,06
13210,2013-08-05,03,05,09
13211,2013-08-06,03,04,07
13212,2013-08-07,01,03,04
13213,2013-08-08,03,03,08
13214,2013-08-09,07,07,09
13215,2013-08-10,01,04,05
13216,2013-08-11,00,00,05
13217,2013-08-12,08,08,09
13218,2013-08-13,01,04,07
13219,2013-08-14,02,05,07
13220,2013-08-15,00,00,03
13221,2013-08-16,00,06,09
13222,2013-08-17,00,05,06
13223,2013-08-18,01,05,07
13224,2013-08-19,00,00,00
13225,2013-08-20,02,05,09
13226,2013-08-21,00,03,08
13227,2013-08-22,05,05,09
13228,2013-08-23,05,06,07
13229,2013-08-24,00,02,09
13230,2013-08-25,02,04,05
13231,2013-08-26,00,05,09
13232,2013-08-27,04,06,07
13233,2013-08-28,02,02,04
13234,2013-08-29,05,05,06
13235,2013-08-30,00,09,09
13236,2013-08-31,05,05,07
13237,2013-09-01,02,06,08
13238,2013-09-02,05,06,09
13239,2013-09-03,02,06,09
13240,2013-09-04,01,05,07
13241,2013-09-05,06,06,08
13242,2013-09-06,01,01,05
13243,2013-09-07,01,04,08
13244,2013-09-08,02,04,06
13245,2013-09-09,00,03,04
13246,2013-09-10,02,04,07
13247,2013-09-11,03,06,07
13248,2013-09-12,04,07,07
13249,2013-09-13,00,06,09
13250,2013-09-14,01,04,07
13251,2013-09-15,05,06,09
13252,2013-09-16,07,08,09
13253,2013-09-17,06,07,08
13254,2013-09-18,03,08,08
13255,2013-09-19,00,01,05
13256,2013-09-20,02,06,08
13257,2013-09-21,02,06,07
13258,2013-09-22,00,03,09
13259,2013-09-23,00,04,04
13260,2013-09-24,04,05,08
13261,2013-09-25,03,05,06
13262,2013-09-26,03,03,04
13263,2013-09-27,01,02,05
13264,2013-09-28,00,03,05
13265,2013-09-29,01,02,08
13266,2013-09-30,02,06,09
13267,2013-10-01,01,05,09
13268,2013-10-02,01,03,08
13269,2013-10-03,00,03,05
13270,2013-10-04,02,03,05
13271,2013-10-05,01,07,09
13272,2013-10-06,00,06,09
13273,2013-10-07,01,04,08
13274,2013-10-08,05,06,09
13275,2013-10-09,01,05,06
13276,2013-10-10,04,05,08
13277,2013-10-11,03,04,05
13278,2013-10-12,03,03,09
13279,2013-10-13,00,00,09
13280,2013-10-14,05,05,07
13281,2013-10-15,07,09,09
13282,2013-10-16,00,01,09
13283,2013-10-17,01,03,04
13284,2013-10-18,04,05,08
13285,2013-10-19,01,05,07
13286,2013-10-20,02,04,07
13287,2013-10-21,00,09,09
13288,2013-10-22,02,06,09
13289,2013-10-23,00,06,07
13290,2013-10-24,03,06,06
13291,2013-10-25,05,05,06
13292,2013-10-26,04,09,09
13293,2013-10-27,01,02,04
13294,2013-10-28,02,03,07
13295,2013-10-29,00,02,08
13296,2013-10-30,05,05,07
13297,2013-10-31,03,08,09
13298,2013-11-01,03,03,07
13299,2013-11-02,00,07,08
13300,2013-11-03,01,02,09
13301,2013-11-04,03,06,07
13302,2013-11-05,01,03,06
13303,2013-11-06,00,02,08
13304,2013-11-07,00,01,04
13305,2013-11-08,02,03,08
13306,2013-11-09,00,01,02
13307,2013-11-10,05,08,09
13308,2013-11-11,02,05,07
13309,2013-11-12,00,03,08
13310,2013-11-13,03,07,08
13311,2013-11-14,04,06,09
13312,2013-11-15,04,06,09
13313,2013-11-16,01,03,07
13314,2013-11-17,00,00,07
13315,2013-11-18,04,07,09
13316,2013-11-19,02,03,08
13317,2013-11-20,04,05,05
13318,2013-11-21,00,07,08
13319,2013-11-22,01,08,09
13320,2013-11-23,03,08,08
13321,2013-11-24,00,00,08
13322,2013-11-25,01,05,07
13323,2013-11-26,02,05,05
13324,2013-11-27,01,06,09
13325,2013-11-28,05,07,07
13326,2013-11-29,01,03,03
13327,2013-11-30,05,07,07
13328,2013-12-01,00,01,09
13329,2013-12-02,03,05,08
13330,2013-12-03,03,08,09
13331,2013-12-04,01,08,09
13332,2013-12-05,02,06,07
13333,2013-12-06,05,06,06
13334,2013-12-07,03,04,09
13335,2013-12-08,02,05,08
13336,2013-12-09,01,06,06
13337,2013-12-10,02,03,06
13338,2013-12-11,04,05,09
13339,2013-12-12,05,08,09
13340,2013-12-13,01,04,04
13341,2013-12-14,01,05,06
13342,2013-12-15,02,04,05
13343,2013-12-16,01,06,06
13344,2013-12-17,00,01,01
13345,2013-12-18,00,06,07
13346,2013-12-19,06,07,07
13347,2013-12-20,07,07,09
13348,2013-12-21,05,06,06
13349,2013-12-22,03,03,08
13350,2013-12-23,00,02,05
13351,2013-12-24,01,01,02
13352,2013-12-25,04,04,05
13353,2013-12-26,05,08,09
13354,2013-12-27,07,09,09
13355,2013-12-28,00,00,03
13356,2013-12-29,00,00,08
13357,2013-12-30,01,04,05
13358,2013-12-31,08,08,09
14001,2014-01-01,03,06,09
14002,2014-01-02,03,05,07
14003,2014-01-03,01,02,06
14004,2014-01-04,02,09,09
14005,2014-01-05,01,01,02
14006,2014-01-06,03,04,04
14007,2014-01-07,02,04,04
14008,2014-01-08,01,03,04
14009,2014-01-09,01,06,08
14010,2014-01-10,01,04,06
14011,2014-01-11,03,05,07
14012,2014-01-12,00,02,09
14013,2014-01-13,00,00,06
14014,2014-01-14,03,05,05
14015,2014-01-15,01,05,07
14016,2014-01-16,02,08,09
14017,2014-01-17,00,01,07
14018,2014-01-18,00,01,02
14019,2014-01-19,00,03,04
14020,2014-01-20,01,02,08
14021,2014-01-21,03,04,05
14022,2014-01-22,00,03,06
14023,2014-01-23,04,06,09
14024,2014-01-24,02,02,04
14025,2014-01-25,00,02,07
14026,2014-01-26,00,01,07
14027,2014-01-27,02,07,07
14028,2014-01-28,00,04,04
14029,2014-01-29,00,05,06
14030,2014-02-07,00,04,05
14031,2014-02-08,01,08,09
14032,2014-02-09,02,06,06
14033,2014-02-10,04,09,09
14034,2014-02-11,01,05,08
14035,2014-02-12,04,06,07
14036,2014-02-13,00,01,04
14037,2014-02-14,01,05,08
14038,2014-02-15,01,02,09
14039,2014-02-16,02,02,09
14040,2014-02-17,00,01,09
14041,2014-02-18,02,05,07
14042,2014-02-19,03,03,06
14043,2014-02-20,00,01,05
14044,2014-02-21,03,04,05
14045,2014-02-22,04,07,07
14046,2014-02-23,04,05,08
14047,2014-02-24,08,08,09
14048,2014-02-25,01,06,08
14049,2014-02-26,00,08,09
14050,2014-02-27,02,04,04
14051,2014-02-28,03,05,06
14052,2014-03-01,00,02,03
14053,2014-03-02,01,02,08
14054,2014-03-03,02,05,07
14055,2014-03-04,00,07,08
14056,2014-03-05,06,07,08
14057,2014-03-06,00,01,05
14058,2014-03-07,02,02,03
14059,2014-03-08,02,04,09
14060,2014-03-09,02,03,09
14061,2014-03-10,02,02,05
14062,2014-03-11,02,03,08
14063,2014-03-12,04,07,08
14064,2014-03-13,01,02,08
14065,2014-03-14,00,02,09
14066,2014-03-15,00,00,03
14067,2014-03-16,01,03,08
14068,2014-03-17,00,01,02
14069,2014-03-18,00,04,06
14070,2014-03-19,01,01,09
14071,2014-03-20,02,02,09
14072,2014-03-21,04,08,08
14073,2014-03-22,00,02,04
14074,2014-03-23,00,00,05
14075,2014-03-24,01,04,04
14076,2014-03-25,02,03,08
14077,2014-03-26,04,07,07
14078,2014-03-27,04,06,07
14079,2014-03-28,04,07,09
14080,2014-03-29,05,07,08
14081,2014-03-30,00,02,06
14082,2014-03-31,02,03,04
14083,2014-04-01,00,03,09
14084,2014-04-02,07,08,09
14085,2014-04-03,02,03,04
14086,2014-04-04,05,07,09
14087,2014-04-05,04,04,08
14088,2014-04-06,01,05,07
14089,2014-04-07,00,06,06
14090,2014-04-08,03,08,08
14091,2014-04-09,04,06,09
14092,2014-04-10,00,05,08
14093,2014-04-11,01,06,09
14094,2014-04-12,01,08,09
14095,2014-04-13,05,07,07
14096,2014-04-14,01,02,06
14097,2014-04-15,04,07,07
14098,2014-04-16,01,03,09
14099,2014-04-17,04,04,06
14100,2014-04-18,02,06,09
14101,2014-04-19,00,01,09
14102,2014-04-20,00,05,07
14103,2014-04-21,02,03,08
14104,2014-04-22,05,06,07
14105,2014-04-23,00,04,09
14106,2014-04-24,00,02,08
14107,2014-04-25,03,06,09
14108,2014-04-26,01,06,08
14109,2014-04-27,02,05,06
14110,2014-04-28,04,05,07
14111,2014-04-29,00,05,09
14112,2014-04-30,00,01,03
14113,2014-05-01,05,07,08
14114,2014-05-02,01,02,04
14115,2014-05-03,01,05,06
14116,2014-05-04,00,06,09
14117,2014-05-05,05,08,09
14118,2014-05-06,01,04,09
14119,2014-05-07,00,04,09
14120,2014-05-08,02,04,04
14121,2014-05-09,00,05,08
14122,2014-05-10,00,02,03
14123,2014-05-11,01,03,08
14124,2014-05-12,03,05,09
14125,2014-05-13,01,04,07
14126,2014-05-14,04,08,08
14127,2014-05-15,02,02,07
14128,2014-05-16,01,02,05
14129,2014-05-17,00,08,08
14130,2014-05-18,00,01,04
14131,2014-05-19,04,05,09
14132,2014-05-20,01,03,05
14133,2014-05-21,00,00,06
14134,2014-05-22,03,03,06
14135,2014-05-23,01,04,04
14136,2014-05-24,02,06,08
14137,2014-05-25,05,05,08
14138,2014-05-26,03,07,08
14139,2014-05-27,01,03,08
14140,2014-05-28,06,06,07
14141,2014-05-29,00,01,08
14142,2014-05-30,05,06,06
14143,2014-05-31,05,06,07
14144,2014-06-01,05,06,08
14145,2014-06-02,01,04,05
14146,2014-06-03,01,08,08
14147,2014-06-04,01,02,04
14148,2014-06-05,02,05,09
14149,2014-06-06,06,08,09
14150,2014-06-07,00,02,08
14151,2014-06-08,07,08,09
14152,2014-06-09,00,02,08
14153,2014-06-10,00,03,08
14154,2014-06-11,02,06,08
14155,2014-06-12,01,02,03
14156,2014-06-13,01,05,09
14157,2014-06-14,00,07,09
14158,2014-06-15,00,03,07
14159,2014-06-16,00,00,09
14160,2014-06-17,02,08,09
14161,2014-06-18,00,05,05
14162,2014-06-19,02,07,09
14163,2014-06-20,00,02,03
14164,2014-06-21,03,09,09
14165,2014-06-22,01,02,05
14166,2014-06-23,00,09,09
14167,2014-06-24,05,06,07
14168,2014-06-25,01,08,09
14169,2014-06-26,00,01,04
14170,2014-06-27,02,05,07
14171,2014-06-28,00,03,06
14172,2014-06-29,05,09,09
14173,2014-06-30,08,08,08
14174,2014-07-01,00,04,09
14175,2014-07-02,01,06,09
14176,2014-07-03,00,03,04
14177,2014-07-04,00,05,08
14178,2014-07-05,00,09,09
14179,2014-07-06,02,04,06
14180,2014-07-07,05,07,09
14181,2014-07-08,02,07,07
14182,2014-07-09,03,05,07
14183,2014-07-10,04,07,07
14184,2014-07-11,02,03,05
14185,2014-07-12,02,04,05
14186,2014-07-13,00,05,06
14187,2014-07-14,02,03,06
14188,2014-07-15,00,02,03
14189,2014-07-16,00,05,05
14190,2014-07-17,03,05,07
14191,2014-07-18,05,07,07
14192,2014-07-19,03,05,09
14193,2014-07-20,01,03,05
14194,2014-07-21,00,04,06
14195,2014-07-22,00,04,08
14196,2014-07-23,00,04,06
14197,2014-07-24,04,07,09
14198,2014-07-25,03,08,09
14199,2014-07-26,01,02,05
14200,2014-07-27,00,02,05
14201,2014-07-28,03,04,08
14202,2014-07-29,04,05,07
14203,2014-07-30,01,01,04
14204,2014-07-31,04,05,06
14205,2014-08-01,00,07,09
14206,2014-08-02,00,06,09
14207,2014-08-03,01,04,07
14208,2014-08-04,07,07,08
14209,2014-08-05,01,02,07
14210,2014-08-06,00,04,05
14211,2014-08-07,00,02,05
14212,2014-08-08,00,05,06
14213,2014-08-09,05,07,07
14214,2014-08-10,01,02,04
14215,2014-08-11,00,06,09
14216,2014-08-12,00,03,03
14217,2014-08-13,01,03,07
14218,2014-08-14,00,08,08
14219,2014-08-15,02,05,09
14220,2014-08-16,04,04,09
14221,2014-08-17,02,02,07
14222,2014-08-18,00,04,05
14223,2014-08-19,00,04,08
14224,2014-08-20,06,06,09
14225,2014-08-21,02,07,09
14226,2014-08-22,01,03,09
14227,2014-08-23,02,03,06
14228,2014-08-24,02,03,04
14229,2014-08-25,04,04,07
14230,2014-08-26,00,03,08
14231,2014-08-27,03,04,06
14232,2014-08-28,01,04,06
14233,2014-08-29,01,02,09
14234,2014-08-30,00,01,07
14235,2014-08-31,04,07,08
14236,2014-09-01,01,04,08
14237,2014-09-02,05,06,08
14238,2014-09-03,01,04,09
14239,2014-09-04,02,04,07
14240,2014-09-05,04,06,08
14241,2014-09-06,05,08,08
14242,2014-09-07,02,04,05
14243,2014-09-08,07,09,09
14244,2014-09-09,00,02,03
14245,2014-09-10,01,06,09
14246,2014-09-11,02,02,02
14247,2014-09-12,02,02,09
14248,2014-09-13,01,04,04
14249,2014-09-14,00,01,08
14250,2014-09-15,01,07,07
14251,2014-09-16,01,02,04
14252,2014-09-17,05,05,07
14253,2014-09-18,01,04,04
14254,2014-09-19,02,04,09
14255,2014-09-20,01,06,09
14256,2014-09-21,01,07,07
14257,2014-09-22,06,06,06
14258,2014-09-23,02,04,05
14259,2014-09-24,00,01,01
14260,2014-09-25,03,06,06
14261,2014-09-26,01,02,04
14262,2014-09-27,01,02,09
14263,2014-09-28,05,07,08
14264,2014-09-29,00,01,07
14265,2014-09-30,04,05,09
14266,2014-10-01,00,05,06
14267,2014-10-02,01,04,09
14268,2014-10-03,00,04,07
14269,2014-10-04,00,02,03
14270,2014-10-05,05,06,08
14271,2014-10-06,00,07,07
14272,2014-10-07,01,04,07
14273,2014-10-08,05,05,08
14274,2014-10-09,04,05,07
14275,2014-10-10,02,06,08
14276,2014-10-11,04,07,09
14277,2014-10-12,01,03,05
14278,2014-10-13,03,07,09
14279,2014-10-14,02,05,09
14280,2014-10-15,01,01,03
14281,2014-10-16,04,07,09
14282,2014-10-17,00,05,09
14283,2014-10-18,03,03,04
14284,2014-10-19,00,01,08
14285,2014-10-20,02,06,08
14286,2014-10-21,08,08,09
14287,2014-10-22,02,05,07
14288,2014-10-23,02,04,05
14289,2014-10-24,00,04,08
14290,2014-10-25,03,03,04
14291,2014-10-26,04,08,08
14292,2014-10-27,01,04,08
14293,2014-10-28,03,05,09
14294,2014-10-29,01,05,08
14295,2014-10-30,04,07,09
14296,2014-10-31,03,09,09
14297,2014-11-01,08,08,08
14298,2014-11-02,00,02,08
14299,2014-11-03,02,03,05
14300,2014-11-04,00,02,09
14301,2014-11-05,02,04,05
14302,2014-11-06,02,06,08
14303,2014-11-07,00,07,08
14304,2014-11-08,00,05,07
14305,2014-11-09,00,00,04
14306,2014-11-10,01,01,03
14307,2014-11-11,02,06,09
14308,2014-11-12,00,01,08
14309,2014-11-13,02,03,08
14310,2014-11-14,04,08,09
14311,2014-11-15,02,06,09
14312,2014-11-16,03,07,07
14313,2014-11-17,00,02,04
14314,2014-11-18,05,07,09
14315,2014-11-19,01,03,05
14316,2014-11-20,01,03,07
14317,2014-11-21,00,05,09
14318,2014-11-22,04,05,09
14319,2014-11-23,06,06,09
14320,2014-11-24,02,03,06
14321,2014-11-25,02,05,06
14322,2014-11-26,06,09,09
14323,2014-11-27,02,06,08
14324,2014-11-28,05,08,09
14325,2014-11-29,00,03,07
14326,2014-11-30,01,08,08
14327,2014-12-01,03,04,05
14328,2014-12-02,03,04,05
14329,2014-12-03,03,05,09
14330,2014-12-04,00,07,08
14331,2014-12-05,01,03,07
14332,2014-12-06,06,06,06
14333,2014-12-07,05,06,09
14334,2014-12-08,03,04,09
14335,2014-12-09,00,01,09
14336,2014-12-10,03,05,07
14337,2014-12-11,02,06,06
14338,2014-12-12,03,08,09
14339,2014-12-13,05,08,09
14340,2014-12-14,01,02,09
14341,2014-12-15,01,01,07
14342,2014-12-16,06,07,09
14343,2014-12-17,06,07,08
14344,2014-12-18,00,07,09
14345,2014-12-19,01,02,05
14346,2014-12-20,00,02,04
14347,2014-12-21,02,08,09
14348,2014-12-22,01,06,08
14349,2014-12-23,01,06,06
14350,2014-12-24,02,06,06
14351,2014-12-25,06,08,08
14352,2014-12-26,00,00,06
14353,2014-12-27,03,05,05
14354,2014-12-28,00,06,09
14355,2014-12-29,00,05,09
14356,2014-12-30,06,07,08
14357,2014-12-31,02,03,06
15001,2015-01-01,03,07,09
15002,2015-01-02,04,07,09
15003,2015-01-03,02,04,05
15004,2015-01-04,01,02,04
15005,2015-01-05,03,06,09
15006,2015-01-06,04,07,09
15007,2015-01-07,00,03,09
15008,2015-01-08,01,03,06
15009,2015-01-09,04,05,07
15010,2015-01-10,02,06,08
15011,2015-01-11,01,03,08
15012,2015-01-12,04,06,08
15013,2015-01-13,01,02,04
15014,2015-01-14,00,03,04
15015,2015-01-15,04,05,08
15016,2015-01-16,00,02,09
15017,2015-01-17,00,08,08
15018,2015-01-18,01,03,08
15019,2015-01-19,01,04,09
15020,2015-01-20,01,02,06
15021,2015-01-21,03,03,09
15022,2015-01-22,05,07,08
15023,2015-01-23,04,06,09
15024,2015-01-24,00,06,06
15025,2015-01-25,01,03,08
15026,2015-01-26,03,03,08
15027,2015-01-27,01,02,08
15028,2015-01-28,03,05,07
15029,2015-01-29,02,07,09
15030,2015-01-30,00,02,08
15031,2015-01-31,02,04,05
15032,2015-02-01,01,03,04
15033,2015-02-02,06,08,09
15034,2015-02-03,00,04,09
15035,2015-02-04,04,06,07
15036,2015-02-05,01,07,08
15037,2015-02-06,01,01,05
15038,2015-02-07,02,02,09
15039,2015-02-08,04,05,08
15040,2015-02-09,04,06,06
15041,2015-02-10,03,05,08
15042,2015-02-11,02,02,03
15043,2015-02-12,01,05,07
15044,2015-02-13,02,05,07
15045,2015-02-14,05,07,07
15046,2015-02-15,00,03,05
15047,2015-02-16,00,00,08
15048,2015-02-17,00,05,08
15049,2015-02-25,01,02,05
15050,2015-02-26,00,03,09
15051,2015-02-27,01,05,09
15052,2015-02-28,05,08,09
15053,2015-03-01,04,07,07
15054,2015-03-02,00,03,06
15055,2015-03-03,06,09,09
15056,2015-03-04,01,03,08
15057,2015-03-05,07,07,09
15058,2015-03-06,08,08,09
15059,2015-03-07,00,02,04
15060,2015-03-08,04,04,07
15061,2015-03-09,01,08,09
15062,2015-03-10,00,06,08
15063,2015-03-11,01,03,08
15064,2015-03-12,02,05,07
15065,2015-03-13,06,06,09
15066,2015-03-14,00,02,08
15067,2015-03-15,01,07,08
15068,2015-03-16,05,05,09
15069,2015-03-17,06,08,09
15070,2015-03-18,01,04,08
15071,2015-03-19,05,07,09
15072,2015-03-20,03,07,09
15073,2015-03-21,02,04,09
15074,2015-03-22,01,04,04
15075,2015-03-23,02,03,04
15076,2015-03-24,03,07,09
15077,2015-03-25,05,06,09
15078,2015-03-26,01,01,04
15079,2015-03-27,02,05,08
15080,2015-03-28,00,02,03
15081,2015-03-29,00,03,06
15082,2015-03-30,02,05,05
15083,2015-03-31,00,01,03
15084,2015-04-01,01,04,09
15085,2015-04-02,01,04,06
15086,2015-04-03,00,03,09
15087,2015-04-04,00,01,03
15088,2015-04-05,00,01,08
15089,2015-04-06,04,05,06
15090,2015-04-07,04,06,08
15091,2015-04-08,05,07,09
15092,2015-04-09,00,03,07
15093,2015-04-10,00,02,06
15094,2015-04-11,04,05,06
15095,2015-04-12,02,03,07
15096,2015-04-13,01,02,08
15097,2015-04-14,06,08,08
15098,2015-04-15,01,03,04
15099,2015-04-16,01,07,07
15100,2015-04-17,03,05,06
15101,2015-04-18,03,03,06
15102,2015-04-19,03,05,09
15103,2015-04-20,04,09,09
15104,2015-04-21,06,08,09
15105,2015-04-22,00,00,07
15106,2015-04-23,06,08,08
15107,2015-04-24,00,01,07
15108,2015-04-25,05,06,08
15109,2015-04-26,04,06,09
15110,2015-04-27,02,04,08
15111,2015-04-28,02,07,09
15112,2015-04-29,01,07,09
15113,2015-04-30,07,07,07
15114,2015-05-01,00,01,03
15115,2015-05-02,02,03,06
15116,2015-05-03,06,07,08
15117,2015-05-04,00,06,07
15118,2015-05-05,02,03,07
15119,2015-05-06,01,04,06
15120,2015-05-07,04,07,08
15121,2015-05-08,00,04,06
15122,2015-05-09,05,06,07
15123,2015-05-10,00,05,09
15124,2015-05-11,01,03,05
15125,2015-05-12,04,04,05
15126,2015-05-13,01,01,02
15127,2015-05-14,00,01,08
15128,2015-05-15,02,08,09
15129,2015-05-16,02,02,03
15130,2015-05-17,01,02,05
15131,2015-05-18,04,07,07
15132,2015-05-19,03,03,09
15133,2015-05-20,05,06,09
15134,2015-05-21,01,05,06
15135,2015-05-22,00,02,07
15136,2015-05-23,04,08,08
15137,2015-05-24,02,02,09
15138,2015-05-25,03,04,07
15139,2015-05-26,01,01,08
15140,2015-05-27,06,07,07
15141,2015-05-28,02,09,09
15142,2015-05-29,02,06,09
15143,2015-05-30,00,02,04
15144,2015-05-31,00,04,05
15145,2015-06-01,02,06,07
15146,2015-06-02,01,03,08
15147,2015-06-03,00,05,07
15148,2015-06-04,01,01,06
15149,2015-06-05,00,04,08
15150,2015-06-06,05,07,07
15151,2015-06-07,04,05,05
15152,2015-06-08,01,06,08
15153,2015-06-09,00,08,08
15154,2015-06-10,02,02,04
15155,2015-06-11,00,04,05
15156,2015-06-12,03,07,09
15157,2015-06-13,00,04,08
15158,2015-06-14,03,06,07
15159,2015-06-15,02,02,07
15160,2015-06-16,01,03,07
15161,2015-06-17,02,06,06
15162,2015-06-18,00,06,07
15163,2015-06-19,04,06,06
15164,2015-06-20,02,03,09
15165,2015-06-21,03,08,09
15166,2015-06-22,03,03,05
15167,2015-06-23,03,05,06
15168,2015-06-24,04,04,07
15169,2015-06-25,00,01,06
15170,2015-06-26,00,00,09
15171,2015-06-27,00,01,04
15172,2015-06-28,00,04,06
15173,2015-06-29,03,05,07
15174,2015-06-30,03,04,09
15175,2015-07-01,01,06,06
15176,2015-07-02,02,06,07
15177,2015-07-03,00,00,07
15178,2015-07-04,00,02,07
15179,2015-07-05,03,05,05
15180,2015-07-06,00,00,02
15181,2015-07-07,06,08,08
15182,2015-07-08,04,07,08
15183,2015-07-09,03,05,06
15184,2015-07-10,01,02,09
15185,2015-07-11,07,08,09
15186,2015-07-12,05,07,08
15187,2015-07-13,00,05,08
15188,2015-07-14,01,03,09
15189,2015-07-15,02,06,07
15190,2015-07-16,06,08,08
15191,2015-07-17,01,04,05
15192,2015-07-18,06,06,06
15193,2015-07-19,00,02,07
15194,2015-07-20,02,07,07
15195,2015-07-21,04,06,09
15196,2015-07-22,02,06,08
15197,2015-07-23,00,02,04
15198,2015-07-24,01,03,03
15199,2015-07-25,06,07,08
15200,2015-07-26,03,04,09
15201,2015-07-27,00,03,06
15202,2015-07-28,03,05,09
15203,2015-07-29,04,06,07
15204,2015-07-30,00,06,08
15205,2015-07-31,01,02,02
15206,2015-08-01,01,08,08
15207,2015-08-02,03,03,08
15208,2015-08-03,03,03,05
15209,2015-08-04,02,07,07
15210,2015-08-05,02,07,08
15211,2015-08-06,01,05,09
15212,2015-08-07,01,04,06
15213,2015-08-08,00,05,05
15214,2015-08-09,00,01,09
15215,2015-08-10,01,04,05
15216,2015-08-11,02,04,05
15217,2015-08-12,02,02,04
15218,2015-08-13,02,02,03
15219,2015-08-14,01,02,09
15220,2015-08-15,02,03,08
15221,2015-08-16,01,07,08
15222,2015-08-17,03,04,08
15223,2015-08-18,03,07,08
15224,2015-08-19,01,04,06
15225,2015-08-20,05,08,09
15226,2015-08-21,00,04,04
15227,2015-08-22,02,04,04
15228,2015-08-23,01,02,03
15229,2015-08-24,01,09,09
15230,2015-08-25,02,07,07
15231,2015-08-26,00,05,09
15232,2015-08-27,02,03,05
15233,2015-08-28,03,08,09
15234,2015-08-29,03,04,06
15235,2015-08-30,04,05,06
15236,2015-08-31,00,01,09
15237,2015-09-01,00,03,04
15238,2015-09-02,01,02,07
15239,2015-09-03,01,03,09
15240,2015-09-04,06,08,09
15241,2015-09-05,01,05,06
15242,2015-09-06,06,07,08
15243,2015-09-07,00,00,08
15244,2015-09-08,00,03,05
15245,2015-09-09,07,08,09
15246,2015-09-10,07,07,08
15247,2015-09-11,00,05,06
15248,2015-09-12,01,02,05
15249,2015-09-13,01,04,06
15250,2015-09-14,01,03,07
15251,2015-09-15,04,04,09
15252,2015-09-16,01,04,05
15253,2015-09-17,02,02,09
15254,2015-09-18,03,03,04
15255,2015-09-19,00,03,04
15256,2015-09-20,01,05,06
15257,2015-09-21,00,02,03
15258,2015-09-22,03,04,07
15259,2015-09-23,02,05,09
15260,2015-09-24,02,05,08
15261,2015-09-25,03,03,08
15262,2015-09-26,02,02,05
15263,2015-09-27,01,02,06
15264,2015-09-28,01,03,07
15265,2015-09-29,02,05,09
15266,2015-09-30,00,04,08
15267,2015-10-01,02,05,06
15268,2015-10-02,00,08,08
15269,2015-10-03,02,05,08
15270,2015-10-04,01,01,05
15271,2015-10-05,07,09,09
15272,2015-10-06,01,04,09
15273,2015-10-07,02,04,05
15274,2015-10-08,00,03,06
15275,2015-10-09,03,04,09
15276,2015-10-10,01,08,09
15277,2015-10-11,03,04,08
15278,2015-10-12,00,01,01
15279,2015-10-13,01,02,07
15280,2015-10-14,08,08,09
15281,2015-10-15,00,00,09
15282,2015-10-16,02,04,09
15283,2015-10-17,02,03,04
15284,2015-10-18,02,03,06
15285,2015-10-19,01,02,04
15286,2015-10-20,00,04,07
15287,2015-10-21,00,00,05
15288,2015-10-22,02,04,08
15289,2015-10-23,02,05,09
15290,2015-10-24,00,04,06
15291,2015-10-25,00,01,02
15292,2015-10-26,02,06,09
15293,2015-10-27,02,03,04
15294,2015-10-28,00,01,04
15295,2015-10-29,00,03,05
15296,2015-10-30,00,05,09
15297,2015-10-31,00,04,04
15298,2015-11-01,04,05,09
15299,2015-11-02,02,06,07
15300,2015-11-03,04,05,08
15301,2015-11-04,04,04,09
15302,2015-11-05,02,04,06
15303,2015-11-06,01,04,04
15304,2015-11-07,01,02,07
15305,2015-11-08,04,05,09
15306,2015-11-09,01,02,07
15307,2015-11-10,00,06,09
15308,2015-11-11,03,07,09
15309,2015-11-12,00,00,03
15310,2015-11-13,02,05,07
15311,2015-11-14,02,03,03
15312,2015-11-15,03,04,05
15313,2015-11-16,05,05,05
15314,2015-11-17,00,05,06
15315,2015-11-18,00,05,07
15316,2015-11-19,00,01,02
15317,2015-11-20,01,02,08
15318,2015-11-21,03,04,09
15319,2015-11-22,01,06,09
15320,2015-11-23,04,08,08
15321,2015-11-24,03,06,08
15322,2015-11-25,04,04,06
15323,2015-11-26,01,06,09
15324,2015-11-27,03,07,09
15325,2015-11-28,02,09,09
15326,2015-11-29,05,07,08
15327,2015-11-30,02,04,09
15328,2015-12-01,04,07,09
15329,2015-12-02,05,06,07
15330,2015-12-03,00,05,06
15331,2015-12-04,00,07,08
15332,2015-12-05,00,06,09
15333,2015-12-06,03,08,08
15334,2015-12-07,00,02,05
15335,2015-12-08,02,05,06
15336,2015-12-09,05,06,08
15337,2015-12-10,01,03,09
15338,2015-12-11,00,09,09
15339,2015-12-12,07,09,09
15340,2015-12-13,02,08,08
15341,2015-12-14,04,06,06
15342,2015-12-15,05,06,09
15343,2015-12-16,00,05,08
15344,2015-12-17,02,03,05
15345,2015-12-18,02,03,09
15346,2015-12-19,00,01,07
15347,2015-12-20,01,04,05
15348,2015-12-21,07,08,08
15349,2015-12-22,00,05,07
15350,2015-12-23,01,03,08
15351,2015-12-24,04,07,09
15352,2015-12-25,01,08,09
15353,2015-12-26,03,04,09
15354,2015-12-27,01,03,09
15355,2015-12-28,01,07,08
15356,2015-12-29,03,07,09
15357,2015-12-30,02,03,04
15358,2015-12-31,00,00,09
16001,2016-01-01,02,08,08
16002,2016-01-02,05,06,07
16003,2016-01-03,03,05,07
16004,2016-01-04,03,04,05
16005,2016-01-05,03,04,09
16006,2016-01-06,00,01,01
16007,2016-01-07,01,04,07
16008,2016-01-08,06,07,09
16009,2016-01-09,04,06,08
16010,2016-01-10,02,03,08
16011,2016-01-11,01,04,06
16012,2016-01-12,00,03,05
16013,2016-01-13,00,01,09
16014,2016-01-14,02,05,09
16015,2016-01-15,06,06,08
16016,2016-01-16,01,04,08
16017,2016-01-17,01,06,08
16018,2016-01-18,04,06,06
16019,2016-01-19,03,08,08
16020,2016-01-20,03,06,09
16021,2016-01-21,00,02,04
16022,2016-01-22,04,04,07
16023,2016-01-23,00,01,04
16024,2016-01-24,00,01,09
16025,2016-01-25,00,00,05
16026,2016-01-26,00,03,04
16027,2016-01-27,02,07,09
16028,2016-01-28,02,02,06
16029,2016-01-29,02,02,05
16030,2016-01-30,08,08,09
16031,2016-01-31,04,05,07
16032,2016-02-01,05,05,05
16033,2016-02-02,00,00,02
16034,2016-02-03,00,01,02
16035,2016-02-04,00,01,05
16036,2016-02-05,02,05,08
16037,2016-02-06,02,04,06
16038,2016-02-14,02,03,08
16039,2016-02-15,00,03,05
16040,2016-02-16,00,04,07
16041,2016-02-17,00,02,07
16042,2016-02-18,02,07,09
16043,2016-02-19,04,04,09
16044,2016-02-20,00,01,02
16045,2016-02-21,01,02,06
16046,2016-02-22,01,02,06
16047,2016-02-23,01,02,03
16048,2016-02-24,03,03,07
16049,2016-02-25,01,06,08
16050,2016-02-26,00,01,04
16051,2016-02-27,00,01,02
16052,2016-02-28,02,07,09
16053,2016-02-29,04,04,07
16054,2016-03-01,03,06,07
16055,2016-03-02,02,03,03
16056,2016-03-03,05,06,06
16057,2016-03-04,04,06,07
16058,2016-03-05,01,01,09
16059,2016-03-06,00,07,08
16060,2016-03-07,06,06,08
16061,2016-03-08,05,06,07
16062,2016-03-09,04,07,07
16063,2016-03-10,01,04,09
16064,2016-03-11,04,05,05
16065,2016-03-12,00,01,06
16066,2016-03-13,04,05,05
16067,2016-03-14,04,04,05
16068,2016-03-15,00,01,03
16069,2016-03-16,05,09,09
16070,2016-03-17,07,08,09
16071,2016-03-18,00,03,05
16072,2016-03-19,02,09,09
16073,2016-03-20,02,07,09
16074,2016-03-21,01,05,09
16075,2016-03-22,03,06,07
16076,2016-03-23,00,06,06
16077,2016-03-24,02,07,08
16078,2016-03-25,04,06,07
16079,2016-03-26,00,03,09
16080,2016-03-27,00,06,07
16081,2016-03-28,00,01,05
16082,2016-03-29,04,07,08
16083,2016-03-30,02,03,04
16084,2016-03-31,00,02,03
16085,2016-04-01,07,09,09
16086,2016-04-02,00,05,06
16087,2016-04-03,01,07,09
16088,2016-04-04,04,05,07
16089,2016-04-05,03,08,09
16090,2016-04-06,06,07,08
16091,2016-04-07,01,03,03
16092,2016-04-08,02,03,07
16093,2016-04-09,02,08,09
16094,2016-04-10,00,06,09
16095,2016-04-11,06,08,09
16096,2016-04-12,00,01,04
16097,2016-04-13,01,01,01
16098,2016-04-14,02,08,09
16099,2016-04-15,02,03,03
16100,2016-04-16,00,03,07
16101,2016-04-17,00,03,06
16102,2016-04-18,05,08,08
16103,2016-04-19,02,06,07
16104,2016-04-20,01,02,09
16105,2016-04-21,01,01,06
16106,2016-04-22,00,03,07
16107,2016-04-23,00,02,04
16108,2016-04-24,02,03,06
16109,2016-04-25,00,01,07
16110,2016-04-26,02,07,07
16111,2016-04-27,04,06,07
16112,2016-04-28,01,01,06
16113,2016-04-29,02,07,09
16114,2016-04-30,01,02,08
16115,2016-05-01,00,00,02
16116,2016-05-02,04,08,08
16117,2016-05-03,04,05,09
16118,2016-05-04,03,06,09
16119,2016-05-05,01,03,09
16120,2016-05-06,07,07,08
16121,2016-05-07,04,05,06
16122,2016-05-08,03,04,06
16123,2016-05-09,01,04,07
16124,2016-05-10,05,06,08
16125,2016-05-11,00,01,02
16126,2016-05-12,00,03,06
16127,2016-05-13,07,09,09
16128,2016-05-14,04,04,07
16129,2016-05-15,00,04,05
16130,2016-05-16,02,04,07
16131,2016-05-17,05,06,06
16132,2016-05-18,01,04,09
16133,2016-05-19,01,01,07
16134,2016-05-20,02,03,09
16135,2016-05-21,01,04,04
16136,2016-05-22,05,06,06
16137,2016-05-23,06,06,09
16138,2016-05-24,01,03,03
16139,2016-05-25,01,08,08
16140,2016-05-26,05,06,06
16141,2016-05-27,00,02,07
16142,2016-05-28,03,04,07
16143,2016-05-29,01,01,02
16144,2016-05-30,05,06,08
16145,2016-05-31,00,01,04
16146,2016-06-01,01,04,05
16147,2016-06-02,06,07,09
16148,2016-06-03,07,07,08
16149,2016-06-04,05,07,07
16150,2016-06-05,01,01,04
16151,2016-06-06,01,06,06
16152,2016-06-07,01,02,05
16153,2016-06-08,02,02,06
16154,2016-06-09,01,02,07
16155,2016-06-10,09,09,09
16156,2016-06-11,01,03,06
16157,2016-06-12,00,03,06
16158,2016-06-13,01,06,07
16159,2016-06-14,03,05,08
16160,2016-06-15,05,06,07
16161,2016-06-16,04,05,08
16162,2016-06-17,00,07,08
16163,2016-06-18,00,07,09
16164,2016-06-19,02,03,07
16165,2016-06-20,01,05,07
16166,2016-06-21,01,02,04
16167,2016-06-22,06,09,09
16168,2016-06-23,00,00,09
16169,2016-06-24,01,06,09
16170,2016-06-25,00,04,09
16171,2016-06-26,00,05,08
16172,2016-06-27,00,06,07
16173,2016-06-28,02,02,06
16174,2016-06-29,01,01,01
16175,2016-06-30,00,03,06
16176,2016-07-01,05,06,07
16177,2016-07-02,05,05,08
16178,2016-07-03,00,00,09
16179,2016-07-04,04,05,06
16180,2016-07-05,02,03,06
16181,2016-07-06,03,04,07
16182,2016-07-07,00,00,02
16183,2016-07-08,03,05,07
16184,2016-07-09,03,05,09
16185,2016-07-10,02,04,05
16186,2016-07-11,01,01,08
16187,2016-07-12,00,03,07
16188,2016-07-13,02,04,08
16189,2016-07-14,01,01,03
16190,2016-07-15,00,02,06
16191,2016-07-16,00,02,08
16192,2016-07-17,02,03,05
16193,2016-07-18,03,07,08
16194,2016-07-19,05,05,07
16195,2016-07-20,00,02,04
16196,2016-07-21,03,03,09
16197,2016-07-22,00,00,03
16198,2016-07-23,02,08,09
16199,2016-07-24,00,01,05
16200,2016-07-25,03,05,08
16201,2016-07-26,03,04,07
16202,2016-07-27,04,05,08
16203,2016-07-28,00,04,04
16204,2016-07-29,02,04,04
16205,2016-07-30,03,04,05
16206,2016-07-31,07,08,08
16207,2016-08-01,05,07,07
16208,2016-08-02,02,04,08
16209,2016-08-03,02,09,09
16210,2016-08-04,00,03,05
16211,2016-08-05,03,04,06
16212,2016-08-06,03,06,09
16213,2016-08-07,05,06,08
16214,2016-08-08,00,07,09
16215,2016-08-09,07,07,08
16216,2016-08-10,03,08,09
16217,2016-08-11,04,04,09
16218,2016-08-12,00,00,09
16219,2016-08-13,00,04,07
16220,2016-08-14,00,03,07
16221,2016-08-15,01,02,06
16222,2016-08-16,02,04,05
16223,2016-08-17,00,03,06
16224,2016-08-18,05,06,06
16225,2016-08-19,03,06,06
16226,2016-08-20,00,01,06
16227,2016-08-21,03,07,09
16228,2016-08-22,05,06,08
16229,2016-08-23,00,02,04
16230,2016-08-24,05,06,06
16231,2016-08-25,02,05,08
16232,2016-08-26,01,06,09
16233,2016-08-27,05,06,08
16234,2016-08-28,06,07,09
16235,2016-08-29,00,04,05
16236,2016-08-30,02,03,06
16237,2016-08-31,02,04,08
16238,2016-09-01,03,04,05
16239,2016-09-02,05,05,08
16240,2016-09-03,03,06,09
16241,2016-09-04,00,02,03
16242,2016-09-05,02,05,07
16243,2016-09-06,01,04,06
16244,2016-09-07,01,03,05
16245,2016-09-08,03,08,09
16246,2016-09-09,02,07,08
16247,2016-09-10,02,08,08
16248,2016-09-11,02,07,07
16249,2016-09-12,03,07,09
16250,2016-09-13,01,02,06
16251,2016-09-14,00,03,06
16252,2016-09-15,04,05,09
16253,2016-09-16,01,06,09
16254,2016-09-17,02,05,06
16255,2016-09-18,03,03,05
16256,2016-09-19,01,03,07
16257,2016-09-20,03,08,09
16258,2016-09-21,01,06,09
16259,2016-09-22,03,06,09
16260,2016-09-23,00,03,08
16261,2016-09-24,04,09,09
16262,2016-09-25,03,05,08
16263,2016-09-26,00,01,01
16264,2016-09-27,01,06,07
16265,2016-09-28,05,06,09
16266,2016-09-29,00,04,06
16267,2016-09-30,01,01,04
16268,2016-10-01,00,06,07
16269,2016-10-02,01,02,02
16270,2016-10-03,00,02,04
16271,2016-10-04,05,07,08
16272,2016-10-05,01,06,09
16273,2016-10-06,03,05,08
16274,2016-10-07,00,05,09
16275,2016-10-08,00,02,08
16276,2016-10-09,04,06,09
16277,2016-10-10,04,05,08
16278,2016-10-11,02,02,03
16279,2016-10-12,00,05,06
16280,2016-10-13,00,02,08
16281,2016-10-14,01,03,06
16282,2016-10-15,02,08,08
16283,2016-10-16,00,00,04
16284,2016-10-17,04,06,07
16285,2016-10-18,02,07,08
16286,2016-10-19,02,03,06
16287,2016-10-20,00,08,09
16288,2016-10-21,00,03,04
16289,2016-10-22,03,06,07
16290,2016-10-23,01,03,06
16291,2016-10-24,01,06,09
16292,2016-10-25,00,02,04
16293,2016-10-26,00,04,08
16294,2016-10-27,01,02,06
16295,2016-10-28,02,03,09
16296,2016-10-29,04,07,09
16297,2016-10-30,03,05,08
16298,2016-10-31,03,03,07
16299,2016-11-01,01,05,07
16300,2016-11-02,01,08,09
16301,2016-11-03,08,08,08
16302,2016-11-04,01,05,08
16303,2016-11-05,01,05,07
16304,2016-11-06,00,04,07
16305,2016-11-07,03,06,08
16306,2016-11-08,00,04,07
16307,2016-11-09,05,06,08
16308,2016-11-10,01,02,06
16309,2016-11-11,02,02,05
16310,2016-11-12,04,07,09
16311,2016-11-13,01,04,08
16312,2016-11-14,04,06,06
16313,2016-11-15,01,03,04
16314,2016-11-16,02,03,05
16315,2016-11-17,04,07,09
16316,2016-11-18,01,02,04
16317,2016-11-19,06,08,08
16318,2016-11-20,01,02,04
16319,2016-11-21,01,04,09
16320,2016-11-22,03,04,09
16321,2016-11-23,00,06,06
16322,2016-11-24,01,02,07
16323,2016-11-25,00,04,08
16324,2016-11-26,01,03,07
16325,2016-11-27,06,06,08
16326,2016-11-28,03,03,06
16327,2016-11-29,05,06,06
16328,2016-11-30,05,06,08
16329,2016-12-01,01,05,09
16330,2016-12-02,04,05,06
16331,2016-12-03,03,06,07
16332,2016-12-04,04,04,05
16333,2016-12-05,05,07,09
16334,2016-12-06,03,05,05
16335,2016-12-07,03,05,08
16336,2016-12-08,00,01,05
16337,2016-12-09,02,05,08
16338,2016-12-10,00,01,04
16339,2016-12-11,04,05,08
16340,2016-12-12,04,06,08
16341,2016-12-13,00,03,09
16342,2016-12-14,03,03,06
16343,2016-12-15,00,07,08
16344,2016-12-16,00,01,03
16345,2016-12-17,02,05,06
16346,2016-12-18,00,00,01
16347,2016-12-19,05,08,09
16348,2016-12-20,05,07,07
16349,2016-12-21,01,04,05
16350,2016-12-22,01,05,09
16351,2016-12-23,04,05,07
16352,2016-12-24,02,04,04
16353,2016-12-25,03,04,05
16354,2016-12-26,03,03,05
16355,2016-12-27,01,07,09
16356,2016-12-28,00,01,08
16357,2016-12-29,02,02,02
16358,2016-12-30,01,03,04
16359,2016-12-31,06,08,09
17001,2017-01-01,00,02,09
17002,2017-01-02,05,07,08
17003,2017-01-03,03,04,07
17004,2017-01-04,01,06,06
17005,2017-01-05,02,03,04
17006,2017-01-06,02,04,06
17007,2017-01-07,02,06,09
17008,2017-01-08,05,07,09
17009,2017-01-09,01,03,07
17010,2017-01-10,01,02,06
17011,2017-01-11,04,06,08
17012,2017-01-12,00,05,09
17013,2017-01-13,00,03,09
17014,2017-01-14,02,04,08
17015,2017-01-15,06,06,08
17016,2017-01-16,06,07,09
17017,2017-01-17,07,08,09
17018,2017-01-18,03,07,09
17019,2017-01-19,04,04,08
17020,2017-01-20,02,05,06
17021,2017-01-21,04,07,08
17022,2017-01-22,06,07,07
17023,2017-01-23,02,03,07
17024,2017-01-24,00,03,04
17025,2017-01-25,02,07,07
17026,2017-01-26,00,01,08
17027,2017-02-03,02,03,05
17028,2017-02-04,05,05,09
17029,2017-02-05,00,04,08
17030,2017-02-06,06,08,09
17031,2017-02-07,00,02,05
17032,2017-02-08,03,07,08
17033,2017-02-09,05,07,08
17034,2017-02-10,05,08,09
17035,2017-02-11,00,08,09
17036,2017-02-12,02,04,07
17037,2017-02-13,00,03,08
17038,2017-02-14,02,03,08
17039,2017-02-15,05,08,09
17040,2017-02-16,03,05,09
17041,2017-02-17,02,08,09
17042,2017-02-18,01,04,09
17043,2017-02-19,00,05,08
17044,2017-02-20,01,03,08
17045,2017-02-21,03,05,07
17046,2017-02-22,07,08,08
17047,2017-02-23,02,03,08
17048,2017-02-24,01,04,06
17049,2017-02-25,05,06,06
17050,2017-02-26,00,03,07
17051,2017-02-27,04,04,04
17052,2017-02-28,01,05,09
17053,2017-03-01,01,02,09
17054,2017-03-02,00,02,07
17055,2017-03-03,03,06,06
17056,2017-03-04,02,02,03
17057,2017-03-05,01,02,09
17058,2017-03-06,00,03,07
17059,2017-03-07,02,06,06
17060,2017-03-08,04,05,06
17061,2017-03-09,01,08,09
17062,2017-03-10,07,08,08
17063,2017-03-11,06,07,08
17064,2017-03-12,01,05,06
17065,2017-03-13,02,05,05
17066,2017-03-14,04,08,08
17067,2017-03-15,02,03,08
17068,2017-03-16,01,02,07
17069,2017-03-17,04,06,09
17070,2017-03-18,03,03,03
17071,2017-03-19,02,04,08
17072,2017-03-20,04,08,09
17073,2017-03-21,00,01,03
17074,2017-03-22,05,06,06
17075,2017-03-23,00,00,09
17076,2017-03-24,03,08,09
17077,2017-03-25,03,04,06
17078,2017-03-26,03,03,06
17079,2017-03-27,04,05,08
17080,2017-03-28,01,08,08
17081,2017-03-29,00,01,02
17082,2017-03-30,03,05,05
17083,2017-03-31,04,05,06
17084,2017-04-01,03,06,08
17085,2017-04-02,02,02,07
17086,2017-04-03,04,04,09
17087,2017-04-04,02,03,07
17088,2017-04-05,01,05,06
17089,2017-04-06,03,08,09
17090,2017-04-07,02,03,08
17091,2017-04-08,06,06,07
17092,2017-04-09,05,07,09
17093,2017-04-10,00,05,08
17094,2017-04-11,00,08,09
17095,2017-04-12,02,03,03
17096,2017-04-13,00,08,09
17097,2017-04-14,00,06,08
17098,2017-04-15,02,02,08
17099,2017-04-16,06,09,09
17100,2017-04-17,01,03,08
17101,2017-04-18,00,03,09
17102,2017-04-19,00,05,09
17103,2017-04-20,00,04,04
17104,2017-04-21,02,07,08
17105,2017-04-22,04,06,08
17106,2017-04-23,00,02,04
17107,2017-04-24,01,05,09
17108,2017-04-25,02,07,07
17109,2017-04-26,00,00,03
17110,2017-04-27,01,05,08
17111,2017-04-28,05,06,08
17112,2017-04-29,06,06,08
17113,2017-04-30,01,05,07
17114,2017-05-01,01,06,08
17115,2017-05-02,05,06,07
17116,2017-05-03,01,02,03
17117,2017-05-04,02,09,09
17118,2017-05-05,04,09,09
17119,2017-05-06,02,02,05
17120,2017-05-07,04,05,08
17121,2017-05-08,00,04,05
17122,2017-05-09,04,06,08
17123,2017-05-10,02,04,09
17124,2017-05-11,00,01,08
17125,2017-05-12,02,05,05
17126,2017-05-13,02,05,08
17127,2017-05-14,03,07,09
17128,2017-05-15,02,04,05
17129,2017-05-16,03,05,06
17130,2017-05-17,05,08,09
17131,2017-05-18,01,09,09
17132,2017-05-19,00,03,05
17133,2017-05-20,01,06,06
17134,2017-05-21,06,07,09
17135,2017-05-22,02,05,05
17136,2017-05-23,00,01,05
17137,2017-05-24,01,02,02
17138,2017-05-25,00,00,02
17139,2017-05-26,00,03,06
17140,2017-05-27,00,02,04
17141,2017-05-28,00,04,06
17142,2017-05-29,00,01,03
17143,2017-05-30,01,07,07
17144,2017-05-31,02,03,09
17145,2017-06-01,01,05,09
17146,2017-06-02,02,04,09
17147,2017-06-03,01,03,03
17148,2017-06-04,01,02,05
17149,2017-06-05,07,08,09
17150,2017-06-06,02,05,09
17151,2017-06-07,00,07,08
17152,2017-06-08,00,02,08
17153,2017-06-09,05,08,08
17154,2017-06-10,01,02,05
17155,2017-06-11,00,00,04
17156,2017-06-12,00,00,07
17157,2017-06-13,01,08,08
17158,2017-06-14,00,03,08
17159,2017-06-15,01,02,03
17160,2017-06-16,04,06,09
17161,2017-06-17,00,03,08
17162,2017-06-18,01,04,08
17163,2017-06-19,05,07,09
17164,2017-06-20,04,04,07
17165,2017-06-21,00,03,03
17166,2017-06-22,04,04,06
17167,2017-06-23,05,07,09
17168,2017-06-24,01,05,07
17169,2017-06-25,04,04,06
17170,2017-06-26,04,04,05
17171,2017-06-27,00,01,09
17172,2017-06-28,04,06,09
17173,2017-06-29,01,02,07
17174,2017-06-30,00,06,09
17175,2017-07-01,03,06,07
17176,2017-07-02,00,02,06
17177,2017-07-03,00,06,07
17178,2017-07-04,00,03,03
17179,2017-07-05,00,06,06
17180,2017-07-06,05,06,08
17181,2017-07-07,04,04,08
17182,2017-07-08,05,07,09
17183,2017-07-09,00,04,09
17184,2017-07-10,01,02,09
17185,2017-07-11,00,03,07
17186,2017-07-12,06,07,09
17187,2017-07-13,01,03,08
17188,2017-07-14,00,02,09
17189,2017-07-15,00,06,09
17190,2017-07-16,04,04,06
17191,2017-07-17,07,08,09
17192,2017-07-18,02,07,09
17193,2017-07-19,00,08,08
17194,2017-07-20,02,05,06
17195,2017-07-21,01,03,09
17196,2017-07-22,03,04,06
17197,2017-07-23,04,05,09
17198,2017-07-24,04,05,07
17199,2017-07-25,00,03,03
17200,2017-07-26,03,05,09
17201,2017-07-27,04,04,05
17202,2017-07-28,01,04,06
17203,2017-07-29,02,03,04
17204,2017-07-30,02,02,03
17205,2017-07-31,04,06,09
17206,2017-08-01,03,05,07
17207,2017-08-02,06,07,09
17208,2017-08-03,00,01,08
17209,2017-08-04,01,03,09
17210,2017-08-05,01,01,09
17211,2017-08-06,01,01,06
17212,2017-08-07,00,00,02
17213,2017-08-08,02,07,07
17214,2017-08-09,02,03,04
17215,2017-08-10,01,02,02
17216,2017-08-11,01,07,08
17217,2017-08-12,06,07,09
17218,2017-08-13,03,05,07
17219,2017-08-14,03,04,09
17220,2017-08-15,03,04,06
17221,2017-08-16,04,04,07
17222,2017-08-17,00,07,07
17223,2017-08-18,04,06,09
17224,2017-08-19,03,04,06
17225,2017-08-20,04,08,08
17226,2017-08-21,03,03,05
17227,2017-08-22,02,04,07
17228,2017-08-23,03,08,09
17229,2017-08-24,04,07,08
17230,2017-08-25,04,06,07
17231,2017-08-26,00,02,04
17232,2017-08-27,04,04,08
17233,2017-08-28,01,07,08
17234,2017-08-29,04,06,06
17235,2017-08-30,01,05,06
17236,2017-08-31,01,05,05
17237,2017-09-01,00,01,02
17238,2017-09-02,01,02,09
17239,2017-09-03,00,05,06
17240,2017-09-04,01,05,07
17241,2017-09-05,03,09,09
17242,2017-09-06,03,08,09
17243,2017-09-07,03,03,05
17244,2017-09-08,02,03,08
17245,2017-09-09,02,03,06
17246,2017-09-10,01,01,01
17247,2017-09-11,04,05,09
17248,2017-09-12,04,08,09
17249,2017-09-13,01,03,06
17250,2017-09-14,05,06,08
17251,2017-09-15,01,01,05
17252,2017-09-16,01,07,08
17253,2017-09-17,07,07,08
17254,2017-09-18,01,05,09
17255,2017-09-19,04,08,09
17256,2017-09-20,01,02,03
17257,2017-09-21,02,02,03
17258,2017-09-22,01,07,08
17259,2017-09-23,04,07,08
17260,2017-09-24,02,09,09
17261,2017-09-25,03,05,06
17262,2017-09-26,01,03,09
17263,2017-09-27,03,03,05
17264,2017-09-28,00,06,08
17265,2017-09-29,00,03,09
17266,2017-09-30,01,01,05
17267,2017-10-01,01,04,07
17268,2017-10-02,01,03,07
17269,2017-10-03,00,04,05
17270,2017-10-04,01,01,04
17271,2017-10-05,00,05,05
17272,2017-10-06,01,02,09
17273,2017-10-07,00,03,08
17274,2017-10-08,04,06,09
17275,2017-10-09,05,06,09
17276,2017-10-10,00,03,09
17277,2017-10-11,00,06,07
17278,2017-10-12,00,05,07
17279,2017-10-13,02,02,06
17280,2017-10-14,07,07,09
17281,2017-10-15,00,08,08
17282,2017-10-16,00,02,03
17283,2017-10-17,01,04,05
17284,2017-10-18,01,06,08
17285,2017-10-19,07,07,09
17286,2017-10-20,01,04,08
17287,2017-10-21,00,04,09
17288,2017-10-22,05,06,07
17289,2017-10-23,04,04,07
17290,2017-10-24,02,03,04
17291,2017-10-25,04,06,09
17292,2017-10-26,04,06,09
17293,2017-10-27,07,07,08
17294,2017-10-28,01,04,08
17295,2017-10-29,04,05,05
17296,2017-10-30,01,03,08
17297,2017-10-31,00,01,08
17298,2017-11-01,00,09,09
17299,2017-11-02,05,06,08
17300,2017-11-03,04,05,07
17301,2017-11-04,01,06,06
17302,2017-11-05,00,02,09
17303,2017-11-06,04,05,08
17304,2017-11-07,04,04,04
17305,2017-11-08,00,00,05
17306,2017-11-09,01,02,05
17307,2017-11-10,02,03,06
17308,2017-11-11,01,08,09
17309,2017-11-12,02,02,06
17310,2017-11-13,01,06,07
17311,2017-11-14,00,00,09
17312,2017-11-15,05,08,09
17313,2017-11-16,00,03,06
17314,2017-11-17,00,05,08
17315,2017-11-18,02,03,04
17316,2017-11-19,00,02,02
17317,2017-11-20,00,01,03
17318,2017-11-21,03,08,08
17319,2017-11-22,03,09,09
17320,2017-11-23,00,03,06
17321,2017-11-24,03,04,05
17322,2017-11-25,01,03,07
17323,2017-11-26,02,05,07
17324,2017-11-27,02,08,08
17325,2017-11-28,00,05,09
17326,2017-11-29,02,03,07
17327,2017-11-30,01,04,05
17328,2017-12-01,01,02,06
17329,2017-12-02,03,05,05
17330,2017-12-03,03,05,08
17331,2017-12-04,00,08,09
17332,2017-12-05,01,02,03
17333,2017-12-06,02,04,07
17334,2017-12-07,01,01,08
17335,2017-12-08,01,06,06
17336,2017-12-09,00,03,04
17337,2017-12-10,00,01,09
17338,2017-12-11,02,07,09
17339,2017-12-12,01,01,03
17340,2017-12-13,01,01,02
17341,2017-12-14,02,02,07
17342,2017-12-15,03,06,08
17343,2017-12-16,02,05,07
17344,2017-12-17,03,05,06
17345,2017-12-18,03,04,04
17346,2017-12-19,00,01,03
17347,2017-12-20,00,03,07
17348,2017-12-21,00,07,08
17349,2017-12-22,01,05,06
17350,2017-12-23,01,02,08
17351,2017-12-24,00,02,06
17352,2017-12-25,04,09,09
17353,2017-12-26,00,03,04
17354,2017-12-27,01,07,08
17355,2017-12-28,03,04,08
17356,2017-12-29,02,05,09
17357,2017-12-30,00,08,09
17358,2017-12-31,01,05,09
18001,2018-01-01,01,07,07
18002,2018-01-02,04,04,06
18003,2018-01-03,01,04,05
18004,2018-01-04,01,04,06
18005,2018-01-05,01,03,09
18006,2018-01-06,06,08,09
18007,2018-01-07,00,00,08
18008,2018-01-08,04,04,07
18009,2018-01-09,04,06,09
18010,2018-01-10,01,06,07
18011,2018-01-11,02,07,09
18012,2018-01-12,03,04,07
18013,2018-01-13,00,06,06
18014,2018-01-14,01,01,06
18015,2018-01-15,03,07,09
18016,2018-01-16,03,04,07
18017,2018-01-17,00,09,09
18018,2018-01-18,01,04,07
18019,2018-01-19,00,06,07
18020,2018-01-20,01,02,09
18021,2018-01-21,02,06,07
18022,2018-01-22,05,06,06
18023,2018-01-23,03,06,09
18024,2018-01-24,00,05,06
18025,2018-01-25,03,04,05
18026,2018-01-26,04,06,07
18027,2018-01-27,04,08,09
18028,2018-01-28,01,03,03
18029,2018-01-29,00,07,09
18030,2018-01-30,03,05,07
18031,2018-01-31,02,05,05
18032,2018-02-01,00,06,08
18033,2018-02-02,00,07,08
18034,2018-02-03,02,03,06
18035,2018-02-04,02,05,07
18036,2018-02-05,03,06,09
18037,2018-02-06,06,07,08
18038,2018-02-07,04,07,09
18039,2018-02-08,01,02,05
18040,2018-02-09,04,07,08
18041,2018-02-10,01,01,04
18042,2018-02-11,03,05,07
18043,2018-02-12,00,07,09
18044,2018-02-13,02,03,07
18045,2018-02-14,00,00,09
18046,2018-02-22,01,05,05
18047,2018-02-23,00,08,08
18048,2018-02-24,04,04,04
18049,2018-02-25,01,08,08
18050,2018-02-26,00,07,08
18051,2018-02-27,02,04,04
18052,2018-02-28,05,08,09
18053,2018-03-01,02,07,08
18054,2018-03-02,03,06,06
18055,2018-03-03,00,03,04
18056,2018-03-04,04,04,06
18057,2018-03-05,02,02,05
18058,2018-03-06,04,07,09
18059,2018-03-07,05,05,07
18060,2018-03-08,04,07,07
18061,2018-03-09,01,03,04
18062,2018-03-10,03,06,08
18063,2018-03-11,00,02,08
18064,2018-03-12,02,03,04
18065,2018-03-13,02,03,08
18066,2018-03-14,02,02,06
18067,2018-03-15,01,01,07
18068,2018-03-16,01,01,09
18069,2018-03-17,01,01,04
18070,2018-03-18,00,08,09
18071,2018-03-19,00,03,05
18072,2018-03-20,01,02,04
18073,2018-03-21,04,07,08
18074,2018-03-22,01,04,09
18075,2018-03-23,02,03,04
18076,2018-03-24,02,03,08
18077,2018-03-25,01,03,07
18078,2018-03-26,02,04,09
18079,2018-03-27,03,07,08
18080,2018-03-28,04,07,09
18081,2018-03-29,04,08,09
18082,2018-03-30,04,05,07
18083,2018-03-31,02,05,07
18084,2018-04-01,04,05,05
18085,2018-04-02,03,03,04
18086,2018-04-03,01,03,09
18087,2018-04-04,02,07,08
18088,2018-04-05,01,02,02
18089,2018-04-06,03,07,07
18090,2018-04-07,02,04,09
18091,2018-04-08,00,01,07
18092,2018-04-09,01,03,05
18093,2018-04-10,03,05,05
18094,2018-04-11,03,04,07
18095,2018-04-12,04,08,09
18096,2018-04-13,04,05,07
18097,2018-04-14,00,03,04
18098,2018-04-15,03,04,09
18099,2018-04-16,02,03,03
18100,2018-04-17,00,03,08
18101,2018-04-18,07,08,09
18102,2018-04-19,03,08,09
18103,2018-04-20,06,07,09
18104,2018-04-21,06,07,07
18105,2018-04-22,04,05,08
18106,2018-04-23,00,06,09
18107,2018-04-24,04,07,09
18108,2018-04-25,00,00,01
18109,2018-04-26,01,03,03
18110,2018-04-27,04,06,07
18111,2018-04-28,01,07,08
18112,2018-04-29,02,05,06
18113,2018-04-30,07,08,09
18114,2018-05-01,07,08,08
18115,2018-05-02,00,01,08
18116,2018-05-03,00,02,08
18117,2018-05-04,03,06,08
18118,2018-05-05,06,07,08
18119,2018-05-06,00,05,05
18120,2018-05-07,02,04,04
18121,2018-05-08,01,04,05
18122,2018-05-09,01,03,07
18123,2018-05-10,00,03,08
18124,2018-05-11,01,01,04
18125,2018-05-12,02,03,08
18126,2018-05-13,04,07,08
18127,2018-05-14,02,07,09
18128,2018-05-15,02,02,09
18129,2018-05-16,02,08,09
18130,2018-05-17,08,09,09
18131,2018-05-18,04,05,08
18132,2018-05-19,00,04,07
18133,2018-05-20,01,04,04
18134,2018-05-21,02,09,09
18135,2018-05-22,00,06,08
18136,2018-05-23,00,04,06
18137,2018-05-24,01,07,07
18138,2018-05-25,01,03,05
18139,2018-05-26,02,08,08
18140,2018-05-27,00,06,08
18141,2018-05-28,02,07,09
18142,2018-05-29,04,09,09
18143,2018-05-30,02,02,03
18144,2018-05-31,00,01,09
18145,2018-06-01,02,03,05
18146,2018-06-02,02,03,06
18147,2018-06-03,00,03,08
18148,2018-06-04,01,08,09
18149,2018-06-05,01,07,08
18150,2018-06-06,05,06,07
18151,2018-06-07,04,06,09
18152,2018-06-08,04,06,09
18153,2018-06-09,00,03,08
18154,2018-06-10,00,01,03
18155,2018-06-11,00,01,06
18156,2018-06-12,02,02,03
18157,2018-06-13,00,02,09
18158,2018-06-14,00,00,03
18159,2018-06-15,02,04,09
18160,2018-06-16,00,01,08
18161,2018-06-17,03,04,07
18162,2018-06-18,00,02,06
18163,2018-06-19,00,05,07
18164,2018-06-20,00,01,06
18165,2018-06-21,00,02,03
18166,2018-06-22,00,01,06
18167,2018-06-23,01,02,03
18168,2018-06-24,02,05,07
18169,2018-06-25,01,06,07
18170,2018-06-26,01,02,07
18171,2018-06-27,02,07,09
18172,2018-06-28,02,04,07
18173,2018-06-29,02,02,04
18174,2018-06-30,00,01,09
18175,2018-07-01,01,02,06
18176,2018-07-02,00,02,07
18177,2018-07-03,02,02,02
18178,2018-07-04,02,05,08
18179,2018-07-05,01,03,07
18180,2018-07-06,03,03,04
18181,2018-07-07,03,05,07
18182,2018-07-08,00,00,04
18183,2018-07-09,04,04,08
18184,2018-07-10,01,02,06
18185,2018-07-11,06,06,09
18186,2018-07-12,00,03,05
18187,2018-07-13,00,05,07
18188,2018-07-14,00,06,08
18189,2018-07-15,02,06,09
18190,2018-07-16,00,01,03
18191,2018-07-17,00,03,04
18192,2018-07-18,03,09,09
18193,2018-07-19,02,03,08
18194,2018-07-20,00,05,06
18195,2018-07-21,04,04,08
18196,2018-07-22,02,03,03
18197,2018-07-23,01,03,03
18198,2018-07-24,03,08,09
18199,2018-07-25,02,04,04
18200,2018-07-26,05,08,09
18201,2018-07-27,02,06,09
18202,2018-07-28,02,02,04
18203,2018-07-29,01,02,06
18204,2018-07-30,01,03,07
18205,2018-07-31,02,08,09
18206,2018-08-01,02,06,07
18207,2018-08-02,00,00,06
18208,2018-08-03,01,05,07
18209,2018-08-04,00,00,01
18210,2018-08-05,05,06,09
18211,2018-08-06,03,08,09
18212,2018-08-07,01,05,05
18213,2018-08-08,03,05,05
18214,2018-08-09,01,07,08
18215,2018-08-10,03,09,09
18216,2018-08-11,00,08,09
18217,2018-08-12,05,06,08
18218,2018-08-13,07,07,08
18219,2018-08-14,01,07,08
18220,2018-08-15,00,02,08
18221,2018-08-16,05,08,09
18222,2018-08-17,02,03,03
18223,2018-08-18,01,07,09
18224,2018-08-19,01,07,09
18225,2018-08-20,04,06,08
18226,2018-08-21,02,09,09
18227,2018-08-22,00,08,08
18228,2018-08-23,02,08,09
18229,2018-08-24,03,04,04
18230,2018-08-25,04,06,07
18231,2018-08-26,01,05,06
18232,2018-08-27,01,03,05
18233,2018-08-28,01,01,01
18234,2018-08-29,00,05,05
18235,2018-08-30,04,05,08
18236,2018-08-31,00,03,07
18237,2018-09-01,01,05,07
18238,2018-09-02,02,03,09
18239,2018-09-03,03,07,08
18240,2018-09-04,02,04,09
18241,2018-09-05,00,01,07
18242,2018-09-06,00,07,09
18243,2018-09-07,00,07,09
18244,2018-09-08,04,06,09
18245,2018-09-09,00,01,05
18246,2018-09-10,01,06,09
18247,2018-09-11,00,03,03
18248,2018-09-12,03,09,09
18249,2018-09-13,02,08,09
18250,2018-09-14,01,07,09
18251,2018-09-15,00,00,03
18252,2018-09-16,05,07,08
18253,2018-09-17,02,05,08
18254,2018-09-18,00,01,02
18255,2018-09-19,00,01,07
18256,2018-09-20,01,04,07
18257,2018-09-21,00,03,06
18258,2018-09-22,00,04,05
18259,2018-09-23,01,04,09
18260,2018-09-24,04,06,06
18261,2018-09-25,02,03,05
18262,2018-09-26,03,06,07
18263,2018-09-27,02,04,05
18264,2018-09-28,00,01,09
18265,2018-09-29,00,01,08
18266,2018-09-30,06,07,09
18267,2018-10-01,00,01,05
18268,2018-10-02,01,07,08
18269,2018-10-03,02,04,06
18270,2018-10-04,05,09,09
18271,2018-10-05,05,07,07
18272,2018-10-06,00,07,08
18273,2018-10-07,02,04,06
18274,2018-10-08,05,06,06
18275,2018-10-09,03,03,09
18276,2018-10-10,01,04,08
18277,2018-10-11,00,02,05
18278,2018-10-12,01,02,08
18279,2018-10-13,04,05,06
18280,2018-10-14,01,05,09
18281,2018-10-15,00,01,06
18282,2018-10-16,00,07,08
18283,2018-10-17,08,09,09
18284,2018-10-18,05,08,08
18285,2018-10-19,00,00,08
18286,2018-10-20,01,03,09
18287,2018-10-21,00,01,05
18288,2018-10-22,02,04,07
18289,2018-10-23,01,03,09
18290,2018-10-24,03,05,05
18291,2018-10-25,03,06,09
18292,2018-10-26,04,05,09
18293,2018-10-27,01,01,05
18294,2018-10-28,02,03,08
18295,2018-10-29,01,06,08
18296,2018-10-30,00,00,03
18297,2018-10-31,01,04,06
18298,2018-11-01,02,03,05
18299,2018-11-02,04,08,09
18300,2018-11-03,00,04,09
18301,2018-11-04,00,01,09
18302,2018-11-05,01,09,09
18303,2018-11-06,00,06,08
18304,2018-11-07,00,00,02
18305,2018-11-08,00,01,09
18306,2018-11-09,00,00,00
18307,2018-11-10,04,06,08
18308,2018-11-11,01,02,04
18309,2018-11-12,03,04,07
18310,2018-11-13,03,06,07
18311,2018-11-14,04,06,08
18312,2018-11-15,01,01,05
18313,2018-11-16,03,03,08
18314,2018-11-17,06,07,08
18315,2018-11-18,03,07,07
18316,2018-11-19,01,03,07
18317,2018-11-20,02,09,09
18318,2018-11-21,03,04,06
18319,2018-11-22,00,04,08
18320,2018-11-23,02,03,09
18321,2018-11-24,02,08,09
18322,2018-11-25,03,04,04
18323,2018-11-26,02,05,06
18324,2018-11-27,00,03,04
18325,2018-11-28,04,04,06
18326,2018-11-29,01,03,05
18327,2018-11-30,00,06,08
18328,2018-12-01,02,06,09
18329,2018-12-02,00,01,06
18330,2018-12-03,02,03,06
18331,2018-12-04,04,05,08
18332,2018-12-05,05,06,09
18333,2018-12-06,03,06,08
18334,2018-12-07,04,04,05
18335,2018-12-08,03,05,09
18336,2018-12-09,00,01,02
18337,2018-12-10,05,05,08
18338,2018-12-11,05,05,07
18339,2018-12-12,01,04,08
18340,2018-12-13,05,06,09
18341,2018-12-14,00,00,03
18342,2018-12-15,00,07,08
18343,2018-12-16,04,07,09
18344,2018-12-17,07,08,08
18345,2018-12-18,04,07,08
18346,2018-12-19,05,06,09
18347,2018-12-20,01,04,07
18348,2018-12-21,01,04,04
18349,2018-12-22,04,04,09
18350,2018-12-23,02,08,09
18351,2018-12-24,01,03,08
18352,2018-12-25,00,06,08
18353,2018-12-26,01,06,09
18354,2018-12-27,04,06,09
18355,2018-12-28,03,07,08
18356,2018-12-29,01,08,08
18357,2018-12-30,02,02,09
18358,2018-12-31,02,03,09
19001,2019-01-01,02,02,03
19002,2019-01-02,04,05,07
19003,2019-01-03,02,04,05
19004,2019-01-04,01,02,04
19005,2019-01-05,00,02,06
19006,2019-01-06,01,04,08
19007,2019-01-07,01,05,07
19008,2019-01-08,07,08,09
19009,2019-01-09,06,06,08
19010,2019-01-10,02,04,05
19011,2019-01-11,02,04,09
19012,2019-01-12,01,04,05
19013,2019-01-13,02,02,03
19014,2019-01-14,00,02,03
19015,2019-01-15,02,04,04
19016,2019-01-16,01,05,09
19017,2019-01-17,01,04,07
19018,2019-01-18,00,01,07
19019,2019-01-19,09,09,09
19020,2019-01-20,01,02,08
19021,2019-01-21,02,06,06
19022,2019-01-22,00,04,07
19023,2019-01-23,01,06,06
19024,2019-01-24,05,08,08
19025,2019-01-25,01,02,06
19026,2019-01-26,01,05,08
19027,2019-01-27,01,03,06
19028,2019-01-28,00,01,05
19029,2019-01-29,02,03,05
19030,2019-01-30,03,08,08
19031,2019-01-31,01,02,07
19032,2019-02-01,04,08,08
19033,2019-02-02,02,03,04
19034,2019-02-03,00,08,08
19035,2019-02-11,05,05,07
19036,2019-02-12,00,05,07
19037,2019-02-13,06,09,09
19038,2019-02-14,00,04,08
19039,2019-02-15,00,06,06
19040,2019-02-16,00,01,03
19041,2019-02-17,00,01,03
19042,2019-02-18,02,03,08
19043,2019-02-19,00,03,06
19044,2019-02-20,00,01,05
19045,2019-02-21,03,07,07
19046,2019-02-22,01,02,03
19047,2019-02-23,03,03,06
19048,2019-02-24,01,01,06
19049,2019-02-25,02,03,06
19050,2019-02-26,01,01,08
19051,2019-02-27,03,03,07
19052,2019-02-28,05,07,07
19053,2019-03-01,03,04,06
19054,2019-03-02,03,04,07
19055,2019-03-03,01,02,08
19056,2019-03-04,02,02,05
19057,2019-03-05,06,08,08
19058,2019-03-06,01,04,07
19059,2019-03-07,00,01,04
19060,2019-03-08,02,03,09
19061,2019-03-09,02,08,08
19062,2019-03-10,04,08,08
19063,2019-03-11,01,01,02
19064,2019-03-12,02,05,07
19065,2019-03-13,02,03,04
19066,2019-03-14,02,05,07
19067,2019-03-15,05,07,09
19068,2019-03-16,00,05,05
19069,2019-03-17,03,07,09
19070,2019-03-18,05,05,07
19071,2019-03-19,00,02,05
19072,2019-03-20,01,02,09
19073,2019-03-21,00,07,09
19074,2019-03-22,02,04,08
19075,2019-03-23,02,04,09
19076,2019-03-24,01,02,04
19077,2019-03-25,01,04,05
19078,2019-03-26,02,03,09
19079,2019-03-27,00,07,08
19080,2019-03-28,01,03,06
19081,2019-03-29,04,05,09
19082,2019-03-30,05,05,09
19083,2019-03-31,00,05,08
19084,2019-04-01,00,02,03
19085,2019-04-02,01,02,06
19086,2019-04-03,03,04,09
19087,2019-04-04,00,05,08
19088,2019-04-05,01,03,08
19089,2019-04-06,02,03,08
19090,2019-04-07,05,07,08
19091,2019-04-08,00,03,05
19092,2019-04-09,01,02,05
19093,2019-04-10,02,05,05
19094,2019-04-11,00,08,08
19095,2019-04-12,01,01,04
19096,2019-04-13,01,02,09
19097,2019-04-14,00,01,07
19098,2019-04-15,04,05,09
19099,2019-04-16,01,04,06
19100,2019-04-17,03,08,08
19101,2019-04-18,01,05,06
19102,2019-04-19,00,05,06
19103,2019-04-20,03,04,05
19104,2019-04-21,01,04,06
19105,2019-04-22,04,05,08
19106,2019-04-23,03,04,08
19107,2019-04-24,01,02,04
19108,2019-04-25,00,03,09
19109,2019-04-26,03,08,09
19110,2019-04-27,00,03,03
19111,2019-04-28,04,06,08
19112,2019-04-29,04,05,05
19113,2019-04-30,02,04,07
19114,2019-05-01,04,09,09
19115,2019-05-02,00,00,08
19116,2019-05-03,02,04,08
19117,2019-05-04,03,05,08
19118,2019-05-05,00,02,06
19119,2019-05-06,01,01,02
19120,2019-05-07,01,01,09
19121,2019-05-08,02,08,08
19122,2019-05-09,02,06,09
19123,2019-05-10,01,04,07
19124,2019-05-11,00,02,07
19125,2019-05-12,04,05,08
19126,2019-05-13,01,08,09
19127,2019-05-14,00,02,08
19128,2019-05-15,00,04,06
19129,2019-05-16,00,04,05
19130,2019-05-17,02,05,07
19131,2019-05-18,02,06,07
19132,2019-05-19,03,05,09
19133,2019-05-20,01,07,09
19134,2019-05-21,01,04,09
19135,2019-05-22,00,04,09
19136,2019-05-23,03,09,09
19137,2019-05-24,06,07,07
19138,2019-05-25,00,00,07
19139,2019-05-26,00,04,06
19140,2019-05-27,01,04,05
19141,2019-05-28,00,00,04
19142,2019-05-29,00,03,08
19143,2019-05-30,01,05,08
19144,2019-05-31,04,08,09
19145,2019-06-01,00,08,08
19146,2019-06-02,03,04,07
19147,2019-06-03,03,04,05
19148,2019-06-04,01,01,09
19149,2019-06-05,00,08,08
19150,2019-06-06,06,06,09
19151,2019-06-07,05,05,07
19152,2019-06-08,02,05,08
19153,2019-06-09,00,00,06
19154,2019-06-10,03,07,08
19155,2019-06-11,00,01,08
19156,2019-06-12,05,06,09
19157,2019-06-13,01,02,03
19158,2019-06-14,01,02,07
19159,2019-06-15,01,06,09
19160,2019-06-16,04,05,06
19161,2019-06-17,07,09,09
19162,2019-06-18,00,01,06
19163,2019-06-19,03,04,09
19164,2019-06-20,07,07,09
19165,2019-06-21,01,01,02
19166,2019-06-22,05,06,08
19167,2019-06-23,00,03,07
19168,2019-06-24,00,03,07
19169,2019-06-25,00,01,04
19170,2019-06-26,03,04,06
19171,2019-06-27,03,04,04
19172,2019-06-28,02,05,07
19173,2019-06-29,04,08,08
19174,2019-06-30,03,09,09
19175,2019-07-01,03,08,09
19176,2019-07-02,00,06,09
19177,2019-07-03,02,02,03
19178,2019-07-04,04,07,07
19179,2019-07-05,01,06,07
19180,2019-07-06,02,04,08
19181,2019-07-07,00,03,06
19182,2019-07-08,01,06,07
19183,2019-07-09,02,03,08
19184,2019-07-10,04,04,09
19185,2019-07-11,03,04,06
19186,2019-07-12,04,05,07
19187,2019-07-13,08,09,09
19188,2019-07-14,01,03,06
19189,2019-07-15,00,08,09
19190,2019-07-16,00,01,07
19191,2019-07-17,00,02,05
19192,2019-07-18,02,07,09
19193,2019-07-19,02,05,06
19194,2019-07-20,01,03,08
19195,2019-07-21,06,08,09
19196,2019-07-22,04,05,06
19197,2019-07-23,02,02,06
19198,2019-07-24,02,05,07
19199,2019-07-25,04,06,07
19200,2019-07-26,01,04,07
19201,2019-07-27,02,02,03
19202,2019-07-28,02,03,08
19203,2019-07-29,00,01,03
19204,2019-07-30,02,05,06
19205,2019-07-31,01,07,08
19206,2019-08-01,01,07,09
19207,2019-08-02,01,01,07
19208,2019-08-03,05,07,08
19209,2019-08-04,05,06,08
19210,2019-08-05,03,07,07
19211,2019-08-06,00,05,09
19212,2019-08-07,02,07,07
19213,2019-08-08,02,07,08
19214,2019-08-09,01,02,09
19215,2019-08-10,06,07,08
19216,2019-08-11,05,06,08
19217,2019-08-12,01,02,03
19218,2019-08-13,04,06,09
19219,2019-08-14,02,03,08
19220,2019-08-15,02,03,09
19221,2019-08-16,06,07,09
19222,2019-08-17,00,09,09
19223,2019-08-18,03,04,05
19224,2019-08-19,00,03,09
19225,2019-08-20,01,03,09
19226,2019-08-21,03,06,09
19227,2019-08-22,02,03,08
19228,2019-08-23,07,08,09
19229,2019-08-24,04,08,09
19230,2019-08-25,00,03,06
19231,2019-08-26,03,05,09
19232,2019-08-27,02,07,07
19233,2019-08-28,01,03,05
19234,2019-08-29,02,04,05
19235,2019-08-30,02,02,04
19236,2019-08-31,00,01,02
19237,2019-09-01,00,08,08
19238,2019-09-02,00,01,04
19239,2019-09-03,01,04,09
19240,2019-09-04,04,08,09
19241,2019-09-05,03,05,08
19242,2019-09-06,02,08,09
19243,2019-09-07,01,01,05
19244,2019-09-08,00,00,09
19245,2019-09-09,05,05,09
19246,2019-09-10,02,04,07
19247,2019-09-11,04,08,09
19248,2019-09-12,01,01,03
19249,2019-09-13,02,06,09
19250,2019-09-14,01,01,07
19251,2019-09-15,02,02,07
19252,2019-09-16,01,04,06
19253,2019-09-17,03,06,09
19254,2019-09-18,01,06,08
19255,2019-09-19,02,02,07
19256,2019-09-20,04,04,07
19257,2019-09-21,01,07,08
19258,2019-09-22,01,01,05
19259,2019-09-23,02,03,04
19260,2019-09-24,01,02,06
19261,2019-09-25,05,06,08
19262,2019-09-26,05,07,08
19263,2019-09-27,04,08,09
19264,2019-09-28,06,06,09
19265,2019-09-29,00,05,09
19266,2019-09-30,01,04,06
19267,2019-10-08,00,03,05
19268,2019-10-09,00,01,08
19269,2019-10-10,04,05,08
19270,2019-10-11,00,01,06
19271,2019-10-12,01,05,09
19272,2019-10-13,00,01,04
19273,2019-10-14,02,02,08
19274,2019-10-15,00,01,02
19275,2019-10-16,02,07,08
19276,2019-10-17,01,08,08
19277,2019-10-18,03,07,07
19278,2019-10-19,01,04,09
19279,2019-10-20,01,07,07
19280,2019-10-21,02,04,09
19281,2019-10-22,00,00,05
19282,2019-10-23,02,06,06
19283,2019-10-24,00,04,09
19284,2019-10-25,02,09,09
19285,2019-10-26,00,01,07
19286,2019-10-27,04,07,07
19287,2019-10-28,03,03,07
19288,2019-10-29,07,08,09
19289,2019-10-30,02,04,09
19290,2019-10-31,04,05,08
19291,2019-11-01,06,06,07
19292,2019-11-02,04,06,08
19293,2019-11-03,05,09,09
19294,2019-11-04,05,07,08
19295,2019-11-05,03,03,05
19296,2019-11-06,00,07,08
19297,2019-11-07,02,05,05
19298,2019-11-08,05,05,05
19299,2019-11-09,05,07,08
19300,2019-11-10,03,05,07
19301,2019-11-11,03,07,09
19302,2019-11-12,04,04,07
19303,2019-11-13,06,06,09
19304,2019-11-14,03,06,06
19305,2019-11-15,02,04,08
19306,2019-11-16,04,06,07
19307,2019-11-17,00,02,07
19308,2019-11-18,05,06,07
19309,2019-11-19,03,04,05
19310,2019-11-20,04,05,07
19311,2019-11-21,01,01,04
19312,2019-11-22,05,06,07
19313,2019-11-23,01,02,04
19314,2019-11-24,00,00,02
19315,2019-11-25,01,04,05
19316,2019-11-26,01,04,08
19317,2019-11-27,02,03,04
19318,2019-11-28,01,03,09
19319,2019-11-29,01,03,03
19320,2019-11-30,07,07,08
19321,2019-12-01,03,05,09
19322,2019-12-02,02,07,09
19323,2019-12-03,00,03,08
19324,2019-12-04,03,03,07
19325,2019-12-05,04,04,07
19326,2019-12-06,00,02,09
19327,2019-12-07,00,07,07
19328,2019-12-08,05,06,09
19329,2019-12-09,01,02,04
19330,2019-12-10,03,07,09
19331,2019-12-11,00,06,08
19332,2019-12-12,02,04,05
19333,2019-12-13,03,03,08
19334,2019-12-14,02,07,09
19335,2019-12-15,03,06,09
19336,2019-12-16,02,03,04
19337,2019-12-17,00,04,07
19338,2019-12-18,04,05,07
19339,2019-12-19,00,01,09
19340,2019-12-20,03,03,08
19341,2019-12-21,00,00,03
19342,2019-12-22,01,07,08
19343,2019-12-23,02,05,09
19344,2019-12-24,00,07,08
19345,2019-12-25,04,07,08
19346,2019-12-26,05,08,09
19347,2019-12-27,04,05,09
19348,2019-12-28,00,05,05
19349,2019-12-29,03,03,08
19350,2019-12-30,01,08,08
19351,2019-12-31,07,07,09
20001,2020-01-01,00,02,02
20002,2020-01-02,01,01,06
20003,2020-01-03,03,08,09
20004,2020-01-04,04,08,09
20005,2020-01-05,05,06,09
20006,2020-01-06,00,03,08
20007,2020-01-07,00,03,09
20008,2020-01-08,01,08,08
20009,2020-01-09,00,02,08
20010,2020-01-10,00,01,01
20011,2020-01-11,04,05,09
20012,2020-01-12,01,03,03
20013,2020-01-13,00,01,08
20014,2020-01-14,01,01,06
20015,2020-01-15,02,02,03
20016,2020-01-16,00,02,04
20017,2020-01-17,02,07,08
20018,2020-01-18,05,05,08
20019,2020-01-19,03,07,09
20020,2020-01-20,01,06,06
20021,2020-01-21,04,06,09
20022,2020-03-12,03,04,06
20023,2020-03-13,00,01,06
20024,2020-03-14,01,04,06
20025,2020-03-15,02,04,04
20026,2020-03-16,00,05,07
20027,2020-03-17,02,03,09
20028,2020-03-18,01,03,05
20029,2020-03-19,03,05,09
20030,2020-03-20,01,07,09
20031,2020-03-21,03,07,09
20032,2020-03-22,06,08,08
20033,2020-03-23,06,07,07
20034,2020-03-24,03,04,07
20035,2020-03-25,02,03,08
20036,2020-03-26,00,01,03
20037,2020-03-27,00,01,02
20038,2020-03-28,03,07,09
20039,2020-03-29,04,06,08
20040,2020-03-30,03,08,09
20041,2020-03-31,00,05,07
20042,2020-04-01,02,04,07
20043,2020-04-02,00,00,07
20044,2020-04-03,00,01,02
20045,2020-04-04,00,01,03
20046,2020-04-05,02,03,04
20047,2020-04-06,00,08,09
20048,2020-04-07,04,05,08
20049,2020-04-08,00,01,07
20050,2020-04-09,03,05,09
20051,2020-04-10,03,05,07
20052,2020-04-11,02,02,03
20053,2020-04-12,05,08,08
20054,2020-04-13,00,07,08
20055,2020-04-14,05,06,09
20056,2020-04-15,05,07,08
20057,2020-04-16,00,05,07
20058,2020-04-17,02,02,08
20059,2020-04-18,00,01,09
20060,2020-04-19,00,04,09
20061,2020-04-20,01,02,05
20062,2020-04-21,01,03,08
20063,2020-04-22,01,03,05
20064,2020-04-23,02,03,05
20065,2020-04-24,01,09,09
20066,2020-04-25,02,02,06
20067,2020-04-26,04,07,07
20068,2020-04-27,00,01,04
20069,2020-04-28,07,08,08
20070,2020-04-29,00,04,08
20071,2020-04-30,03,04,08
20072,2020-05-01,00,07,09
20073,2020-05-02,06,06,09
20074,2020-05-03,02,02,04
20075,2020-05-04,05,05,08
20076,2020-05-05,04,06,08
20077,2020-05-06,01,02,03
20078,2020-05-07,03,05,06
20079,2020-05-08,00,01,03
20080,2020-05-09,03,04,08
20081,2020-05-10,02,02,06
20082,2020-05-11,08,08,09
20083,2020-05-12,00,06,09
20084,2020-05-13,05,06,07
20085,2020-05-14,03,05,08
20086,2020-05-15,02,07,09
20087,2020-05-16,03,03,04
20088,2020-05-17,01,05,05
20089,2020-05-18,00,07,08
20090,2020-05-19,05,05,09
20091,2020-05-20,05,09,09
20092,2020-05-21,01,06,06
20093,2020-05-22,00,03,07
20094,2020-05-23,02,03,08
20095,2020-05-24,02,04,05
20096,2020-05-25,01,07,08
20097,2020-05-26,03,05,09
20098,2020-05-27,04,04,09
20099,2020-05-28,07,08,09
20100,2020-05-29,00,04,06
20101,2020-05-30,02,06,07
20102,2020-05-31,07,07,08
20103,2020-06-01,00,04,09
20104,2020-06-02,02,05,09
20105,2020-06-03,05,08,09
20106,2020-06-04,00,04,04
20107,2020-06-05,01,08,09
20108,2020-06-06,02,06,07
20109,2020-06-07,01,03,07
20110,2020-06-08,02,02,08
20111,2020-06-09,05,06,07
20112,2020-06-10,01,02,04
20113,2020-06-11,00,05,07
20114,2020-06-12,00,05,06
20115,2020-06-13,02,05,05
20116,2020-06-14,03,04,09
20117,2020-06-15,03,04,08
20118,2020-06-16,00,02,04
20119,2020-06-17,00,01,06
20120,2020-06-18,02,02,04
20121,2020-06-19,01,07,08
20122,2020-06-20,03,06,09
20123,2020-06-21,02,04,08
20124,2020-06-22,02,06,09
20125,2020-06-23,00,06,06
20126,2020-06-24,04,04,09
20127,2020-06-25,02,03,05
20128,2020-06-26,00,06,08
20129,2020-06-27,00,01,01
20130,2020-06-28,06,08,09
20131,2020-06-29,03,05,08
20132,2020-06-30,07,08,09
20133,2020-07-01,00,07,07
20134,2020-07-02,03,05,07
20135,2020-07-03,00,03,06
20136,2020-07-04,02,05,05
20137,2020-07-05,00,01,02
20138,2020-07-06,00,00,04
20139,2020-07-07,05,06,09
20140,2020-07-08,01,05,05
20141,2020-07-09,03,03,08
20142,2020-07-10,01,03,07
20143,2020-07-11,04,05,08
20144,2020-07-12,00,01,06
20145,2020-07-13,04,06,08
20146,2020-07-14,00,08,08
20147,2020-07-15,00,07,09
20148,2020-07-16,04,06,09
20149,2020-07-17,03,03,04
20150,2020-07-18,03,03,07
20151,2020-07-19,00,00,08
20152,2020-07-20,06,08,09
20153,2020-07-21,00,06,06
20154,2020-07-22,00,01,08
20155,2020-07-23,00,01,02
20156,2020-07-24,00,08,09
20157,2020-07-25,04,06,07
20158,2020-07-26,02,06,06
20159,2020-07-27,01,04,08
20160,2020-07-28,00,02,09
20161,2020-07-29,00,04,07
20162,2020-07-30,02,06,08
20163,2020-07-31,00,02,03
20164,2020-08-01,04,04,08
20165,2020-08-02,00,05,09
20166,2020-08-03,03,03,04
20167,2020-08-04,01,04,08
20168,2020-08-05,06,07,08
20169,2020-08-06,01,02,02
20170,2020-08-07,00,05,06
20171,2020-08-08,02,03,04
20172,2020-08-09,00,03,06
20173,2020-08-10,01,03,07
20174,2020-08-11,02,04,09
20175,2020-08-12,04,04,09
20176,2020-08-13,02,06,09
20177,2020-08-14,01,04,08
20178,2020-08-15,03,03,07
20179,2020-08-16,00,06,09
20180,2020-08-17,01,02,07
20181,2020-08-18,02,03,09
20182,2020-08-19,01,03,09
20183,2020-08-20,06,06,08
20184,2020-08-21,05,05,05
20185,2020-08-22,01,07,09
20186,2020-08-23,04,05,07
20187,2020-08-24,01,03,04
20188,2020-08-25,02,04,09
20189,2020-08-26,01,07,09
20190,2020-08-27,03,03,07
20191,2020-08-28,03,06,09
20192,2020-08-29,04,08,09
20193,2020-08-30,00,03,09
20194,2020-08-31,03,04,06
20195,2020-09-01,03,08,09
20196,2020-09-02,01,04,08
20197,2020-09-03,02,04,09
20198,2020-09-04,01,02,06
20199,2020-09-05,00,07,08
20200,2020-09-06,00,02,03
20201,2020-09-07,01,06,08
20202,2020-09-08,00,02,06
20203,2020-09-09,06,07,07
20204,2020-09-10,00,04,07
20205,2020-09-11,01,06,08
20206,2020-09-12,01,01,06
20207,2020-09-13,03,07,08
20208,2020-09-14,01,01,08
20209,2020-09-15,00,02,07
20210,2020-09-16,02,03,06
20211,2020-09-17,03,04,06
20212,2020-09-18,05,05,09
20213,2020-09-19,03,06,07
20214,2020-09-20,00,06,08
20215,2020-09-21,07,07,09
20216,2020-09-22,02,03,06
20217,2020-09-23,01,07,09
20218,2020-09-24,04,06,08
20219,2020-09-25,00,00,02
20220,2020-09-26,02,03,09
20221,2020-09-27,02,04,04
20222,2020-09-28,02,05,08
20223,2020-09-29,01,02,03
20224,2020-09-30,03,09,09
20225,2020-10-05,00,02,07
20226,2020-10-06,00,00,02
20227,2020-10-07,01,08,08
20228,2020-10-08,00,03,04
20229,2020-10-09,01,01,09
20230,2020-10-10,03,05,07
20231,2020-10-11,01,01,05
20232,2020-10-12,00,05,06
20233,2020-10-13,03,03,09
20234,2020-10-14,00,01,06
20235,2020-10-15,02,04,08
20236,2020-10-16,08,09,09
20237,2020-10-17,02,04,05
20238,2020-10-18,02,05,07
20239,2020-10-19,01,02,08
20240,2020-10-20,01,06,08
20241,2020-10-21,00,04,09
20242,2020-10-22,02,08,08
20243,2020-10-23,00,02,08
20244,2020-10-24,07,08,09
20245,2020-10-25,05,08,09
20246,2020-10-26,02,05,05
20247,2020-10-27,00,08,09
20248,2020-10-28,02,06,09
20249,2020-10-29,00,00,07
20250,2020-10-30,03,08,09
20251,2020-10-31,02,02,05
20252,2020-11-01,01,06,07
20253,2020-11-02,05,08,08
20254,2020-11-03,00,01,02
20255,2020-11-04,00,04,06
20256,2020-11-05,00,02,08
20257,2020-11-06,02,05,08
20258,2020-11-07,04,06,08
20259,2020-11-08,00,02,03
20260,2020-11-09,02,07,08
20261,2020-11-10,03,03,08
20262,2020-11-11,05,06,06
20263,2020-11-12,00,08,09
20264,2020-11-13,00,01,06
20265,2020-11-14,00,07,07
20266,2020-11-15,00,01,01
20267,2020-11-16,02,05,06
20268,2020-11-17,03,05,06
20269,2020-11-18,03,06,09
20270,2020-11-19,01,04,04
20271,2020-11-20,02,09,09
20272,2020-11-21,02,03,04
20273,2020-11-22,01,04,07
20274,2020-11-23,05,05,09
20275,2020-11-24,01,06,07
20276,2020-11-25,04,09,09
20277,2020-11-26,05,06,07
20278,2020-11-27,02,04,07
20279,2020-11-28,02,03,09
20280,2020-11-29,00,01,06
20281,2020-11-30,01,05,09
20282,2020-12-01,02,05,07
20283,2020-12-02,00,05,07
20284,2020-12-03,03,03,07
20285,2020-12-04,01,04,04
20286,2020-12-05,01,05,09
20287,2020-12-06,02,06,07
20288,2020-12-07,03,06,09
20289,2020-12-08,03,05,09
20290,2020-12-09,04,06,08
20291,2020-12-10,04,06,08
20292,2020-12-11,06,07,07
20293,2020-12-12,00,02,03
20294,2020-12-13,00,03,06
20295,2020-12-14,03,08,09
20296,2020-12-15,01,02,05
20297,2020-12-16,04,05,07
20298,2020-12-17,00,02,09
20299,2020-12-18,02,03,03
20300,2020-12-19,01,02,04
20301,2020-12-20,01,04,08
20302,2020-12-21,00,01,08
20303,2020-12-22,00,06,09
20304,2020-12-23,02,06,07
20305,2020-12-24,03,03,07
20306,2020-12-25,03,04,08
20307,2020-12-26,05,06,09
20308,2020-12-27,04,05,07
20309,2020-12-28,02,02,07
20310,2020-12-29,00,03,05
20311,2020-12-30,00,05,08
20312,2020-12-31,01,04,06
21001,2021-01-01,02,03,06
21002,2021-01-02,03,05,05
21003,2021-01-03,00,08,08
21004,2021-01-04,00,01,05
21005,2021-01-05,03,03,06
21006,2021-01-06,00,08,09
21007,2021-01-07,00,01,09
21008,2021-01-08,04,06,07
21009,2021-01-09,01,02,03
21010,2021-01-10,03,04,07
21011,2021-01-11,00,06,09
21012,2021-01-12,00,06,09
21013,2021-01-13,07,08,08
21014,2021-01-14,00,07,09
21015,2021-01-15,05,06,09
21016,2021-01-16,02,02,03
21017,2021-01-17,00,00,01
21018,2021-01-18,04,06,08
21019,2021-01-19,02,02,05
21020,2021-01-20,03,08,09
21021,2021-01-21,02,07,09
21022,2021-01-22,03,06,09
21023,2021-01-23,00,04,08
21024,2021-01-24,02,03,04
21025,2021-01-25,05,08,09
21026,2021-01-26,02,04,06
21027,2021-01-27,00,02,03
21028,2021-01-28,00,07,09
21029,2021-01-29,05,06,08
21030,2021-01-30,02,02,05
21031,2021-01-31,01,04,07
21032,2021-02-01,03,03,07
21033,2021-02-02,02,04,05
21034,2021-02-03,03,04,05
21035,2021-02-04,04,05,06
21036,2021-02-05,05,06,09
21037,2021-02-06,01,01,06
21038,2021-02-07,02,04,09
21039,2021-02-08,05,06,07
21040,2021-02-19,01,03,04
21041,2021-02-20,02,09,09
21042,2021-02-21,05,06,09
21043,2021-02-22,00,04,05
21044,2021-02-23,02,06,09
21045,2021-02-24,02,02,05
21046,2021-02-25,00,04,07
21047,2021-02-26,02,06,06
21048,2021-02-27,04,05,09
21049,2021-02-28,00,03,06
21050,2021-03-01,00,04,06
21051,2021-03-02,00,03,07
21052,2021-03-03,06,08,09
21053,2021-03-04,04,05,09
21054,2021-03-05,01,02,05
21055,2021-03-06,00,06,07
21056,2021-03-07,02,02,06
21057,2021-03-08,02,05,07
21058,2021-03-09,02,07,09
21059,2021-03-10,03,06,06
21060,2021-03-11,05,05,06
21061,2021-03-12,03,06,08
21062,2021-03-13,04,04,06
21063,2021-03-14,03,06,07
21064,2021-03-15,02,06,06
21065,2021-03-16,02,04,06
21066,2021-03-17,02,03,05
21067,2021-03-18,00,01,07
21068,2021-03-19,00,04,05
21069,2021-03-20,01,07,09
21070,2021-03-21,08,08,09
21071,2021-03-22,05,05,06
21072,2021-03-23,02,05,06
21073,2021-03-24,01,03,07
21074,2021-03-25,02,07,09
21075,2021-03-26,00,06,08
21076,2021-03-27,00,01,08
21077,2021-03-28,00,01,07
21078,2021-03-29,06,06,08
21079,2021-03-30,05,09,09
21080,2021-03-31,04,05,06
21081,2021-04-01,01,02,04
21082,2021-04-02,02,02,07
21083,2021-04-03,06,06,07
21084,2021-04-04,03,04,09
21085,2021-04-05,06,09,09
21086,2021-04-06,02,03,06
21087,2021-04-07,06,06,08
21088,2021-04-08,00,03,04
21089,2021-04-09,02,04,05
21090,2021-04-10,06,07,08
21091,2021-04-11,02,04,07
21092,2021-04-12,00,07,08
21093,2021-04-13,01,03,04
21094,2021-04-14,05,06,09
21095,2021-04-15,02,05,09
21096,2021-04-16,03,05,09
21097,2021-04-17,01,06,08
21098,2021-04-18,00,02,03
21099,2021-04-19,01,04,09
21100,2021-04-20,02,06,07
21101,2021-04-21,06,07,08
21102,2021-04-22,01,01,06
21103,2021-04-23,03,03,08
21104,2021-04-24,00,06,09
21105,2021-04-25,03,06,08
21106,2021-04-26,03,03,07
21107,2021-04-27,02,04,06
21108,2021-04-28,03,05,05
21109,2021-04-29,01,02,07
21110,2021-04-30,02,03,04
21111,2021-05-01,03,08,08
21112,2021-05-02,01,04,05
21113,2021-05-03,00,02,03
21114,2021-05-04,01,03,07
21115,2021-05-05,03,04,08
21116,2021-05-06,01,04,04
21117,2021-05-07,02,03,09
21118,2021-05-08,04,06,09
21119,2021-05-09,01,03,06
21120,2021-05-10,06,06,08
21121,2021-05-11,00,00,08
21122,2021-05-12,03,05,08
21123,2021-05-13,02,02,08
21124,2021-05-14,02,04,09
21125,2021-05-15,01,09,09
21126,2021-05-16,01,03,08
21127,2021-05-17,04,04,09
21128,2021-05-18,06,08,09
21129,2021-05-19,03,07,09
21130,2021-05-20,01,02,07
21131,2021-05-21,02,02,03
21132,2021-05-22,01,04,07
21133,2021-05-23,02,03,05
21134,2021-05-24,01,02,06
21135,2021-05-25,00,05,05
21136,2021-05-26,04,06,09
21137,2021-05-27,05,06,08
21138,2021-05-28,02,08,09
21139,2021-05-29,04,06,09
21140,2021-05-30,01,02,03
21141,2021-05-31,00,01,03
21142,2021-06-01,01,07,09
21143,2021-06-02,03,06,08
21144,2021-06-03,00,04,07
21145,2021-06-04,02,04,05
21146,2021-06-05,00,01,09
21147,2021-06-06,02,05,07
21148,2021-06-07,01,02,05
21149,2021-06-08,07,08,08
21150,2021-06-09,00,01,03
21151,2021-06-10,02,06,08
21152,2021-06-11,03,04,08
21153,2021-06-12,03,06,08
21154,2021-06-13,01,05,09
21155,2021-06-14,01,02,07
21156,2021-06-15,02,03,07
21157,2021-06-16,01,02,09
21158,2021-06-17,00,05,09
21159,2021-06-18,02,03,07
21160,2021-06-19,05,08,09
21161,2021-06-20,02,06,07
21162,2021-06-21,03,07,09
21163,2021-06-22,01,01,06
21164,2021-06-23,01,03,07
21165,2021-06-24,00,05,06
21166,2021-06-25,00,01,08
21167,2021-06-26,05,06,06
21168,2021-06-27,04,06,09
21169,2021-06-28,01,01,06
21170,2021-06-29,04,09,09
21171,2021-06-30,04,05,06
21172,2021-07-01,05,07,07
21173,2021-07-02,00,07,09
21174,2021-07-03,02,03,04
21175,2021-07-04,01,01,07
21176,2021-07-05,05,06,08
21177,2021-07-06,00,01,07
21178,2021-07-07,00,00,09
21179,2021-07-08,06,06,08
21180,2021-07-09,00,03,09
21181,2021-07-10,04,05,09
21182,2021-07-11,02,02,09
21183,2021-07-12,00,03,05
21184,2021-07-13,01,01,08
21185,2021-07-14,05,06,09
21186,2021-07-15,01,06,09
21187,2021-07-16,03,05,07
21188,2021-07-17,00,06,08
21189,2021-07-18,00,01,08
21190,2021-07-19,02,04,08
21191,2021-07-20,00,04,09
21192,2021-07-21,00,04,07
21193,2021-07-22,01,05,09
21194,2021-07-23,02,03,05
21195,2021-07-24,00,02,06
21196,2021-07-25,06,06,08
21197,2021-07-26,00,04,06
21198,2021-07-27,01,05,08
21199,2021-07-28,03,04,08
21200,2021-07-29,00,04,09
21201,2021-07-30,02,04,05
21202,2021-07-31,04,08,08
21203,2021-08-01,05,09,09
21204,2021-08-02,00,05,06
21205,2021-08-03,00,02,08
21206,2021-08-04,04,06,09
21207,2021-08-05,00,00,07
21208,2021-08-06,00,02,05
21209,2021-08-07,04,05,06
21210,2021-08-08,02,05,08
21211,2021-08-09,05,06,07
21212,2021-08-10,00,01,02
21213,2021-08-11,00,01,02
21214,2021-08-12,01,02,08
21215,2021-08-13,01,02,07
21216,2021-08-14,04,04,05
21217,2021-08-15,04,05,07
21218,2021-08-16,00,03,05
21219,2021-08-17,02,03,09
21220,2021-08-18,01,02,07
21221,2021-08-19,01,05,08
21222,2021-08-20,00,02,08
21223,2021-08-21,02,03,08
21224,2021-08-22,03,07,09
21225,2021-08-23,02,04,08
21226,2021-08-24,00,05,09
21227,2021-08-25,03,05,07
21228,2021-08-26,02,05,05
21229,2021-08-27,03,05,09
21230,2021-08-28,05,07,07
21231,2021-08-29,02,06,07
21232,2021-08-30,07,07,09
21233,2021-08-31,00,02,02
21234,2021-09-01,01,03,06
21235,2021-09-02,02,03,03
21236,2021-09-03,01,04,07
21237,2021-09-04,00,02,03
21238,2021-09-05,01,03,04
21239,2021-09-06,01,03,09
21240,2021-09-07,00,01,03
21241,2021-09-08,04,08,08
21242,2021-09-09,03,07,09
21243,2021-09-10,00,07,09
21244,2021-09-11,00,01,04
21245,2021-09-12,02,06,09
21246,2021-09-13,00,08,09
21247,2021-09-14,02,05,05
21248,2021-09-15,00,03,08
21249,2021-09-16,00,02,09
21250,2021-09-17,04,04,08
21251,2021-09-18,01,04,09
21252,2021-09-19,05,07,09
21253,2021-09-20,05,06,08
21254,2021-09-21,04,09,09
21255,2021-09-22,01,07,09
21256,2021-09-23,00,03,05
21257,2021-09-24,01,04,09
21258,2021-09-25,01,05,07
21259,2021-09-26,01,01,05
21260,2021-09-27,01,06,08
21261,2021-09-28,01,05,09
21262,2021-09-29,01,04,04
21263,2021-09-30,02,04,04
21264,2021-10-05,05,06,09
21265,2021-10-06,00,05,09
21266,2021-10-07,00,05,05
21267,2021-10-08,00,00,07
21268,2021-10-09,01,03,08
21269,2021-10-10,01,03,04
21270,2021-10-11,01,06,07
21271,2021-10-12,00,03,05
21272,2021-10-13,00,02,08
21273,2021-10-14,01,03,06
21274,2021-10-15,01,02,08
21275,2021-10-16,02,06,07
21276,2021-10-17,00,04,05
21277,2021-10-18,00,00,07
21278,2021-10-19,01,05,07
21279,2021-10-20,01,01,01
21280,2021-10-21,06,08,08
21281,2021-10-22,05,07,09
21282,2021-10-23,00,04,07
21283,2021-10-24,00,06,08
21284,2021-10-25,00,04,05
21285,2021-10-26,00,07,08
21286,2021-10-27,03,05,08
21287,2021-10-28,00,07,07
21288,2021-10-29,05,06,06
21289,2021-10-30,01,02,03
21290,2021-10-31,04,08,09
21291,2021-11-01,00,04,04
21292,2021-11-02,01,02,05
21293,2021-11-03,00,02,04
21294,2021-11-04,04,08,08
21295,2021-11-05,02,03,05
21296,2021-11-06,04,06,08
21297,2021-11-07,01,02,05
21298,2021-11-08,05,08,09
21299,2021-11-09,08,08,08
21300,2021-11-10,00,01,04
21301,2021-11-11,02,02,06
21302,2021-11-12,02,05,09
21303,2021-11-13,01,03,04
21304,2021-11-14,00,00,09
21305,2021-11-15,01,05,06
21306,2021-11-16,02,03,03
21307,2021-11-17,01,03,08
21308,2021-11-18,03,08,08
21309,2021-11-19,04,05,07
21310,2021-11-20,01,04,08
21311,2021-11-21,00,05,08
21312,2021-11-22,00,00,08
21313,2021-11-23,03,05,09
21314,2021-11-24,01,04,09
21315,2021-11-25,04,04,08
21316,2021-11-26,06,08,08
21317,2021-11-27,03,05,05
21318,2021-11-28,01,03,07
21319,2021-11-29,00,06,08
21320,2021-11-30,00,04,09
21321,2021-12-01,07,07,09
21322,2021-12-02,00,01,07
21323,2021-12-03,04,04,05
21324,2021-12-04,01,03,09
21325,2021-12-05,01,02,06
21326,2021-12-06,01,04,06
21327,2021-12-07,02,03,08
21328,2021-12-08,03,03,06
21329,2021-12-09,01,01,03
21330,2021-12-10,00,02,04
21331,2021-12-11,04,09,09
21332,2021-12-12,03,04,09
21333,2021-12-13,00,04,04
21334,2021-12-14,02,07,09
21335,2021-12-15,00,01,01
21336,2021-12-16,04,05,05
21337,2021-12-17,02,02,07
21338,2021-12-18,02,04,04
21339,2021-12-19,01,08,09
21340,2021-12-20,01,02,03
21341,2021-12-21,00,03,07
21342,2021-12-22,06,06,07
21343,2021-12-23,00,08,08
21344,2021-12-24,00,04,06
21345,2021-12-25,00,05,08
21346,2021-12-26,03,03,04
21347,2021-12-27,03,08,09
21348,2021-12-28,01,02,04
21349,2021-12-29,00,02,09
21350,2021-12-30,01,03,05
21351,2021-12-31,02,04,06
22001,2022-01-01,03,07,08
22002,2022-01-02,02,07,08
22003,2022-01-03,05,05,08
22004,2022-01-04,00,09,09
22005,2022-01-05,01,07,08
22006,2022-01-06,03,04,08
22007,2022-01-07,02,03,05
22008,2022-01-08,02,04,08
22009,2022-01-09,05,06,08
22010,2022-01-10,04,06,08
22011,2022-01-11,00,03,07
22012,2022-01-12,00,05,05
22013,2022-01-13,00,06,08
22014,2022-01-14,07,08,08
22015,2022-01-15,03,09,09
22016,2022-01-16,04,07,09
22017,2022-01-17,01,05,05
22018,2022-01-18,02,07,09
22019,2022-01-19,05,05,08
22020,2022-01-20,01,05,05
22021,2022-01-21,02,04,09
22022,2022-01-22,04,07,09
22023,2022-01-23,04,08,09
22024,2022-01-24,00,03,05
22025,2022-01-25,04,07,09
22026,2022-01-26,01,06,08
22027,2022-01-27,02,04,09
22028,2022-01-28,01,06,09
22029,2022-02-08,01,03,04
22030,2022-02-09,00,04,06
22031,2022-02-10,00,05,06
22032,2022-02-11,00,03,07
22033,2022-02-12,03,05,08
22034,2022-02-13,02,02,09
22035,2022-02-14,00,02,04
22036,2022-02-15,00,07,08
22037,2022-02-16,01,03,04
22038,2022-02-17,03,03,09
22039,2022-02-18,04,05,07
22040,2022-02-19,01,05,09
22041,2022-02-20,03,03,05
22042,2022-02-21,00,00,05
22043,2022-02-22,00,06,09
22044,2022-02-23,03,05,08
22045,2022-02-24,02,04,09
22046,2022-02-25,03,07,08
22047,2022-02-26,01,05,08
22048,2022-02-27,01,02,07
22049,2022-02-28,04,07,08
22050,2022-03-01,00,00,07
22051,2022-03-02,04,06,08
22052,2022-03-03,04,06,06
22053,2022-03-04,05,06,06
22054,2022-03-05,02,06,09
22055,2022-03-06,02,07,07
22056,2022-03-07,00,09,09
22057,2022-03-08,01,04,07
22058,2022-03-09,00,04,07
22059,2022-03-10,02,05,09
22060,2022-03-11,00,01,02
22061,2022-03-12,03,03,05
22062,2022-03-13,02,08,09
22063,2022-03-14,03,07,07
22064,2022-03-15,01,05,06
22065,2022-03-16,04,09,09
22066,2022-03-17,00,04,08
22067,2022-03-18,00,01,03
22068,2022-03-19,01,07,07
22069,2022-03-20,05,06,08
22070,2022-03-21,00,02,07
22071,2022-03-22,01,03,07
22072,2022-03-23,03,06,08
22073,2022-03-24,00,00,02
22074,2022-03-25,00,08,09
22075,2022-03-26,01,06,07
22076,2022-03-27,01,01,07
22077,2022-03-28,01,08,09
22078,2022-03-29,02,03,05
22079,2022-03-30,04,05,08
22080,2022-03-31,00,04,05
22081,2022-04-01,01,06,08
22082,2022-04-02,06,07,08
22083,2022-04-03,02,03,08
22084,2022-04-04,04,06,09
22085,2022-04-05,02,07,09
22086,2022-04-06,03,05,09
22087,2022-04-07,01,03,03
22088,2022-04-08,00,07,09
22089,2022-04-09,04,04,08
22090,2022-04-10,05,07,09
22091,2022-04-11,00,08,09
22092,2022-04-12,01,08,08
22093,2022-04-13,05,08,09
22094,2022-04-14,04,08,08
22095,2022-04-15,00,01,04
22096,2022-04-16,02,04,08
22097,2022-04-17,00,06,09
22098,2022-04-18,01,05,09
22099,2022-04-19,04,04,06
22100,2022-04-20,04,04,04
22101,2022-04-21,01,02,04
22102,2022-04-22,03,04,05
22103,2022-04-23,00,04,06
22104,2022-04-24,00,03,08
22105,2022-04-25,02,04,06
22106,2022-04-26,02,05,06
22107,2022-04-27,00,04,06
22108,2022-04-28,01,04,05
22109,2022-04-29,00,02,09
22110,2022-04-30,03,08,09
22111,2022-05-01,05,06,09
22112,2022-05-02,02,06,07
22113,2022-05-03,03,05,06
22114,2022-05-04,07,09,09
22115,2022-05-05,03,06,08
22116,2022-05-06,00,07,07
22117,2022-05-07,04,05,07
22118,2022-05-08,00,04,07
22119,2022-05-09,00,04,06
22120,2022-05-10,03,09,09
22121,2022-05-11,01,02,06
22122,2022-05-12,03,05,07
22123,2022-05-13,01,04,05
22124,2022-05-14,02,02,04
22125,2022-05-15,02,04,06
22126,2022-05-16,02,05,09
22127,2022-05-17,01,01,07
22128,2022-05-18,03,04,08
22129,2022-05-19,00,00,05
22130,2022-05-20,03,05,09
22131,2022-05-21,02,06,06
22132,2022-05-22,02,07,08
22133,2022-05-23,04,05,06
22134,2022-05-24,02,02,09
22135,2022-05-25,00,04,08
22136,2022-05-26,05,06,06
22137,2022-05-27,02,04,04
22138,2022-05-28,02,04,06
22139,2022-05-29,01,03,06
22140,2022-05-30,02,07,07
22141,2022-05-31,05,05,07
22142,2022-06-01,03,05,06
22143,2022-06-02,01,05,08
22144,2022-06-03,00,01,06
22145,2022-06-04,02,07,08
22146,2022-06-05,01,04,09
22147,2022-06-06,01,06,09
22148,2022-06-07,00,04,08
22149,2022-06-08,04,04,06
22150,2022-06-09,07,08,08
22151,2022-06-10,01,01,03
22152,2022-06-11,00,04,04
22153,2022-06-12,01,05,05
22154,2022-06-13,00,04,06
22155,2022-06-14,00,05,07
22156,2022-06-15,07,08,09
22157,2022-06-16,01,04,07
22158,2022-06-17,01,08,09
22159,2022-06-18,00,02,04
22160,2022-06-19,00,04,04
22161,2022-06-20,00,05,07
22162,2022-06-21,00,07,07
22163,2022-06-22,01,07,07
22164,2022-06-23,01,08,09
22165,2022-06-24,04,05,07
22166,2022-06-25,01,04,05
22167,2022-06-26,02,09,09
22168,2022-06-27,03,05,05
22169,2022-06-28,04,06,09
22170,2022-06-29,07,08,09
22171,2022-06-30,02,04,09
22172,2022-07-01,02,03,04
22173,2022-07-02,04,05,06
22174,2022-07-03,02,04,08
22175,2022-07-04,01,01,05
22176,2022-07-05,01,04,06
22177,2022-07-06,02,02,04
22178,2022-07-07,01,02,09
22179,2022-07-08,04,06,09
22180,2022-07-09,01,02,03
22181,2022-07-10,00,01,07
22182,2022-07-11,00,04,06
22183,2022-07-12,01,08,08
22184,2022-07-13,06,06,09
22185,2022-07-14,04,05,05
22186,2022-07-15,01,03,05
22187,2022-07-16,01,07,08
22188,2022-07-17,01,04,08
22189,2022-07-18,02,03,05
22190,2022-07-19,04,07,08
22191,2022-07-20,00,01,02
22192,2022-07-21,01,06,08
22193,2022-07-22,01,02,06
22194,2022-07-23,00,07,08
22195,2022-07-24,01,02,02
22196,2022-07-25,01,02,03
22197,2022-07-26,00,03,09
22198,2022-07-27,00,03,07
22199,2022-07-28,02,03,03
22200,2022-07-29,00,03,03
22201,2022-07-30,01,02,03
22202,2022-07-31,00,02,09
22203,2022-08-01,02,06,09
22204,2022-08-02,06,06,06
22205,2022-08-03,04,06,08
22206,2022-08-04,02,02,02
22207,2022-08-05,04,05,06
22208,2022-08-06,02,03,06
22209,2022-08-07,03,05,06
22210,2022-08-08,00,03,06
22211,2022-08-09,01,02,03
22212,2022-08-10,04,04,06
22213,2022-08-11,02,08,09
22214,2022-08-12,02,02,08
22215,2022-08-13,00,02,06
22216,2022-08-14,02,06,07
22217,2022-08-15,01,04,05
22218,2022-08-16,04,05,07
22219,2022-08-17,02,02,09
22220,2022-08-18,00,03,08
22221,2022-08-19,02,04,06
22222,2022-08-20,01,02,09
22223,2022-08-21,00,05,08
22224,2022-08-22,07,08,09
22225,2022-08-23,01,03,04
22226,2022-08-24,08,09,09
22227,2022-08-25,01,03,06
22228,2022-08-26,04,04,05
22229,2022-08-27,06,06,07
22230,2022-08-28,00,01,09
22231,2022-08-29,04,06,06
22232,2022-08-30,02,04,06
22233,2022-08-31,06,07,08
22234,2022-09-01,07,08,08
22235,2022-09-02,02,04,08
22236,2022-09-03,05,08,08
22237,2022-09-04,06,09,09
22238,2022-09-05,02,02,06
22239,2022-09-06,02,08,09
22240,2022-09-07,01,05,09
22241,2022-09-08,00,03,07
22242,2022-09-09,00,08,09
22243,2022-09-10,04,04,07
22244,2022-09-11,01,02,04
22245,2022-09-12,04,06,08
22246,2022-09-13,02,03,08
22247,2022-09-14,04,04,06
22248,2022-09-15,00,04,09
22249,2022-09-16,00,00,06
22250,2022-09-17,00,01,05
22251,2022-09-18,01,02,04
22252,2022-09-19,01,06,07
22253,2022-09-20,01,06,09
22254,2022-09-21,03,05,07
22255,2022-09-22,03,03,09
22256,2022-09-23,00,04,05
22257,2022-09-24,02,07,09
22258,2022-09-25,01,06,09
22259,2022-09-26,04,04,08
22260,2022-09-27,04,06,09
22261,2022-09-28,00,02,06
22262,2022-09-29,02,03,09
22263,2022-09-30,03,03,05
22264,2022-10-05,06,07,08
22265,2022-10-06,04,04,06
22266,2022-10-07,00,01,02
22267,2022-10-08,03,04,05
22268,2022-10-09,03,04,08
22269,2022-10-10,03,05,07
22270,2022-10-11,02,02,07
22271,2022-10-12,05,06,07
22272,2022-10-13,02,03,09
22273,2022-10-14,04,06,07
22274,2022-10-15,00,05,06
22275,2022-10-16,00,05,09
22276,2022-10-17,01,06,07
22277,2022-10-18,02,04,06
22278,2022-10-19,02,04,09
22279,2022-10-20,04,07,09
22280,2022-10-21,01,03,03
22281,2022-10-22,00,01,01
22282,2022-10-23,06,08,09
22283,2022-10-24,00,02,08
22284,2022-10-25,02,05,07
22285,2022-10-26,03,04,06
22286,2022-10-27,00,08,09
22287,2022-10-28,04,06,07
22288,2022-10-29,01,05,06
22289,2022-10-30,06,07,09
22290,2022-10-31,03,07,08
22291,2022-11-01,03,03,06
22292,2022-11-02,07,07,09
22293,2022-11-03,03,05,08
22294,2022-11-04,06,06,06
22295,2022-11-05,00,06,08
22296,2022-11-06,00,00,09
22297,2022-11-07,01,01,01
22298,2022-11-08,02,07,08
22299,2022-11-09,02,09,09
22300,2022-11-10,00,04,09
22301,2022-11-11,01,01,08
22302,2022-11-12,05,07,08
22303,2022-11-13,03,03,05
22304,2022-11-14,01,04,07
22305,2022-11-15,00,04,08
22306,2022-11-16,05,05,09
22307,2022-11-17,02,03,07
22308,2022-11-18,01,02,06
22309,2022-11-19,00,01,04
22310,2022-11-20,02,05,07
22311,2022-11-21,02,06,08
22312,2022-11-22,01,02,03
22313,2022-11-23,01,06,09
22314,2022-11-24,01,05,07
22315,2022-11-25,02,05,06
22316,2022-11-26,00,02,08
22317,2022-11-27,02,06,08
22318,2022-11-28,00,01,02
22319,2022-11-29,00,06,09
22320,2022-11-30,04,07,07
22321,2022-12-01,01,06,08
22322,2022-12-02,03,03,05
22323,2022-12-03,01,02,07
22324,2022-12-04,04,08,09
22325,2022-12-05,00,06,07
22326,2022-12-06,02,08,09
22327,2022-12-07,02,08,09
22328,2022-12-08,00,02,06
22329,2022-12-09,01,06,07
22330,2022-12-10,01,02,02
22331,2022-12-11,00,08,08
22332,2022-12-12,02,02,04
22333,2022-12-13,01,05,08
22334,2022-12-14,03,03,08
22335,2022-12-15,00,01,04
22336,2022-12-16,03,07,08
22337,2022-12-17,01,02,07
22338,2022-12-18,01,04,06
22339,2022-12-19,02,05,05
22340,2022-12-20,02,07,08
22341,2022-12-21,00,04,08
22342,2022-12-22,03,03,08
22343,2022-12-23,02,03,08
22344,2022-12-24,00,02,09
22345,2022-12-25,00,04,06
22346,2022-12-26,03,05,08
22347,2022-12-27,02,05,09
22348,2022-12-28,03,07,09
22349,2022-12-29,01,04,09
22350,2022-12-30,02,06,08
22351,2022-12-31,00,02,09
23001,2023-01-01,04,05,08
23002,2023-01-02,00,00,07
23003,2023-01-03,00,00,09
23004,2023-01-04,01,03,06
23005,2023-01-05,00,02,04
23006,2023-01-06,05,06,07
23007,2023-01-07,01,03,05
23008,2023-01-08,02,07,09
23009,2023-01-09,01,02,02
23010,2023-01-10,08,08,08
23011,2023-01-11,00,03,08
23012,2023-01-12,00,07,08
23013,2023-01-13,02,02,08
23014,2023-01-14,00,02,02
23015,2023-01-15,00,06,06
23016,2023-01-16,01,04,07
23017,2023-01-17,01,02,07
23018,2023-01-18,02,03,07
23019,2023-01-29,00,07,09
23020,2023-01-30,04,08,08
23021,2023-01-31,01,01,09
23022,2023-02-01,01,01,04
23023,2023-02-02,02,03,04
23024,2023-02-03,00,00,06
23025,2023-02-04,03,05,07
23026,2023-02-05,05,06,06
23027,2023-02-06,03,04,08
23028,2023-02-07,01,02,07
23029,2023-02-08,04,09,09
23030,2023-02-09,04,05,07
23031,2023-02-10,05,07,09
23032,2023-02-11,00,00,09
23033,2023-02-12,06,07,09
23034,2023-02-13,00,01,09
23035,2023-02-14,04,06,09
23036,2023-02-15,05,06,06
23037,2023-02-16,01,07,07
23038,2023-02-17,00,01,09
23039,2023-02-18,03,06,07
23040,2023-02-19,03,03,04
23041,2023-02-20,00,06,08
23042,2023-02-21,01,02,03
23043,2023-02-22,05,06,08
23044,2023-02-23,00,02,08
23045,2023-02-24,05,06,09
23046,2023-02-25,05,08,08
23047,2023-02-26,05,07,08
23048,2023-02-27,01,05,08
23049,2023-02-28,02,08,09
23050,2023-03-01,01,04,07
23051,2023-03-02,00,04,09
23052,2023-03-03,03,03,08
23053,2023-03-04,03,04,06
23054,2023-03-05,03,04,08
23055,2023-03-06,02,08,08
23056,2023-03-07,00,01,08
23057,2023-03-08,04,04,06
23058,2023-03-09,03,06,09
23059,2023-03-10,01,05,08
23060,2023-03-11,02,07,09
23061,2023-03-12,01,01,07
23062,2023-03-13,00,00,06
23063,2023-03-14,03,04,07
23064,2023-03-15,00,05,06
23065,2023-03-16,04,06,08
23066,2023-03-17,00,05,05
23067,2023-03-18,04,05,08
23068,2023-03-19,03,06,06
23069,2023-03-20,02,03,09
23070,2023-03-21,05,06,07
23071,2023-03-22,00,01,07
23072,2023-03-23,04,04,07
23073,2023-03-24,00,01,03
23074,2023-03-25,00,01,07
23075,2023-03-26,03,07,08
23076,2023-03-27,00,03,05
23077,2023-03-28,00,02,09
23078,2023-03-29,01,03,06
23079,2023-03-30,00,01,04
23080,2023-03-31,04,04,08
23081,2023-04-01,07,08,09
23082,2023-04-02,03,07,09
23083,2023-04-03,00,02,04
23084,2023-04-04,00,05,05
23085,2023-04-05,05,05,07
23086,2023-04-06,01,05,09
23087,2023-04-07,02,03,09
23088,2023-04-08,02,02,09
23089,2023-04-09,00,04,09
23090,2023-04-10,05,05,08
23091,2023-04-11,05,07,09
23092,2023-04-12,03,08,08
23093,2023-04-13,03,05,06
23094,2023-04-14,03,03,05
23095,2023-04-15,04,08,08
23096,2023-04-16,03,06,07
23097,2023-04-17,05,06,08
23098,2023-04-18,02,02,03
23099,2023-04-19,01,05,05
23100,2023-04-20,02,03,06
23101,2023-04-21,01,03,05
23102,2023-04-22,00,04,07
23103,2023-04-23,06,07,09
23104,2023-04-24,03,04,06
23105,2023-04-25,00,05,07
23106,2023-04-26,02,02,08
23107,2023-04-27,01,05,09
23108,2023-04-28,04,07,07
23109,2023-04-29,00,03,03
23110,2023-04-30,03,03,04
23111,2023-05-01,05,06,09
23112,2023-05-02,01,02,07
23113,2023-05-03,02,02,04
23114,2023-05-04,00,01,08
23115,2023-05-05,02,05,07
23116,2023-05-06,00,02,09
23117,2023-05-07,03,04,09
23118,2023-05-08,04,06,06
23119,2023-05-09,00,05,06
23120,2023-05-10,00,01,09
23121,2023-05-11,06,06,08
23122,2023-05-12,02,07,08
23123,2023-05-13,05,05,07
23124,2023-05-14,00,01,07
23125,2023-05-15,05,05,08
23126,2023-05-16,04,08,09
23127,2023-05-17,00,01,01
23128,2023-05-18,00,01,08
23129,2023-05-19,03,03,04
23130,2023-05-20,01,02,05
23131,2023-05-21,03,05,08
23132,2023-05-22,00,00,01
23133,2023-05-23,03,04,04
23134,2023-05-24,00,02,02
23135,2023-05-25,04,06,07
23136,2023-05-26,02,09,09
23137,2023-05-27,01,07,09
23138,2023-05-28,00,04,04
23139,2023-05-29,02,04,09
23140,2023-05-30,00,03,09
23141,2023-05-31,03,04,07
23142,2023-06-01,01,06,07
23143,2023-06-02,04,08,08
23144,2023-06-03,03,05,06
23145,2023-06-04,03,08,08
23146,2023-06-05,05,07,08
23147,2023-06-06,03,06,08
23148,2023-06-07,03,03,06
23149,2023-06-08,00,02,05
23150,2023-06-09,00,03,09
23151,2023-06-10,03,03,08
23152,2023-06-11,01,03,08
23153,2023-06-12,00,05,07
23154,2023-06-13,03,03,04
23155,2023-06-14,03,05,08
23156,2023-06-15,01,02,05
23157,2023-06-16,06,07,08
23158,2023-06-17,04,04,07
23159,2023-06-18,01,03,09
23160,2023-06-19,03,03,09
23161,2023-06-20,03,05,06
23162,2023-06-21,00,04,09
23163,2023-06-22,01,02,07
23164,2023-06-23,01,02,05
23165,2023-06-24,01,02,05
23166,2023-06-25,01,02,08
23167,2023-06-26,00,01,09
23168,2023-06-27,03,03,09
23169,2023-06-28,01,02,07
23170,2023-06-29,00,02,08
23171,2023-06-30,02,02,05
23172,2023-07-01,00,07,08
23173,2023-07-02,00,01,03
23174,2023-07-03,02,08,09
23175,2023-07-04,00,02,08
23176,2023-07-05,00,01,07
23177,2023-07-06,00,07,09
23178,2023-07-07,01,01,07
23179,2023-07-08,04,09,09
23180,2023-07-09,06,07,08
23181,2023-07-10,07,07,09
23182,2023-07-11,01,01,02
23183,2023-07-12,00,06,08
23184,2023-07-13,04,06,09
23185,2023-07-14,04,06,08
23186,2023-07-15,00,07,07
23187,2023-07-16,05,06,07
23188,2023-07-17,02,04,08
23189,2023-07-18,00,00,07
23190,2023-07-19,00,00,06
23191,2023-07-20,00,03,06
23192,2023-07-21,01,02,04
23193,2023-07-22,01,04,09
23194,2023-07-23,00,03,03
23195,2023-07-24,03,06,07
23196,2023-07-25,00,00,08
23197,2023-07-26,00,03,07
23198,2023-07-27,00,07,09
23199,2023-07-28,02,03,07
23200,2023-07-29,01,04,05
23201,2023-07-30,03,04,07
23202,2023-07-31,05,07,08
23203,2023-08-01,00,01,04
23204,2023-08-02,00,01,04
23205,2023-08-03,00,07,09
23206,2023-08-04,04,04,08
23207,2023-08-05,01,02,06
23208,2023-08-06,06,06,09
23209,2023-08-07,01,02,07
23210,2023-08-08,03,06,09
23211,2023-08-09,02,07,09
23212,2023-08-10,03,05,08
23213,2023-08-11,00,07,07
23214,2023-08-12,00,01,01
23215,2023-08-13,00,04,08
23216,2023-08-14,01,03,08
23217,2023-08-15,04,07,08
23218,2023-08-16,02,04,09
23219,2023-08-17,03,07,08
23220,2023-08-18,00,03,05
23221,2023-08-19,04,06,09
23222,2023-08-20,07,07,09
23223,2023-08-21,00,04,07
23224,2023-08-22,03,04,07
23225,2023-08-23,01,01,08
23226,2023-08-24,03,05,05
23227,2023-08-25,00,01,09
23228,2023-08-26,03,07,07
23229,2023-08-27,06,07,08
23230,2023-08-28,04,09,09
23231,2023-08-29,03,05,06
23232,2023-08-30,00,06,08
23233,2023-08-31,01,02,04
23234,2023-09-01,00,05,08
23235,2023-09-02,02,04,04
23236,2023-09-03,00,02,07
23237,2023-09-04,07,08,09
23238,2023-09-05,02,05,06
23239,2023-09-06,00,04,04
23240,2023-09-07,00,02,07
23241,2023-09-08,03,05,09
23242,2023-09-09,07,08,09
23243,2023-09-10,06,06,09
23244,2023-09-11,01,03,05
23245,2023-09-12,00,04,08
23246,2023-09-13,02,02,04
23247,2023-09-14,03,07,09
23248,2023-09-15,06,06,09
23249,2023-09-16,00,03,09
23250,2023-09-17,00,01,08
23251,2023-09-18,03,06,07
23252,2023-09-19,01,06,09
23253,2023-09-20,06,08,09
23254,2023-09-21,01,09,09
23255,2023-09-22,00,05,06
23256,2023-09-23,00,04,08
23257,2023-09-24,00,08,09
23258,2023-09-25,01,05,09
23259,2023-09-26,00,08,08
23260,2023-09-27,02,04,07
23261,2023-09-28,00,03,09
23262,2023-09-29,01,07,07
23263,2023-09-30,03,09,09
23264,2023-10-05,02,05,09
23265,2023-10-06,02,02,04
23266,2023-10-07,01,03,03
23267,2023-10-08,04,05,05
23268,2023-10-09,05,07,09
23269,2023-10-10,02,03,04
23270,2023-10-11,03,05,05
23271,2023-10-12,00,06,09
23272,2023-10-13,01,04,09
23273,2023-10-14,01,01,02
23274,2023-10-15,06,06,09
23275,2023-10-16,04,08,09
23276,2023-10-17,00,06,06
23277,2023-10-18,00,02,08
23278,2023-10-19,00,00,07
23279,2023-10-20,01,03,09
23280,2023-10-21,00,01,06
23281,2023-10-22,03,04,04
23282,2023-10-23,00,03,08
23283,2023-10-24,00,02,09
23284,2023-10-25,02,03,08
23285,2023-10-26,01,06,07
23286,2023-10-27,01,01,06
23287,2023-10-28,04,08,09
23288,2023-10-29,01,03,04
23289,2023-10-30,08,09,09
23290,2023-10-31,01,04,05
23291,2023-11-01,00,01,05
23292,2023-11-02,06,08,09
23293,2023-11-03,03,04,04
23294,2023-11-04,06,06,07
23295,2023-11-05,02,08,08
23296,2023-11-06,00,07,08
23297,2023-11-07,01,06,07
23298,2023-11-08,03,05,06
23299,2023-11-09,00,08,08
23300,2023-11-10,02,06,09
23301,2023-11-11,00,01,04
23302,2023-11-12,01,01,06
23303,2023-11-13,02,05,07
23304,2023-11-14,02,07,08
23305,2023-11-15,06,07,09
23306,2023-11-16,00,03,03
23307,2023-11-17,03,06,09
23308,2023-11-18,01,06,09
23309,2023-11-19,02,03,09
23310,2023-11-20,01,04,07
23311,2023-11-21,03,05,08
23312,2023-11-22,02,04,04
23313,2023-11-23,01,04,04
23314,2023-11-24,03,05,05
23315,2023-11-25,04,07,07
23316,2023-11-26,02,03,04
23317,2023-11-27,03,07,09
23318,2023-11-28,00,07,09
23319,2023-11-29,05,06,09
23320,2023-11-30,06,07,09
23321,2023-12-01,01,01,02
23322,2023-12-02,01,04,07
23323,2023-12-03,04,05,09
23324,2023-12-04,00,02,06
23325,2023-12-05,01,07,07
23326,2023-12-06,00,07,09
23327,2023-12-07,01,03,04
23328,2023-12-08,02,08,08
23329,2023-12-09,02,08,09
23330,2023-12-10,01,03,05
23331,2023-12-11,00,02,04
23332,2023-12-12,06,06,07
23333,2023-12-13,08,09,09
23334,2023-12-14,05,07,08
23335,2023-12-15,00,04,07
23336,2023-12-16,01,02,08
23337,2023-12-17,04,06,08
23338,2023-12-18,00,03,08
23339,2023-12-19,02,04,08
23340,2023-12-20,00,08,09
23341,2023-12-21,01,03,04
23342,2023-12-22,07,08,09
23343,2023-12-23,00,03,07
23344,2023-12-24,00,01,08
23345,2023-12-25,06,07,08
23346,2023-12-26,02,05,08
23347,2023-12-27,02,04,07
23348,2023-12-28,05,07,09
23349,2023-12-29,02,03,09
23350,2023-12-30,01,07,09
23351,2023-12-31,01,05,07
24001,2024-01-01,00,03,04
24002,2024-01-02,04,04,05
24003,2024-01-03,06,06,06
24004,2024-01-04,05,06,06
24005,2024-01-05,02,05,09
24006,2024-01-06,02,04,08
24007,2024-01-07,08,08,08
24008,2024-01-08,00,04,05
24009,2024-01-09,01,05,08
24010,2024-01-10,01,02,08
24011,2024-01-11,00,00,08
24012,2024-01-12,00,01,08
24013,2024-01-13,05,08,09
24014,2024-01-14,01,07,08
24015,2024-01-15,04,05,07
24016,2024-01-16,00,02,07
24017,2024-01-17,05,05,05
24018,2024-01-18,05,08,09
24019,2024-01-19,01,03,03
24020,2024-01-20,00,04,06
24021,2024-01-21,00,03,07
24022,2024-01-22,01,02,04
24023,2024-01-23,03,07,09
24024,2024-01-24,01,09,09
24025,2024-01-25,01,03,04
24026,2024-01-26,01,05,07
24027,2024-01-27,00,02,05
24028,2024-01-28,02,05,09
24029,2024-01-29,05,05,07
24030,2024-01-30,01,05,09
24031,2024-01-31,02,06,08
24032,2024-02-01,00,05,08
24033,2024-02-02,03,07,09
24034,2024-02-03,00,01,07
24035,2024-02-04,00,03,06
24036,2024-02-05,04,05,07
24037,2024-02-06,00,01,09
24038,2024-02-07,02,05,09
24039,2024-02-18,00,05,08
24040,2024-02-19,01,04,05
24041,2024-02-20,00,05,09
24042,2024-02-21,02,03,04
24043,2024-02-22,02,06,09
24044,2024-02-23,05,08,08
24045,2024-02-24,05,07,07
24046,2024-02-25,00,02,07
24047,2024-02-26,00,06,07
24048,2024-02-27,03,06,09
24049,2024-02-28,01,03,06
24050,2024-02-29,04,05,09
24051,2024-03-01,04,06,07
24052,2024-03-02,05,09,09
24053,2024-03-03,05,08,09
24054,2024-03-04,01,02,02
24055,2024-03-05,01,03,07
24056,2024-03-06,07,08,08
24057,2024-03-07,05,06,07
24058,2024-03-08,00,05,06
24059,2024-03-09,02,06,09
24060,2024-03-10,03,05,07
24061,2024-03-11,00,02,05
24062,2024-03-12,04,07,08
24063,2024-03-13,01,05,06
24064,2024-03-14,01,02,03
24065,2024-03-15,00,03,09
24066,2024-03-16,00,03,08
24067,2024-03-17,04,05,09
24068,2024-03-18,02,03,09
24069,2024-03-19,01,01,04
24070,2024-03-20,01,08,09
24071,2024-03-21,02,05,08
24072,2024-03-22,01,03,04
24073,2024-03-23,00,05,09
24074,2024-03-24,02,06,09
24075,2024-03-25,02,05,08
24076,2024-03-26,06,08,09
24077,2024-03-27,02,06,06
24078,2024-03-28,01,02,06
24079,2024-03-29,08,08,09
24080,2024-03-30,00,01,02
24081,2024-03-31,02,08,09
24082,2024-04-01,01,05,07
24083,2024-04-02,02,02,03
24084,2024-04-03,04,05,09
24085,2024-04-04,03,04,09
24086,2024-04-05,02,07,08
24087,2024-04-06,01,01,06
24088,2024-04-07,01,08,09
24089,2024-04-08,01,01,07
24090,2024-04-09,00,02,06
24091,2024-04-10,01,06,09
24092,2024-04-11,00,01,05
24093,2024-04-12,03,05,09
24094,2024-04-13,01,02,07
24095,2024-04-14,01,05,07
24096,2024-04-15,03,04,06
24097,2024-04-16,03,06,08
24098,2024-04-17,02,04,07
24099,2024-04-18,00,01,02
24100,2024-04-19,01,05,07
24101,2024-04-20,00,00,03
24102,2024-04-21,01,02,05
24103,2024-04-22,01,05,05
24104,2024-04-23,04,04,07
24105,2024-04-24,00,01,02
24106,2024-04-25,03,03,05
24107,2024-04-26,04,09,09
24108,2024-04-27,02,02,05
24109,2024-04-28,02,03,04
24110,2024-04-29,02,06,09
24111,2024-04-30,03,03,06
24112,2024-05-01,01,02,08
24113,2024-05-02,03,04,05
24114,2024-05-03,04,05,08
24115,2024-05-04,00,02,06
24116,2024-05-05,03,04,08
24117,2024-05-06,01,05,08
24118,2024-05-07,03,03,07
24119,2024-05-08,02,05,05
24120,2024-05-09,02,05,09
24121,2024-05-10,01,05,08
24122,2024-05-11,02,04,06
24123,2024-05-12,03,05,08
24124,2024-05-13,03,05,08
24125,2024-05-14,00,06,07
24126,2024-05-15,03,07,09
24127,2024-05-16,04,04,07
24128,2024-05-17,00,01,07
24129,2024-05-18,02,07,08
24130,2024-05-19,01,02,02
24131,2024-05-20,01,05,07
24132,2024-05-21,00,04,06
24133,2024-05-22,01,02,08
24134,2024-05-23,00,06,06
24135,2024-05-24,01,08,09
24136,2024-05-25,00,02,06
24137,2024-05-26,01,02,08
24138,2024-05-27,07,09,09
24139,2024-05-28,03,05,06
24140,2024-05-29,00,02,05
24141,2024-05-30,00,04,08
24142,2024-05-31,02,04,06
24143,2024-06-01,01,05,08
24144,2024-06-02,01,04,07
24145,2024-06-03,00,02,05
24146,2024-06-04,01,09,09
24147,2024-06-05,05,05,08
24148,2024-06-06,03,03,04
24149,2024-06-07,06,06,07
24150,2024-06-08,01,02,09
24151,2024-06-09,00,00,09
24152,2024-06-10,03,06,09
24153,2024-06-11,03,08,09
24154,2024-06-12,03,08,09
24155,2024-06-13,08,08,09
24156,2024-06-14,01,02,07
24157,2024-06-15,01,01,02
24158,2024-06-16,00,06,06
24159,2024-06-17,00,03,04
24160,2024-06-18,02,04,05
24161,2024-06-19,04,06,09
24162,2024-06-20,00,02,03
24163,2024-06-21,01,04,05
24164,2024-06-22,00,00,06
24165,2024-06-23,02,03,09
24166,2024-06-24,04,07,09
24167,2024-06-25,00,05,07
24168,2024-06-26,01,04,05
24169,2024-06-27,05,07,09
24170,2024-06-28,00,01,03
24171,2024-06-29,00,00,07
24172,2024-06-30,00,00,04
24173,2024-07-01,05,06,08
24174,2024-07-02,01,01,09
24175,2024-07-03,01,05,09
24176,2024-07-04,02,03,09
24177,2024-07-05,05,07,09
24178,2024-07-06,03,06,06
24179,2024-07-07,03,05,05
24180,2024-07-08,01,02,05
24181,2024-07-09,02,03,03
24182,2024-07-10,02,02,08
24183,2024-07-11,00,00,05
24184,2024-07-12,00,03,07
24185,2024-07-13,04,08,08
24186,2024-07-14,03,06,07
24187,2024-07-15,03,08,08
24188,2024-07-16,00,02,04
24189,2024-07-17,03,07,09
24190,2024-07-18,04,04,06
24191,2024-07-19,03,04,09
24192,2024-07-20,00,03,04
24193,2024-07-21,00,00,06
24194,2024-07-22,00,07,08
24195,2024-07-23,01,05,07
24196,2024-07-24,03,05,09
24197,2024-07-25,00,01,05
24198,2024-07-26,00,05,05
24199,2024-07-27,05,05,08
24200,2024-07-28,00,03,08
24201,2024-07-29,01,05,05
24202,2024-07-30,01,07,08
24203,2024-07-31,02,05,09
24204,2024-08-01,00,04,07
24205,2024-08-02,01,02,04
24206,2024-08-03,04,04,06
24207,2024-08-04,02,08,09
24208,2024-08-05,03,07,09
24209,2024-08-06,03,05,05
24210,2024-08-07,02,05,08
24211,2024-08-08,04,06,09
24212,2024-08-09,02,07,07
24213,2024-08-10,03,04,07
24214,2024-08-11,01,04,05
24215,2024-08-12,07,07,08
24216,2024-08-13,04,08,08
24217,2024-08-14,01,01,01
24218,2024-08-15,01,02,09
24219,2024-08-16,01,07,09
24220,2024-08-17,02,04,07
24221,2024-08-18,00,00,05
24222,2024-08-19,03,09,09
24223,2024-08-20,04,05,09
24224,2024-08-21,03,05,08
24225,2024-08-22,05,07,08
24226,2024-08-23,02,02,03
24227,2024-08-24,05,09,09
24228,2024-08-25,02,04,07
24229,2024-08-26,02,06,09
24230,2024-08-27,00,08,08
24231,2024-08-28,06,06,09
24232,2024-08-29,02,07,09
24233,2024-08-30,04,08,09
24234,2024-08-31,02,05,07
24235,2024-09-01,04,05,09
24236,2024-09-02,03,06,07
24237,2024-09-03,03,05,06
24238,2024-09-04,00,03,04
24239,2024-09-05,01,06,08
24240,2024-09-06,01,05,08
24241,2024-09-07,00,03,06
24242,2024-09-08,01,08,08
24243,2024-09-09,01,06,09
24244,2024-09-10,03,06,08
24245,2024-09-11,01,04,08
24246,2024-09-12,01,06,08
24247,2024-09-13,03,04,04
24248,2024-09-14,04,05,09
24249,2024-09-15,01,08,09
24250,2024-09-16,00,06,06
24251,2024-09-17,03,05,06
24252,2024-09-18,00,00,07
24253,2024-09-19,01,04,08
24254,2024-09-20,02,03,04
24255,2024-09-21,01,05,05
24256,2024-09-22,04,05,09
24257,2024-09-23,00,00,08
24258,2024-09-24,00,06,09
24259,2024-09-25,04,04,04
24260,2024-09-26,02,03,05
24261,2024-09-27,01,05,09
24262,2024-09-28,01,02,06
24263,2024-09-29,00,04,04
24264,2024-09-30,03,04,07
24265,2024-10-05,00,01,07
24266,2024-10-06,01,03,04
24267,2024-10-07,01,04,08
24268,2024-10-08,01,03,08
24269,2024-10-09,02,03,04
24270,2024-10-10,00,01,08
24271,2024-10-11,03,05,09
24272,2024-10-12,03,04,06
24273,2024-10-13,01,02,08
24274,2024-10-14,02,04,07
24275,2024-10-15,01,06,08
24276,2024-10-16,00,08,08
24277,2024-10-17,02,03,06
24278,2024-10-18,01,03,04
24279,2024-10-19,06,08,08
24280,2024-10-20,05,08,09
24281,2024-10-21,04,05,06
24282,2024-10-22,00,05,09
24283,2024-10-23,02,05,08
24284,2024-10-24,00,03,04
24285,2024-10-25,03,04,07
24286,2024-10-26,01,05,06
24287,2024-10-27,04,05,09
24288,2024-10-28,00,01,08
24289,2024-10-29,00,00,06
24290,2024-10-30,00,00,04
24291,2024-10-31,00,03,04
24292,2024-11-01,00,00,03
24293,2024-11-02,00,04,04
24294,2024-11-03,00,01,07
24295,2024-11-04,02,05,05
24296,2024-11-05,08,08,09
24297,2024-11-06,00,03,07
24298,2024-11-07,00,06,08
24299,2024-11-08,01,05,08
24300,2024-11-09,03,03,09
24301,2024-11-10,07,07,08
24302,2024-11-11,03,08,09
24303,2024-11-12,00,01,02
24304,2024-11-13,02,04,05
24305,2024-11-14,01,04,08
24306,2024-11-15,00,05,08
24307,2024-11-16,02,05,08
24308,2024-11-17,03,04,08
24309,2024-11-18,03,04,08
24310,2024-11-19,01,07,08
24311,2024-11-20,03,03,05
24312,2024-11-21,01,03,04
24313,2024-11-22,01,04,07
24314,2024-11-23,00,00,08
24315,2024-11-24,00,01,07
24316,2024-11-25,02,03,03
24317,2024-11-26,03,05,05
24318,2024-11-27,02,03,04
24319,2024-11-28,03,07,09
24320,2024-11-29,03,06,08
24321,2024-11-30,00,00,05
24322,2024-12-01,06,07,08
24323,2024-12-02,01,04,09
24324,2024-12-03,00,03,06
24325,2024-12-04,00,02,03
24326,2024-12-05,02,05,07
24327,2024-12-06,01,03,04
24328,2024-12-07,01,02,05
24329,2024-12-08,01,04,07
24330,2024-12-09,01,01,08
24331,2024-12-10,01,02,07
24332,2024-12-11,06,07,09
24333,2024-12-12,04,08,08
24334,2024-12-13,04,06,07
24335,2024-12-14,04,09,09
24336,2024-12-15,02,04,09
24337,2024-12-16,01,02,07
24338,2024-12-17,01,05,05
24339,2024-12-18,01,08,09
24340,2024-12-19,00,01,03
24341,2024-12-20,03,05,06
24342,2024-12-21,00,04,08
24343,2024-12-22,01,04,08
24344,2024-12-23,04,05,06
24345,2024-12-24,00,02,06
24346,2024-12-25,06,07,07
24347,2024-12-26,03,08,09
24348,2024-12-27,01,02,09
24349,2024-12-28,00,07,09
24350,2024-12-29,00,02,02
24351,2024-12-30,07,08,08
24352,2024-12-31,01,06,09
25001,2025-01-01,01,02,03
25002,2025-01-02,00,00,09
25003,2025-01-03,01,06,08
25004,2025-01-04,01,03,05
25005,2025-01-05,01,06,07
25006,2025-01-06,05,06,06
25007,2025-01-07,02,03,06
25008,2025-01-08,01,02,08
25009,2025-01-09,00,06,08
25010,2025-01-10,01,03,04
25011,2025-01-11,00,02,07
25012,2025-01-12,01,04,07
25013,2025-01-13,07,08,09
25014,2025-01-14,00,05,08
25015,2025-01-15,03,08,09
25016,2025-01-16,03,06,09
25017,2025-01-17,05,06,09
25018,2025-01-18,02,02,09
25019,2025-01-19,03,04,07
25020,2025-01-20,01,05,09
25021,2025-01-21,03,04,06
25022,2025-01-22,04,04,08
25023,2025-01-23,07,08,08
25024,2025-01-24,02,02,08
25025,2025-01-25,06,07,07
25026,2025-01-26,03,04,06
25027,2025-02-06,00,04,08
25028,2025-02-07,02,02,08
25029,2025-02-08,04,08,09
25030,2025-02-09,02,07,09
25031,2025-02-10,01,03,05
25032,2025-02-11,02,03,09
25033,2025-02-12,03,04,09
25034,2025-02-13,00,03,09
25035,2025-02-14,04,08,09
25036,2025-02-15,01,02,05
25037,2025-02-16,05,07,08
25038,2025-02-17,03,06,06
25039,2025-02-18,05,08,08
25040,2025-02-19,05,07,08
25041,2025-02-20,01,06,09
25042,2025-02-21,05,06,07
25043,2025-02-22,02,05,05
25044,2025-02-23,00,05,08
25045,2025-02-24,02,02,07
25046,2025-02-25,02,03,07
25047,2025-02-26,00,06,08
25048,2025-02-27,00,05,07
25049,2025-02-28,00,03,07
25050,2025-03-01,00,05,07
25051,2025-03-02,03,07,09
25052,2025-03-03,03,03,07
25053,2025-03-04,08,09,09
25054,2025-03-05,03,04,08
25055,2025-03-06,01,06,09
25056,2025-03-07,01,06,07
25057,2025-03-08,05,06,07
25058,2025-03-09,02,06,07
25059,2025-03-10,01,07,07
25060,2025-03-11,03,07,09
25061,2025-03-12,00,04,09
25062,2025-03-13,02,05,07
25063,2025-03-14,04,06,06
25064,2025-03-15,05,06,06
25065,2025-03-16,00,09,09
25066,2025-03-17,01,04,08
25067,2025-03-18,01,06,07
25068,2025-03-19,05,07,09
25069,2025-03-20,03,04,09
25070,2025-03-21,01,07,07
25071,2025-03-22,02,04,06
25072,2025-03-23,03,05,09
25073,2025-03-24,01,02,03
25074,2025-03-25,01,07,09
25075,2025-03-26,03,04,07
25076,2025-03-27,00,04,07
25077,2025-03-28,02,04,05
25078,2025-03-29,01,01,03
25079,2025-03-30,02,06,09
25080,2025-03-31,03,07,08
25081,2025-04-01,06,06,07
25082,2025-04-02,03,04,04
25083,2025-04-03,03,05,09
25084,2025-04-04,00,03,04
25085,2025-04-05,03,03,05
25086,2025-04-06,03,04,06
25087,2025-04-07,04,05,08
25088,2025-04-08,02,02,02
25089,2025-04-09,00,02,08
25090,2025-04-10,03,09,09
25091,2025-04-11,00,03,08
25092,2025-04-12,01,02,07
25093,2025-04-13,02,03,04
25094,2025-04-14,03,04,05
25095,2025-04-15,02,06,07
25096,2025-04-16,04,08,09
25097,2025-04-17,01,01,07
25098,2025-04-18,01,02,09
25099,2025-04-19,01,04,07
25100,2025-04-20,07,09,09
25101,2025-04-21,01,01,09
25102,2025-04-22,02,03,03
25103,2025-04-23,01,04,07
25104,2025-04-24,01,04,04
25105,2025-04-25,00,04,08
25106,2025-04-26,00,06,07
25107,2025-04-27,02,06,07
25108,2025-04-28,07,07,08
25109,2025-04-29,01,06,09
25110,2025-04-30,01,01,06
25111,2025-05-01,05,08,08
25112,2025-05-02,03,04,08
25113,2025-05-03,00,02,09
25114,2025-05-04,01,02,09
25115,2025-05-05,04,07,08
25116,2025-05-06,00,03,06
25117,2025-05-07,00,01,07
25118,2025-05-08,02,05,05
25119,2025-05-09,00,03,07
25120,2025-05-10,00,01,04
25121,2025-05-11,02,04,04
25122,2025-05-12,00,00,03
25123,2025-05-13,02,04,08
25124,2025-05-14,02,05,07
25125,2025-05-15,02,06,07
25126,2025-05-16,01,04,08
25127,2025-05-17,02,04,09
25128,2025-05-18,00,07,08
25129,2025-05-19,01,08,09
25130,2025-05-20,00,06,08
25131,2025-05-21,03,06,07
25132,2025-05-22,02,05,07
25133,2025-05-23,06,06,08
25134,2025-05-24,00,01,05
25135,2025-05-25,01,06,08
25136,2025-05-26,02,03,04
25137,2025-05-27,01,02,07
25138,2025-05-28,05,08,09
25139,2025-05-29,01,05,05
25140,2025-05-30,02,06,07
25141,2025-05-31,04,05,07
25142,2025-06-01,03,03,04
25143,2025-06-02,04,04,09
25144,2025-06-03,03,08,09
25145,2025-06-04,01,04,07
25146,2025-06-05,02,02,08
25147,2025-06-06,00,02,03
25148,2025-06-07,05,05,07
25149,2025-06-08,02,07,07
25150,2025-06-09,01,02,02
25151,2025-06-10,06,06,08
25152,2025-06-11,04,07,07
25153,2025-06-12,04,08,09
25154,2025-06-13,08,09,09
25155,2025-06-14,00,00,04
25156,2025-06-15,03,06,08
25157,2025-06-16,00,02,05
25158,2025-06-17,02,08,08
25159,2025-06-18,02,04,07
25160,2025-06-19,01,01,07
25161,2025-06-20,02,04,08
25162,2025-06-21,01,03,07
25163,2025-06-22,06,06,07
25164,2025-06-23,01,05,09
25165,2025-06-24,00,01,03
25166,2025-06-25,06,06,09
25167,2025-06-26,02,06,07
25168,2025-06-27,00,02,03
25169,2025-06-28,06,09,09
25170,2025-06-29,00,02,05
25171,2025-06-30,00,01,05
25172,2025-07-01,02,04,07
25173,2025-07-02,03,06,07
25174,2025-07-03,01,01,03
25175,2025-07-04,01,03,04
25176,2025-07-05,04,09,09
25177,2025-07-06,07,07,09
25178,2025-07-07,01,04,07
25179,2025-07-08,02,07,09
25180,2025-07-09,08,08,09
25181,2025-07-10,04,08,09
25182,2025-07-11,01,02,07
25183,2025-07-12,01,07,07
25184,2025-07-13,01,02,02
25185,2025-07-14,00,03,08
25186,2025-07-15,01,04,05
25187,2025-07-16,01,04,06
25188,2025-07-17,02,03,06
25189,2025-07-18,05,05,06
25190,2025-07-19,04,09,09
25191,2025-07-20,06,06,09
25192,2025-07-21,03,06,08
25193,2025-07-22,02,05,06
25194,2025-07-23,00,02,07
25195,2025-07-24,00,01,02
25196,2025-07-25,01,04,09
25197,2025-07-26,06,08,09
25198,2025-07-27,01,07,07
25199,2025-07-28,04,05,08
25200,2025-07-29,01,01,02
25201,2025-07-30,00,01,04
25202,2025-07-31,02,03,05
25203,2025-08-01,03,05,07
25204,2025-08-02,00,03,08
25205,2025-08-03,03,07,08
25206,2025-08-04,00,05,06
25207,2025-08-05,01,04,05
25208,2025-08-06,00,03,09
25209,2025-08-07,01,02,09
25210,2025-08-08,02,02,06
25211,2025-08-09,00,00,05
25212,2025-08-10,02,02,03
25213,2025-08-11,06,08,08
25214,2025-08-12,01,06,07
25215,2025-08-13,05,06,09
25216,2025-08-14,00,01,04
25217,2025-08-15,02,02,04
25218,2025-08-16,00,03,07
25219,2025-08-17,04,07,08
25220,2025-08-18,03,03,05
25221,2025-08-19,01,07,09
25222,2025-08-20,00,06,06
25223,2025-08-21,05,07,09
25224,2025-08-22,00,01,02
25225,2025-08-23,00,00,09
25226,2025-08-24,03,03,07
25227,2025-08-25,03,04,05
25228,2025-08-26,01,04,06
25229,2025-08-27,01,02,03
25230,2025-08-28,01,07,08
25231,2025-08-29,02,05,08
25232,2025-08-30,03,07,09
25233,2025-08-31,01,03,04
25234,2025-09-01,02,02,08
25235,2025-09-02,01,02,03
25236,2025-09-03,01,01,05
25237,2025-09-04,01,03,07
25238,2025-09-05,04,05,07
25239,2025-09-06,00,02,02
25240,2025-09-07,02,06,07
25241,2025-09-08,02,06,08
25242,2025-09-09,02,03,05
25243,2025-09-10,01,02,08
25244,2025-09-11,05,07,08
25245,2025-09-12,04,09,09
25246,2025-09-13,00,02,07
25247,2025-09-14,03,04,06
25248,2025-09-15,03,08,09
25249,2025-09-16,02,03,05
25250,2025-09-17,01,07,08
25251,2025-09-18,05,05,08
25252,2025-09-19,00,01,09
25253,2025-09-20,03,06,09
25254,2025-09-21,02,06,08
25255,2025-09-22,03,05,08
25256,2025-09-23,07,07,09
25257,2025-09-24,01,05,06
25258,2025-09-25,00,03,08
25259,2025-09-26,00,02,04
25260,2025-09-27,01,04,05
25261,2025-09-28,07,07,08
25262,2025-09-29,01,02,05
25263,2025-09-30,01,04,08
25264,2025-10-05,00,02,02
25265,2025-10-06,01,02,08
25266,2025-10-07,02,04,07
25267,2025-10-08,05,06,08
25268,2025-10-09,01,02,03
25269,2025-10-10,05,07,08
25270,2025-10-11,00,01,08
25271,2025-10-12,08,08,09
25272,2025-10-13,06,07,07
25273,2025-10-14,01,04,07
25274,2025-10-15,07,07,08
25275,2025-10-16,00,01,05
25276,2025-10-17,02,08,09
25277,2025-10-18,02,03,04
25278,2025-10-19,02,06,07
25279,2025-10-20,03,05,07
25280,2025-10-21,03,05,09
25281,2025-10-22,00,07,07
25282,2025-10-23,00,06,09
25283,2025-10-24,00,05,07
25284,2025-10-25,02,04,07
25285,2025-10-26,00,05,09
25286,2025-10-27,01,04,06
25287,2025-10-28,00,01,08
25288,2025-10-29,00,04,05
25289,2025-10-30,05,06,08
25290,2025-10-31,01,02,05
25291,2025-11-01,04,08,09
25292,2025-11-02,03,06,07
25293,2025-11-03,00,04,09
25294,2025-11-04,04,09,09
25295,2025-11-05,01,02,04
25296,2025-11-06,00,02,05
25297,2025-11-07,03,04,05
25298,2025-11-08,01,01,04
25299,2025-11-09,00,00,03
25300,2025-11-10,03,04,08
25301,2025-11-11,02,05,08
25302,2025-11-12,00,01,06
25303,2025-11-13,03,04,09
25304,2025-11-14,00,07,09
25305,2025-11-15,04,07,09
25306,2025-11-16,01,07,08
25307,2025-11-17,01,06,08
25308,2025-11-18,02,03,04
25309,2025-11-19,02,05,07
25310,2025-11-20,00,01,06
25311,2025-11-21,01,01,04
25312,2025-11-22,00,01,09
25313,2025-11-23,04,04,05
25314,2025-11-24,00,02,08
25315,2025-11-25,03,07,09
25316,2025-11-26,01,08,09
25317,2025-11-27,05,06,07
25318,2025-11-28,03,04,08
25319,2025-11-29,05,06,08
25320,2025-11-30,02,05,07
25321,2025-12-01,05,06,08
25322,2025-12-02,01,04,08
25323,2025-12-03,06,07,08
25324,2025-12-04,01,03,05
25325,2025-12-05,03,06,08
25326,2025-12-06,00,04,05
25327,2025-12-07,02,08,09
25328,2025-12-08,02,05,08
25329,2025-12-09,00,03,07
25330,2025-12-10,04,05,09
25331,2025-12-11,00,08,09
25332,2025-12-12,03,09,09
25333,2025-12-13,01,06,09
25334,2025-12-14,03,05,08
25335,2025-12-15,02,06,07
25336,2025-12-16,01,02,04
25337,2025-12-17,04,05,05
25338,2025-12-18,01,04,06
25339,2025-12-19,00,00,09
25340,2025-12-20,02,05,05
25341,2025-12-21,01,07,08
25342,2025-12-22,00,07,09
25343,2025-12-23,00,01,02
25344,2025-12-24,04,05,09
25345,2025-12-25,01,03,04
25346,2025-12-26,02,06,08
25347,2025-12-27,05,06,09
25348,2025-12-28,03,03,07
25349,2025-12-29,00,02,03
25350,2025-12-30,03,06,07
25351,2025-12-31,01,06,07
26001,2026-01-01,00,03,08
26002,2026-01-02,06,08,09
26003,2026-01-03,00,06,08
26004,2026-01-04,07,08,08
26005,2026-01-05,00,01,06
26006,2026-01-06,01,07,08
26007,2026-01-07,01,02,06
26008,2026-01-08,00,05,09
26009,2026-01-09,02,04,08
26010,2026-01-10,00,02,09
26011,2026-01-11,00,00,03
26012,2026-01-12,02,02,05
26013,2026-01-13,04,07,07
26014,2026-01-14,03,03,08
26015,2026-01-15,00,02,02
26016,2026-01-16,01,02,05
26017,2026-01-17,01,01,02
26018,2026-01-18,06,08,09
26019,2026-01-19,04,08,08
26020,2026-01-20,00,05,09
26021,2026-01-21,02,03,06
26022,2026-01-22,02,05,05
26023,2026-01-23,04,05,09
26024,2026-01-24,02,06,08
26025,2026-01-25,01,01,08
26026,2026-01-26,01,02,09
26027,2026-01-27,00,04,08
26028,2026-01-28,04,09,09
26029,2026-01-29,01,03,06
26030,2026-01-30,01,01,08
26031,2026-01-31,06,07,08
26032,2026-02-01,00,03,07
26033,2026-02-02,01,01,04
26034,2026-02-03,01,02,06
26035,2026-02-04,01,07,07
26036,2026-02-05,07,08,08
26037,2026-02-06,02,04,07
26038,2026-02-07,07,08,09
26039,2026-02-08,02,05,08
26040,2026-02-09,00,00,09
26041,2026-02-10,03,06,09
26042,2026-02-11,05,07,09
26043,2026-02-12,01,07,09
26044,2026-02-13,00,01,05
26045,2026-02-24,01,04,04
26046,2026-02-25,00,03,07
26047,2026-02-26,00,03,03
26048,2026-02-27,00,07,09
26049,2026-02-28,02,05,09
26050,2026-03-01,03,04,05
26051,2026-03-02,00,04,05
26052,2026-03-03,04,06,09
26053,2026-03-04,04,04,07
26054,2026-03-05,05,05,06
26055,2026-03-06,03,05,07
26056,2026-03-07,01,01,09
26057,2026-03-08,04,07,09
26058,2026-03-09,00,05,09
26059,2026-03-10,00,02,09
26060,2026-03-11,01,01,08
26061,2026-03-12,03,04,07
26062,2026-03-13,01,03,05
26063,2026-03-14,02,03,07
26064,2026-03-15,02,05,08
26065,2026-03-16,01,05,08
26066,2026-03-17,00,07,08
26067,2026-03-18,02,04,08
26068,2026-03-19,00,04,08
26069,2026-03-20,01,01,04
26070,2026-03-21,01,01,03
26071,2026-03-22,01,05,05
26072,2026-03-23,01,01,05
26073,2026-03-24,02,03,05
26074,2026-03-25,00,04,06
26075,2026-03-26,03,04,07
26076,2026-03-27,01,04,09
26077,2026-03-28,00,07,08
26078,2026-03-29,03,04,06
26079,2026-03-30,01,05,09
26080,2026-03-31,00,07,07
26081,2026-04-01,00,06,09
26082,2026-04-02,00,04,08
26083,2026-04-03,00,03,09
26084,2026-04-04,00,00,04
26085,2026-04-05,00,00,02
26086,2026-04-06,03,03,04
26087,2026-04-07,00,00,07
26088,2026-04-08,04,04,07
26089,2026-04-09,01,02,06
26090,2026-04-10,04,05,09
26091,2026-04-11,00,02,02
26092,2026-04-12,01,06,07
26093,2026-04-13,08,09,09
26094,2026-04-14,03,08,09
26095,2026-04-15,05,06,08
26096,2026-04-16,03,04,06
26097,2026-04-17,02,02,06
26098,2026-04-18,04,07,09
26099,2026-04-19,02,04,04
26100,2026-04-20,00,02,07
26101,2026-04-21,00,00,09
26102,2026-04-22,00,04,09
26103,2026-04-23,00,01,09
26104,2026-04-24,06,07,08
26105,2026-04-25,01,02,07
26106,2026-04-26,03,03,04
26107,2026-04-27,01,04,05
26108,2026-04-28,05,06,06
26109,2026-04-29,00,08,08
26110,2026-04-30,03,03,04
26111,2026-05-01,07,07,08
26112,2026-05-02,02,05,06
26113,2026-05-03,02,05,09
26114,2026-05-04,00,01,07
26115,2026-05-05,03,03,03
26116,2026-05-06,01,05,09
26117,2026-05-07,00,01,09
26118,2026-05-08,02,02,07
26119,2026-05-09,02,02,02
26120,2026-05-10,02,06,09
26121,2026-05-11,00,00,04
26122,2026-05-12,04,07,07
26123,2026-05-13,05,05,09
26124,2026-05-14,05,07,08
26125,2026-05-15,06,07,08
26126,2026-05-16,03,05,08
26127,2026-05-17,03,06,09
26128,2026-05-18,01,02,05
26129,2026-05-19,03,06,08
26130,2026-05-20,00,00,07
26131,2026-05-21,06,08,09
26132,2026-05-22,03,04,04
26133,2026-05-23,03,04,05
26134,2026-05-24,01,05,05
26135,2026-05-25,03,09,09
26136,2026-05-26,04,06,06
26137,2026-05-27,04,04,05
26138,2026-05-28,02,03,06
26139,2026-05-29,01,08,09
26140,2026-05-30,01,02,04
26141,2026-05-31,01,02,05
26142,2026-06-01,01,06,09
26143,2026-06-02,04,04,07
26144,2026-06-03,02,04,06
26145,2026-06-04,03,09,09
26146,2026-06-05,01,04,05
26147,2026-06-06,00,05,09
26148,2026-06-07,00,05,06
26149,2026-06-08,02,03,05
26150,2026-06-09,00,03,04
26151,2026-06-10,03,08,09
26152,2026-06-11,01,01,05
26153,2026-06-12,03,08,09
26154,2026-06-13,03,04,07
26155,2026-06-14,04,05,08
26156,2026-06-15,01,04,06
26157,2026-06-16,00,03,08
26158,2026-06-17,01,01,09
26159,2026-06-18,05,05,07
26160,2026-06-19,01,05,05
26161,2026-06-20,02,05,06
26162,2026-06-21,03,06,09
26163,2026-06-22,03,04,06
26164,2026-06-23,01,05,07
26165,2026-06-24,02,04,09
26166,2026-06-25,02,02,09
26167,2026-06-26,00,01,02
26168,2026-06-27,01,02,09
26169,2026-06-28,04,08,08
26170,2026-06-29,01,04,07
26171,2026-06-30,00,04,08
26172,2026-07-01,01,07,07
26173,2026-07-02,02,05,09
26174,2026-07-03,01,05,07
26175,2026-07-04,03,08,08
26176,2026-07-05,04,05,08
26177,2026-07-06,02,06,08
26178,2026-07-07,03,07,08
26179,2026-07-08,03,06,09
26180,2026-07-09,00,00,05
26181,2026-07-10,01,02,04
26182,2026-07-11,01,03,03
26183,2026-07-12,02,03,05
26184,2026-07-13,01,02,04
26185,2026-07-14,05,07,08
26186,2026-07-15,05,06,06
26187,2026-07-16,00,06,08
26188,2026-07-17,00,06,07
26189,2026-07-18,00,05,09
26190,2026-07-19,04,05,05
26191,2026-07-20,00,06,09
26192,2026-07-21,00,03,06
26193,2026-07-22,00,01,08
26194,2026-07-23,00,01,07
