issue,date,red1,red2,red3,red4,red5,red6,blue1
03001,,10,11,12,13,26,28,11
03002,,04,09,19,20,21,26,12
03003,,01,07,10,23,28,32,16
03004,,04,06,07,10,13,25,03
03005,,04,06,15,17,30,31,16
03006,,01,03,10,21,26,27,06
03007,,01,09,19,21,23,26,07
03008,,05,08,09,14,17,23,08
03009,,05,09,18,20,22,30,09
03010,,01,02,08,13,17,24,13
03011,,04,05,11,12,30,32,15
03012,,02,12,16,17,27,30,12
03013,,08,13,17,21,23,32,12
03014,,03,05,07,08,21,31,02
03015,,04,11,19,25,26,32,13
03016,,11,17,28,30,31,33,06
03017,,05,08,18,23,25,31,06
03018,,05,16,19,20,25,28,13
03019,,04,08,12,13,16,33,09
03020,,07,10,25,26,27,32,04
03021,,14,15,18,25,26,30,01
03022,,02,07,11,12,14,32,08
03023,,01,10,20,22,26,31,02
03024,,02,07,15,17,22,30,14
03025,,01,05,11,13,14,27,12
03026,,08,13,15,26,29,31,16
03027,,01,11,14,17,27,28,15
03028,,06,13,16,20,28,32,07
03029,,02,07,15,26,29,32,10
03030,,02,06,13,14,23,27,07
03031,,11,17,20,22,28,32,01
03032,,04,11,25,27,29,30,13
03033,,01,07,14,20,27,30,10
03034,,08,13,14,16,23,25,14
03035,,03,04,05,08,10,11,08
03036,,07,21,24,25,27,28,15
03037,,09,14,17,18,26,32,07
03038,,05,07,08,24,25,27,16
03039,,03,05,23,24,27,32,03
03040,,04,05,06,12,14,23,16
03041,,02,03,17,18,24,25,11
03042,,03,05,07,10,15,20,07
03043,,02,08,10,19,20,32,13
03044,,02,05,09,16,32,33,15
03045,,03,07,14,15,17,32,03
03046,,07,08,10,11,17,26,11
03047,,03,17,26,28,32,33,16
03048,,10,12,20,28,30,31,09
03049,,03,06,07,13,24,25,15
03050,,02,08,17,23,24,26,13
03051,,04,13,15,17,24,27,01
03052,,01,12,13,23,30,31,11
03053,,15,19,20,21,28,29,13
03054,,02,05,09,21,31,33,12
03055,,06,13,16,21,28,31,16
03056,,08,17,21,26,28,29,07
03057,,18,19,24,25,30,31,16
03058,,09,11,16,28,32,33,02
03059,,02,03,05,06,18,30,04
03060,,02,04,06,17,21,28,11
03061,,03,05,20,21,28,32,02
03062,,01,06,12,19,20,32,14
03063,,05,08,09,14,21,33,11
03064,,04,06,08,12,15,30,01
03065,,06,15,16,17,30,33,11
03066,,03,07,08,20,24,32,14
03067,,05,11,12,13,27,31,10
03068,,09,19,25,27,32,33,11
03069,,07,11,16,19,26,28,11
03070,,01,02,04,17,18,19,08
03071,,09,11,12,14,15,33,11
03072,,03,06,08,11,19,27,11
03073,,02,12,14,21,23,30,13
03074,,02,12,19,22,27,32,01
03075,,16,17,19,22,31,33,11
03076,,01,13,16,18,20,29,02
03077,,04,12,16,22,24,25,06
03078,,07,12,23,26,29,30,11
03079,,12,15,22,23,26,31,04
03080,,09,20,24,25,28,30,10
03081,,01,02,14,26,29,30,07
03082,,07,17,18,19,30,31,14
03083,,01,03,14,18,26,28,01
03084,,02,06,07,10,17,33,03
03085,,01,04,11,12,19,27,14
03086,,05,12,16,18,26,30,13
03087,,02,03,04,05,24,28,13
03088,,03,10,21,22,24,33,12
03089,,18,19,21,26,27,33,16
04001,,01,02,03,07,10,25,07
04002,,10,12,18,22,30,31,11
04003,,03,05,06,17,26,33,08
04004,,10,19,22,23,25,29,09
04005,,09,11,13,16,17,18,07
04006,,04,12,18,20,23,32,06
04007,,04,12,17,20,25,28,09
04008,,01,07,10,22,32,33,13
04009,,01,09,10,16,22,24,11
04010,,06,07,08,13,14,19,15
04011,,01,04,13,23,28,30,03
04012,,01,07,27,30,31,33,08
04013,,12,14,21,29,30,32,13
04014,,03,07,11,17,20,26,12
04015,,01,03,05,18,22,23,13
04016,,04,07,08,28,30,32,05
04017,,05,12,14,15,25,31,09
04018,,02,05,06,08,28,30,06
04019,,05,10,11,23,24,32,04
04020,,01,02,09,22,28,31,04
04021,,05,09,11,17,26,27,10
04022,,03,10,14,19,20,30,06
04023,,01,08,14,17,19,30,03
04024,,01,13,21,23,25,32,06
04025,,07,08,10,24,29,33,04
04026,,04,10,14,18,28,32,15
04027,,01,05,09,10,18,32,11
04028,,01,02,03,05,10,22,12
04029,,09,13,20,22,24,32,05
04030,,01,07,09,17,26,31,05
04031,,03,06,19,20,21,24,11
04032,,02,05,08,11,15,31,13
04033,,01,04,08,09,19,20,01
04034,,02,07,13,20,27,30,14
04035,,02,08,26,27,30,32,16
04036,,02,13,17,18,26,30,01
04037,,03,04,11,17,20,26,05
04038,,11,16,17,25,28,29,07
04039,,10,16,18,25,26,29,03
04040,,07,17,19,20,21,29,11
04041,,08,10,17,22,25,29,14
04042,,06,10,13,17,18,21,02
04043,,04,09,10,21,22,24,10
04044,,02,06,07,12,31,32,05
04045,,01,12,18,26,27,28,13
04046,,07,15,16,22,23,32,14
04047,,01,07,08,11,27,31,06
04048,,08,09,11,16,17,29,09
04049,,11,12,14,16,25,29,09
04050,,06,07,19,21,25,29,02
04051,,02,03,09,10,15,29,11
04052,,01,12,14,15,17,29,09
04053,,02,03,04,09,24,25,02
04054,,09,11,14,16,27,28,11
04055,,06,08,19,25,29,32,07
04056,,01,20,21,25,29,30,02
04057,,05,21,23,25,28,32,04
04058,,01,08,11,12,27,31,12
04059,,04,07,11,19,23,26,10
04060,,03,05,11,24,27,28,15
04061,,13,16,19,20,23,33,09
04062,,01,12,25,27,28,29,13
04063,,07,10,13,16,27,28,07
04064,,14,15,18,20,27,31,04
04065,,13,14,27,29,32,33,08
04066,,05,13,20,23,24,25,03
04067,,01,06,07,13,16,32,04
04068,,02,08,11,13,24,31,15
04069,,02,11,15,20,22,29,05
04070,,10,12,21,22,30,33,06
04071,,03,08,16,17,21,29,06
04072,,08,15,18,28,30,33,14
04073,,02,07,13,16,23,28,16
04074,,05,06,15,19,26,29,13
04075,,07,18,21,26,27,28,07
04076,,03,05,13,17,25,31,07
04077,,08,09,10,14,16,26,07
04078,,04,05,10,21,24,26,05
04079,,07,13,14,17,19,30,03
04080,,03,08,20,23,24,26,16
04081,,03,05,21,24,27,32,06
04082,,03,20,24,27,29,30,15
04083,,14,16,27,28,30,33,06
04084,,01,04,08,11,21,25,14
04085,,03,08,11,29,30,32,01
04086,,10,13,18,19,25,27,01
04087,,01,03,07,08,25,26,14
04088,,02,10,19,22,24,32,14
04089,,14,17,20,25,28,30,14
04090,,01,18,20,24,32,33,12
04091,,09,13,14,21,30,33,01
04092,,01,04,08,13,28,31,02
04093,,11,14,20,27,32,33,05
04094,,05,09,10,13,24,25,08
04095,,19,22,27,28,30,32,01
04096,,01,04,12,16,20,30,15
04097,,10,19,20,26,29,31,14
04098,,03,12,13,25,26,31,03
04099,,05,10,21,22,26,33,02
04100,,06,08,09,14,24,33,15
04101,,02,09,14,19,25,26,15
04102,,03,09,12,15,28,32,01
04103,,02,03,05,09,16,21,02
04104,,07,11,17,18,24,29,05
04105,,07,09,10,21,23,30,12
04106,,10,15,23,26,28,29,12
04107,,01,08,12,13,18,20,07
04108,,08,13,14,27,28,31,12
04109,,06,08,10,17,30,31,14
04110,,14,19,20,21,22,31,11
04111,,11,16,18,20,26,31,02
04112,,09,13,15,21,26,33,06
04113,,08,10,23,25,31,32,07
04114,,01,06,09,17,21,22,01
04115,,02,16,20,30,31,33,01
04116,,01,03,05,08,14,33,03
04117,,01,03,07,14,24,25,07
04118,,03,04,07,12,30,31,15
04119,,06,09,18,20,25,33,06
04120,,07,08,18,21,27,32,10
04121,,07,13,16,18,30,32,10
04122,,03,11,14,22,24,31,15
05001,,01,07,08,23,27,28,14
05002,,06,09,20,26,28,33,14
05003,,09,12,15,19,22,31,16
05004,,01,04,08,09,22,23,03
05005,,05,09,20,26,28,33,15
05006,,02,04,05,15,21,31,16
05007,,07,15,17,20,23,33,15
05008,,11,19,22,27,32,33,11
05009,,02,17,22,27,29,31,14
05010,,08,10,11,18,25,26,01
05011,,09,11,13,15,22,30,15
05012,,02,03,06,16,22,31,05
05013,,07,08,16,19,20,24,06
05014,,13,19,21,23,30,32,05
05015,,04,08,09,16,17,29,15
05016,,01,05,06,12,16,30,15
05017,,02,06,10,25,27,31,03
05018,,01,03,06,22,23,25,06
05019,,06,11,12,13,19,22,08
05020,,14,16,19,20,25,29,05
05021,,02,06,24,26,30,31,16
05022,,08,10,12,21,32,33,04
05023,,10,15,19,20,21,25,12
05024,,05,09,14,27,31,32,13
05025,,01,07,10,11,13,32,07
05026,,06,12,14,20,25,26,07
05027,,01,03,04,06,21,32,15
05028,,04,09,22,25,26,32,10
05029,,02,14,21,22,27,30,14
05030,,01,05,09,14,22,28,05
05031,,04,10,16,20,23,32,07
05032,,05,15,19,20,25,29,03
05033,,07,08,12,14,19,20,07
05034,,05,17,18,25,28,32,09
05035,,12,16,21,28,29,30,14
05036,,12,19,20,21,26,31,15
05037,,07,12,14,22,24,32,16
05038,,04,07,11,20,27,28,16
05039,,02,16,18,19,21,29,09
05040,,01,12,21,24,30,32,13
05041,,02,11,16,23,24,29,03
05042,,11,16,21,26,27,30,15
05043,,04,05,06,07,08,32,05
05044,,01,06,16,17,18,22,09
05045,,01,07,10,15,18,20,10
05046,,09,16,18,20,22,24,05
05047,,02,03,05,07,08,27,15
05048,,06,07,08,10,16,28,02
05049,,02,03,08,10,25,27,12
05050,,02,09,12,20,26,32,13
05051,,03,06,14,19,20,21,02
05052,,01,02,14,17,30,32,01
05053,,04,07,10,14,27,29,09
05054,,05,13,17,18,21,29,14
05055,,05,20,22,30,32,33,09
05056,,12,17,19,27,29,31,09
05057,,05,06,10,15,30,31,13
05058,,04,06,10,21,25,26,10
05059,,07,11,14,18,24,29,07
05060,,09,12,21,25,31,33,13
05061,,05,09,14,21,23,24,01
05062,,02,07,11,12,20,23,07
05063,,02,11,13,18,22,30,04
05064,,10,18,23,27,30,32,08
05065,,12,16,17,21,22,23,16
05066,,02,04,10,11,25,28,05
05067,,03,12,16,20,21,26,16
05068,,01,08,10,13,25,33,13
05069,,07,09,21,24,31,33,12
05070,,03,04,08,14,16,26,04
05071,,04,08,12,14,16,22,10
05072,,06,10,19,20,24,33,11
05073,,01,06,08,09,18,20,01
05074,,06,09,18,20,26,29,09
05075,,11,13,14,16,18,31,14
05076,,04,09,11,22,25,28,13
05077,,08,17,22,24,32,33,16
05078,,03,11,15,20,26,32,11
05079,,03,09,20,24,25,28,05
05080,,01,12,14,26,27,32,16
05081,,02,04,10,12,26,30,03
05082,,01,07,11,14,19,20,12
05083,,03,05,09,14,16,30,13
05084,,01,02,07,15,19,20,03
05085,,08,09,13,14,20,22,12
05086,,07,11,12,24,27,29,12
05087,,08,09,15,16,23,26,08
05088,,01,03,07,18,20,24,07
05089,,05,19,20,23,26,31,12
05090,,01,09,21,25,29,32,03
05091,,01,11,12,15,26,27,13
05092,,08,13,19,26,28,31,10
05093,,04,06,17,23,25,29,14
05094,,03,05,09,23,27,33,03
05095,,09,12,18,21,28,29,05
05096,,04,05,17,18,26,33,04
05097,,05,10,23,27,28,30,15
05098,,12,15,19,22,31,33,01
05099,,10,13,16,22,24,31,09
05100,,02,04,09,14,16,31,03
05101,,09,16,19,21,22,24,12
05102,,02,05,06,14,24,31,12
05103,,04,07,16,18,23,30,07
05104,,02,04,21,23,30,33,09
05105,,04,15,23,30,32,33,03
05106,,01,11,13,24,26,31,13
05107,,09,10,20,24,25,26,11
05108,,03,10,12,24,29,30,06
05109,,03,05,13,15,17,31,04
05110,,07,10,16,19,24,25,09
05111,,03,07,15,16,19,29,09
05112,,04,12,22,28,29,30,16
05113,,15,18,20,22,26,27,03
05114,,06,07,10,15,21,27,06
05115,,03,12,18,23,30,33,02
05116,,04,06,08,14,15,30,10
05117,,06,17,22,27,28,32,03
05118,,04,09,12,15,26,31,16
05119,,01,07,11,18,20,22,02
05120,,01,06,13,18,30,32,14
05121,,01,07,20,25,31,32,12
05122,,01,04,07,14,30,32,09
05123,,11,12,13,17,18,25,07
05124,,05,06,10,19,31,33,11
05125,,06,14,18,28,31,32,03
05126,,02,08,13,19,25,26,09
05127,,04,06,11,14,23,25,12
05128,,02,04,14,23,29,33,15
05129,,05,10,14,20,27,33,03
05130,,03,05,09,15,20,25,16
05131,,02,07,10,11,12,24,03
05132,,02,04,10,18,27,29,15
05133,,01,07,14,16,18,25,11
05134,,04,13,14,18,26,30,01
05135,,01,05,13,15,21,25,11
05136,,05,14,16,18,25,27,13
05137,,03,09,15,23,25,33,12
05138,,03,05,06,11,20,22,13
05139,,02,07,20,23,32,33,10
05140,,04,06,07,08,12,17,07
05141,,03,05,08,12,16,19,15
05142,,07,10,12,17,22,29,05
05143,,03,10,15,17,20,32,08
05144,,01,08,14,15,19,27,09
05145,,03,07,08,17,20,28,15
05146,,07,11,19,20,24,28,02
05147,,06,07,15,27,28,30,10
05148,,03,15,17,23,24,29,13
05149,,11,16,21,23,25,32,07
05150,,03,07,10,14,18,20,02
05151,,04,11,12,13,19,30,05
05152,,01,05,12,14,21,27,03
05153,,04,05,07,21,26,29,01
06001,,01,12,15,19,21,28,03
06002,,07,13,16,21,26,28,09
06003,,02,04,05,06,16,20,12
06004,,04,08,17,27,28,31,07
06005,,03,19,20,24,26,27,11
06006,,08,21,22,23,26,32,14
06007,,04,16,18,27,32,33,07
06008,,03,05,09,18,28,32,16
06009,,05,06,08,20,26,30,06
06010,,04,06,12,19,27,29,08
06011,,05,07,08,14,27,31,11
06012,,09,11,13,27,31,33,10
06013,,01,05,06,12,16,21,11
06014,,06,14,26,29,32,33,07
06015,,02,03,09,15,29,32,03
06016,,01,07,13,17,23,30,16
06017,,03,04,08,31,32,33,02
06018,,01,13,14,17,24,26,05
06019,,04,06,13,22,26,32,07
06020,,05,09,21,23,26,29,06
06021,,01,02,05,20,21,22,09
06022,,02,03,04,13,16,27,13
06023,,04,13,14,19,23,28,08
06024,,02,07,09,11,21,27,06
06025,,03,04,17,19,24,32,05
06026,,01,02,18,22,29,32,03
06027,,06,08,11,14,16,27,15
06028,,05,07,14,16,17,27,04
06029,,03,04,07,09,14,19,08
06030,,08,13,15,17,20,32,14
06031,,03,10,12,16,31,32,14
06032,,05,18,20,24,26,31,09
06033,,15,20,22,23,27,31,06
06034,,02,10,15,16,17,33,13
06035,,03,09,13,21,27,29,13
06036,,04,07,10,16,17,21,09
06037,,02,12,23,24,25,32,14
06038,,02,14,17,19,22,30,10
06039,,16,19,22,28,31,32,03
06040,,15,22,25,26,28,33,03
06041,,03,10,16,18,21,28,04
06042,,03,16,23,26,28,31,11
06043,,05,12,13,16,23,32,03
06044,,02,10,18,21,30,31,05
06045,,06,07,10,14,20,21,04
06046,,13,18,23,29,31,32,08
06047,,02,17,20,22,28,32,03
06048,,09,13,19,25,29,32,12
06049,,06,10,12,13,17,20,03
06050,,02,06,12,15,25,31,07
06051,,02,06,07,17,27,30,16
06052,,11,24,26,27,30,32,03
06053,,01,11,17,27,28,31,02
06054,,03,05,07,10,28,30,04
06055,,04,05,28,29,31,33,11
06056,,11,13,15,21,23,25,08
06057,,03,04,17,18,21,31,08
06058,,01,12,22,23,24,25,14
06059,,05,10,15,17,27,29,11
06060,,05,15,19,23,30,32,14
06061,,05,13,17,19,25,30,11
06062,,18,22,23,24,26,30,01
06063,,04,05,15,21,23,24,08
06064,,03,12,14,21,24,28,11
06065,,04,08,17,28,29,30,13
06066,,06,08,11,18,30,33,05
06067,,07,08,11,16,17,24,13
06068,,03,07,10,14,30,33,10
06069,,05,16,20,22,29,30,08
06070,,02,03,11,13,20,27,02
06071,,05,11,12,19,29,31,01
06072,,02,03,05,20,21,24,08
06073,,05,13,16,18,27,29,12
06074,,01,03,15,19,25,33,04
06075,,10,21,22,23,25,33,11
06076,,04,10,17,21,29,32,14
06077,,08,09,12,13,19,33,09
06078,,03,05,17,22,31,33,12
06079,,06,11,13,17,20,32,08
06080,,15,17,20,22,26,29,09
06081,,14,16,18,21,22,32,04
06082,,03,13,15,23,28,29,09
06083,,07,09,18,19,26,29,10
06084,,01,12,17,21,25,28,12
06085,,02,06,18,21,24,25,08
06086,,04,06,10,24,26,31,06
06087,,04,05,08,09,12,30,05
06088,,03,11,20,24,25,26,01
06089,,01,13,16,18,19,22,01
06090,,02,11,15,20,23,29,11
06091,,07,08,12,21,22,24,07
06092,,02,08,11,16,20,21,14
06093,,02,12,16,18,19,23,05
06094,,15,16,17,18,24,33,13
06095,,01,03,17,20,21,29,16
06096,,01,05,09,13,18,33,14
06097,,11,14,15,20,26,27,12
06098,,06,07,10,11,18,23,16
06099,,09,12,18,23,24,27,05
06100,,01,11,18,26,30,32,03
06101,,09,12,20,26,27,28,16
06102,,01,04,13,19,20,24,11
06103,,12,14,15,25,28,31,06
06104,,03,07,22,27,28,31,11
06105,,05,12,14,15,20,31,01
06106,,02,12,14,19,28,33,10
06107,,01,06,08,13,17,30,07
06108,,02,06,08,20,24,30,09
06109,,01,05,17,18,23,26,13
06110,,09,12,14,18,27,33,13
06111,,01,08,11,16,17,22,15
06112,,04,09,13,15,31,33,11
06113,,05,14,17,18,28,33,02
06114,,08,10,14,20,27,29,16
06115,,01,10,20,26,28,29,15
06116,,05,16,21,22,32,33,09
06117,,06,14,20,22,23,26,09
06118,,01,03,07,08,10,30,05
06119,,01,02,14,20,27,30,02
06120,,06,08,14,15,24,33,09
06121,,03,04,06,27,31,33,06
06122,,04,05,06,08,22,24,03
06123,,02,03,20,25,28,32,06
06124,,12,13,14,18,31,32,13
06125,,15,19,23,30,32,33,06
06126,,02,08,13,16,24,33,09
06127,,03,04,11,17,19,30,01
06128,,04,15,21,30,31,33,05
06129,,09,14,18,22,27,29,12
06130,,01,12,21,22,30,32,02
06131,,03,04,09,22,26,33,01
06132,,06,14,22,26,30,33,01
06133,,04,06,20,25,29,31,03
06134,,10,13,18,26,28,30,12
06135,,04,19,21,22,23,31,04
06136,,11,15,17,21,22,24,05
06137,,10,14,17,21,27,31,09
06138,,04,09,11,17,18,26,08
06139,,07,08,14,21,23,25,05
06140,,01,08,11,18,19,23,05
06141,,16,18,22,23,25,31,11
06142,,10,16,19,22,26,27,16
06143,,01,15,20,29,31,32,08
06144,,04,10,13,16,22,29,06
06145,,02,07,23,26,28,31,07
06146,,03,09,13,23,28,30,05
06147,,01,04,15,17,27,31,01
06148,,04,08,12,13,23,29,01
06149,,02,03,05,11,15,32,15
06150,,08,09,12,18,25,27,12
06151,,01,03,04,06,16,22,08
06152,,01,14,20,25,27,31,15
06153,,01,07,11,20,30,33,10
06154,,07,14,18,20,30,33,13
07001,,02,04,09,10,20,26,14
07002,,05,06,14,20,21,22,01
07003,,05,09,11,12,22,27,15
07004,,03,07,10,13,25,33,10
07005,,01,05,06,16,24,30,12
07006,,06,10,14,22,26,27,11
07007,,04,12,15,17,22,32,14
07008,,01,04,05,18,19,25,10
07009,,02,04,14,15,25,27,15
07010,,03,08,14,17,30,32,05
07011,,03,10,15,25,28,33,16
07012,,03,05,07,21,26,28,04
07013,,05,15,18,27,29,32,05
07014,,01,13,16,20,24,26,09
07015,,03,04,08,18,22,30,15
07016,,01,18,20,22,26,33,05
07017,,05,09,10,24,25,32,14
07018,,01,12,18,20,21,26,11
07019,,04,11,16,23,29,31,14
07020,,05,10,16,20,28,31,14
07021,,03,06,09,11,25,31,13
07022,,02,04,07,10,18,27,10
07023,,03,07,13,17,32,33,02
07024,,08,09,17,25,27,32,06
07025,,03,16,18,22,23,26,03
07026,,01,04,14,16,26,29,10
07027,,02,03,09,22,24,27,11
07028,,03,08,13,20,29,30,11
07029,,06,08,09,11,19,21,10
07030,,03,16,21,22,27,30,04
07031,,04,06,10,12,19,31,01
07032,,04,08,16,24,30,32,16
07033,,03,04,11,17,18,28,09
07034,,02,09,12,14,23,25,16
07035,,01,04,08,12,29,31,06
07036,,03,14,21,23,30,31,10
07037,,10,11,16,23,31,33,16
07038,,03,11,14,19,21,30,05
07039,,06,07,19,24,27,29,01
07040,,13,14,15,19,24,30,10
07041,,01,03,09,11,26,31,12
07042,,03,13,16,19,32,33,08
07043,,03,08,10,11,14,30,05
07044,,09,13,20,21,24,32,08
07045,,01,12,18,21,28,30,10
07046,,02,06,07,09,19,26,14
07047,,02,04,16,18,23,30,06
07048,,02,11,12,15,17,28,12
07049,,04,14,18,19,31,33,02
07050,,01,05,08,13,18,25,02
07051,,03,14,16,26,27,33,13
07052,,02,03,07,08,26,29,07
07053,,10,13,16,17,18,27,11
07054,,01,03,16,18,23,28,05
07055,,02,06,11,22,28,29,02
07056,,14,17,21,29,31,32,12
07057,,05,11,18,19,20,21,09
07058,,07,08,10,13,25,27,07
07059,,01,03,04,06,07,29,14
07060,,01,02,08,16,19,29,05
07061,,01,06,07,11,20,23,05
07062,,08,17,20,29,30,33,09
07063,,10,15,17,24,26,28,12
07064,,02,06,09,16,21,23,16
07065,,04,07,19,21,25,31,07
07066,,05,11,16,24,32,33,08
07067,,06,11,13,17,21,23,11
07068,,11,18,19,22,23,28,01
07069,,03,04,11,12,14,32,12
07070,,06,08,15,17,18,30,12
07071,,01,06,14,21,30,31,09
07072,,02,04,08,13,14,33,16
07073,,05,09,11,19,28,31,02
07074,,08,13,15,25,27,28,03
07075,,13,16,17,22,30,32,03
07076,,06,12,15,16,20,31,02
07077,,06,08,14,21,28,29,02
07078,,04,06,07,23,25,32,01
07079,,03,04,14,20,21,25,14
07080,,01,08,16,18,19,29,04
07081,,09,14,15,19,24,33,13
07082,,05,15,17,18,25,32,15
07083,,11,14,18,20,21,26,05
07084,,06,10,12,14,20,27,10
07085,,02,12,17,19,29,30,12
07086,,05,08,14,22,27,29,16
07087,,01,03,04,05,08,21,09
07088,,02,04,10,28,29,33,06
07089,,03,07,08,15,19,28,03
07090,,05,11,13,27,30,31,02
07091,,02,11,17,30,31,32,07
07092,,14,18,22,23,24,33,09
07093,,05,10,13,15,19,29,02
07094,,03,05,18,19,24,32,02
07095,,01,06,08,18,29,32,07
07096,,09,10,20,22,30,32,08
07097,,04,08,13,18,26,30,11
07098,,02,03,05,11,19,20,12
07099,,03,04,14,27,31,33,05
07100,,08,18,27,29,30,32,06
07101,,15,16,18,21,22,30,14
07102,,04,06,08,18,20,33,11
07103,,07,09,25,27,30,32,01
07104,,02,08,12,14,20,32,04
07105,,02,07,10,17,23,29,14
07106,,12,18,21,24,25,29,08
07107,,02,08,09,18,24,28,10
07108,,03,07,12,13,20,33,02
07109,,01,04,07,08,13,14,04
07110,,02,04,07,15,24,28,03
07111,,02,09,10,12,13,17,11
07112,,07,11,14,16,25,32,11
07113,,04,18,23,25,26,31,10
07114,,05,12,15,24,27,33,05
07115,,01,05,10,16,20,26,02
07116,,03,05,07,11,17,27,13
07117,,03,07,09,10,26,32,01
07118,,04,10,16,18,25,32,15
07119,,03,08,11,13,25,31,12
07120,,06,07,11,12,18,25,01
07121,,03,10,21,22,27,28,06
07122,,04,07,19,24,26,32,09
07123,,01,13,15,23,28,32,02
07124,,03,07,13,16,19,32,16
07125,,03,05,18,20,27,33,01
07126,,09,10,19,23,26,31,09
07127,,06,09,13,16,24,28,11
07128,,09,10,19,21,27,31,05
07129,,05,07,20,21,22,30,08
07130,,03,05,09,11,27,31,04
07131,,03,05,07,16,22,27,05
07132,,01,09,16,21,22,23,05
07133,,03,06,07,11,13,33,10
07134,,01,04,10,13,18,25,15
07135,,01,11,16,26,31,33,16
07136,,01,02,18,21,25,29,14
07137,,03,07,08,18,20,22,03
07138,,02,03,15,17,19,25,16
07139,,06,10,12,14,16,22,06
07140,,01,05,16,21,22,26,11
07141,,02,03,04,06,17,31,08
07142,,11,20,25,26,27,30,08
07143,,01,06,22,23,24,26,04
07144,,08,14,23,25,28,32,16
07145,,08,09,11,12,25,31,11
07146,,04,18,22,24,26,30,09
07147,,03,07,18,24,26,27,04
07148,,03,09,16,17,23,28,07
07149,,01,17,19,22,28,30,03
07150,,03,05,11,13,19,24,05
07151,,01,06,10,11,23,25,02
07152,,11,17,21,29,30,33,08
07153,,01,04,19,20,25,31,15
08001,,02,04,07,09,14,29,03
08002,,03,04,18,22,25,29,09
08003,,06,08,11,13,17,19,12
08004,,04,08,22,23,27,29,08
08005,,03,05,15,22,24,25,15
08006,,01,14,16,18,22,27,14
08007,,01,13,17,22,23,30,11
08008,,02,15,16,23,26,27,07
08009,,09,21,29,30,31,32,16
08010,,03,08,11,17,21,27,09
08011,,02,14,17,21,30,32,03
08012,,03,04,05,16,20,30,13
08013,,02,08,15,16,22,28,10
08014,,03,09,11,17,21,31,14
08015,,06,08,11,16,29,33,03
08016,,03,12,14,21,29,33,13
08017,,02,05,07,17,20,22,02
08018,,02,05,06,23,26,33,13
08019,,02,09,11,17,27,31,05
08020,,03,10,13,15,28,30,03
08021,,09,12,19,20,26,28,15
08022,,12,18,20,24,28,32,05
08023,,08,16,18,25,26,32,02
08024,,11,20,21,26,28,30,13
08025,,08,16,17,18,19,21,14
08026,,05,17,19,27,29,32,03
08027,,15,18,19,23,24,26,13
08028,,01,13,21,26,29,32,10
08029,,01,09,14,22,29,32,12
08030,,06,15,18,19,20,28,11
08031,,03,06,11,15,21,31,13
08032,,05,14,16,21,23,28,13
08033,,12,17,18,30,31,33,04
08034,,03,05,09,11,21,29,09
08035,,07,11,14,17,18,29,16
08036,,02,06,13,18,23,28,16
08037,,01,12,22,24,28,31,06
08038,,03,09,10,11,15,19,13
08039,,01,07,10,13,22,29,01
08040,,06,13,22,25,27,28,09
08041,,08,11,20,22,23,27,04
08042,,03,04,09,11,12,24,01
08043,,03,10,16,22,27,33,14
08044,,05,07,09,20,26,29,09
08045,,01,10,13,21,29,32,04
08046,,15,16,18,24,28,33,15
08047,,09,12,13,14,20,22,10
08048,,11,18,21,27,30,32,01
08049,,03,10,12,13,19,25,04
08050,,01,11,19,24,26,27,03
08051,,01,04,08,10,13,33,11
08052,,02,10,17,23,29,31,10
08053,,06,12,19,20,21,27,04
08054,,02,06,16,17,20,25,07
08055,,11,16,19,23,26,31,04
08056,,08,13,22,23,25,30,07
08057,,19,20,21,26,28,30,08
08058,,01,12,21,27,29,31,11
08059,,02,06,15,29,31,32,16
08060,,06,07,08,17,30,32,03
08061,,01,02,05,12,26,31,06
08062,,06,08,13,17,24,27,15
08063,,05,09,11,14,16,17,15
08064,,01,02,07,09,12,18,12
08065,,05,13,15,19,30,31,05
08066,,07,12,21,22,29,30,08
08067,,10,11,15,19,26,33,13
08068,,05,07,17,23,27,29,07
08069,,05,08,17,20,26,30,10
08070,,05,06,12,15,18,33,13
08071,,01,06,21,26,27,28,09
08072,,01,05,10,18,22,30,09
08073,,01,09,13,22,28,33,08
08074,,01,11,15,19,20,24,09
08075,,01,08,14,18,22,30,03
08076,,02,05,07,11,13,18,11
08077,,04,12,22,26,30,33,09
08078,,06,13,16,26,30,33,01
08079,,03,04,05,10,20,32,09
08080,,04,14,22,25,29,32,14
08081,,02,12,13,18,25,31,04
08082,,04,08,10,12,21,26,09
08083,,07,08,09,18,29,32,09
08084,,04,07,13,20,29,30,16
08085,,01,04,12,20,24,29,15
08086,,04,05,10,26,27,30,12
08087,,01,07,26,29,30,31,06
08088,,01,06,08,16,17,23,05
08089,,03,06,11,16,22,27,11
08090,,02,07,14,18,19,24,01
08091,,03,12,14,23,31,32,10
08092,,01,03,18,27,28,30,05
08093,,04,10,12,16,26,28,07
08094,,01,04,15,16,23,28,14
08095,,03,08,14,21,28,29,03
08096,,06,08,12,24,27,31,14
08097,,03,06,08,09,16,17,13
08098,,06,07,10,11,15,30,01
08099,,10,15,16,22,23,24,07
08100,,08,14,17,21,27,28,14
08101,,09,17,21,26,28,30,04
08102,,03,07,12,21,25,32,05
08103,,01,12,16,18,22,33,04
08104,,03,06,08,17,24,31,01
08105,,05,17,19,27,28,32,02
08106,,14,19,25,27,29,30,15
08107,,06,13,18,22,27,32,04
08108,,09,10,15,17,23,30,12
08109,,04,07,09,16,21,28,10
08110,,10,16,22,23,29,31,02
08111,,17,18,21,25,31,32,06
08112,,05,13,14,19,22,23,06
08113,,06,09,10,12,17,22,09
08114,,04,09,20,24,25,31,14
08115,,02,12,13,14,17,18,06
08116,,03,07,21,22,24,29,14
08117,,03,05,07,10,14,33,07
08118,,04,09,16,27,31,33,01
08119,,05,07,09,15,24,29,07
08120,,10,11,22,24,26,33,02
08121,,02,22,23,27,31,32,06
08122,,02,08,11,14,19,26,15
08123,,10,11,15,16,25,29,02
08124,,01,07,10,13,21,22,03
08125,,10,11,12,15,26,29,09
08126,,04,11,12,14,20,30,13
08127,,05,08,19,22,27,30,13
08128,,01,05,19,20,27,33,05
08129,,01,03,18,24,25,32,15
08130,,01,12,18,28,30,32,06
08131,,02,12,15,18,22,32,08
08132,,09,13,16,25,27,33,08
08133,,08,11,16,19,24,26,11
08134,,10,15,19,20,28,32,02
08135,,05,14,15,16,19,21,15
08136,,05,09,10,12,18,28,02
08137,,01,04,24,28,29,33,09
08138,,07,14,19,23,25,32,04
08139,,08,09,19,23,25,26,07
08140,,07,14,16,29,30,31,14
08141,,03,13,20,25,29,33,15
08142,,05,06,10,13,17,28,15
08143,,12,17,18,19,26,27,06
08144,,02,05,10,27,29,33,15
08145,,07,13,18,22,26,29,02
08146,,07,08,17,19,31,32,10
08147,,07,08,14,22,26,33,02
08148,,03,05,09,22,26,28,09
08149,,10,14,22,28,29,33,02
08150,,04,19,22,24,29,32,02
08151,,06,08,10,14,17,19,06
08152,,01,04,06,22,26,30,08
08153,,01,04,18,21,24,30,16
08154,,02,05,07,21,22,26,08
09001,,04,21,23,24,30,31,04
09002,,10,14,17,25,29,33,14
09003,,02,03,06,15,25,30,02
09004,,03,11,13,17,28,31,03
09005,,01,03,08,15,17,21,13
09006,,06,12,18,20,26,33,02
09007,,01,05,12,23,25,26,15
09008,,04,15,16,22,32,33,02
09009,,08,15,21,30,31,33,02
09010,,03,10,17,19,20,24,02
09011,,02,04,13,14,18,23,15
09012,,05,11,14,17,18,28,01
09013,,04,08,09,21,26,27,09
09014,,03,06,09,14,15,18,02
09015,,02,04,06,15,17,32,05
09016,,02,07,13,16,20,33,03
09017,,06,14,15,19,25,26,08
09018,,02,05,06,19,27,30,15
09019,,06,17,19,20,26,27,04
09020,,03,05,07,10,19,23,13
09021,,01,04,05,17,24,27,09
09022,,05,08,09,10,11,18,08
09023,,01,06,07,15,24,30,08
09024,,01,03,17,23,30,33,12
09025,,10,20,22,23,26,33,11
09026,,11,15,17,18,20,30,16
09027,,02,07,11,16,27,32,06
09028,,03,06,12,15,23,26,10
09029,,12,13,15,22,23,29,13
09030,,08,14,24,26,28,32,07
09031,,01,02,03,15,30,33,01
09032,,09,11,12,19,27,32,06
09033,,07,08,13,14,29,30,06
09034,,09,12,18,21,22,26,07
09035,,06,15,21,26,29,31,05
09036,,06,09,18,23,32,33,07
09037,,02,06,15,18,20,31,03
09038,,12,13,15,23,28,32,05
09039,,05,12,14,15,21,27,03
09040,,04,07,10,20,26,30,12
09041,,01,08,23,26,28,33,08
09042,,08,16,22,23,27,30,11
09043,,04,09,10,15,18,26,07
09044,,11,14,16,18,26,30,01
09045,,03,04,06,23,30,32,01
09046,,16,20,21,26,29,30,09
09047,,06,08,11,15,21,22,16
09048,,03,07,11,15,17,31,01
09049,,09,12,14,20,30,31,06
09050,,13,21,24,29,30,32,04
09051,,06,10,13,16,21,23,07
09052,,09,11,15,19,21,30,08
09053,,07,12,18,19,22,28,04
09054,,16,17,23,26,31,32,11
09055,,03,04,18,22,24,29,11
09056,,04,09,10,18,29,32,08
09057,,05,07,10,14,17,25,11
09058,,05,08,10,15,23,26,09
09059,,03,07,13,23,27,30,11
09060,,07,13,17,26,32,33,04
09061,,10,11,13,16,19,30,03
09062,,10,19,20,21,23,32,10
09063,,02,05,11,26,30,32,16
09064,,01,02,14,23,28,29,15
09065,,08,12,20,22,30,33,02
09066,,02,15,19,24,31,32,04
09067,,04,10,16,23,28,30,05
09068,,06,11,18,20,25,30,05
09069,,03,05,12,18,21,23,02
09070,,01,02,09,10,21,31,10
09071,,04,05,23,26,31,32,06
09072,,01,03,12,20,21,29,04
09073,,09,16,17,18,22,27,14
09074,,05,10,16,19,23,28,13
09075,,01,13,15,17,20,30,05
09076,,09,18,19,25,28,31,06
09077,,01,09,14,16,28,32,16
09078,,05,07,12,14,15,20,13
09079,,02,09,16,21,30,31,13
09080,,01,11,13,25,32,33,06
09081,,04,05,06,25,29,30,03
09082,,11,15,18,21,27,29,02
09083,,02,08,12,18,24,28,04
09084,,04,09,11,20,32,33,13
09085,,04,08,12,17,20,30,03
09086,,11,12,13,18,23,32,11
09087,,06,11,13,20,28,32,06
09088,,04,07,11,15,16,17,02
09089,,02,03,07,11,19,32,04
09090,,07,09,14,20,23,30,14
09091,,03,08,11,14,25,29,04
09092,,02,06,07,14,18,31,08
09093,,01,11,20,31,32,33,01
09094,,03,16,22,25,26,33,14
09095,,08,09,14,28,31,33,15
09096,,01,26,27,31,32,33,03
09097,,07,13,24,26,28,32,14
09098,,03,14,15,20,23,30,02
09099,,08,09,18,20,25,29,09
09100,,02,11,17,27,30,33,11
09101,,01,02,05,10,19,24,14
09102,,03,05,07,08,14,31,10
09103,,06,11,17,20,23,24,09
09104,,20,22,26,29,30,32,16
09105,,02,08,10,16,27,30,15
09106,,01,02,15,18,20,29,04
09107,,07,08,20,23,28,29,05
09108,,04,10,17,28,32,33,02
09109,,05,06,07,14,25,28,01
09110,,04,10,13,15,19,30,14
09111,,02,04,07,14,15,25,15
09112,,06,07,18,24,30,32,09
09113,,04,12,20,25,28,29,16
09114,,03,05,11,12,31,32,11
09115,,02,09,13,15,19,24,03
09116,,05,17,21,25,27,32,14
09117,,05,09,15,21,26,31,13
09118,,12,16,25,26,27,31,05
09119,,06,07,10,12,15,21,05
09120,,01,02,08,12,16,30,16
09121,,02,04,06,10,25,30,09
09122,,07,14,16,27,29,32,01
09123,,09,13,20,22,25,28,14
09124,,03,04,22,23,28,30,10
09125,,06,07,08,22,26,27,12
09126,,03,05,06,10,19,23,15
09127,,02,11,12,14,15,16,04
09128,,05,08,15,16,26,32,01
09129,,06,07,16,17,24,25,07
09130,,02,03,07,12,13,30,11
09131,,16,23,25,26,32,33,05
09132,,04,14,15,21,23,30,07
09133,,05,09,13,18,20,32,01
09134,,03,05,12,15,28,33,06
09135,,01,03,14,19,30,33,16
09136,,01,04,14,22,30,33,01
09137,,08,12,14,15,17,21,01
09138,,04,07,14,26,32,33,14
09139,,01,05,15,17,27,29,02
09140,,04,05,11,18,22,33,12
09141,,02,13,21,28,29,31,09
09142,,07,11,15,19,20,24,13
09143,,05,09,11,17,23,28,10
09144,,01,05,10,17,18,29,12
09145,,03,05,11,15,26,33,11
09146,,03,09,16,20,22,33,15
09147,,06,08,10,18,22,32,16
09148,,06,12,15,22,29,32,10
09149,,01,03,16,18,22,29,04
09150,,04,06,07,16,19,20,04
09151,,06,08,10,16,25,30,14
09152,,03,04,19,21,27,28,05
09153,,06,07,08,20,21,25,10
09154,,01,07,12,14,18,25,16
10001,,07,17,18,27,29,32,13
10002,,03,06,07,23,30,33,13
10003,,14,22,26,27,28,31,04
10004,,01,12,13,16,23,28,07
10005,,03,05,06,08,17,18,14
10006,,03,05,07,13,14,18,05
10007,,14,22,27,28,30,33,14
10008,,05,07,13,15,18,30,14
10009,,01,09,13,21,24,32,06
10010,,07,08,12,15,22,26,08
10011,,07,08,14,22,24,30,07
10012,,02,08,13,14,25,33,10
10013,,01,02,03,16,18,23,12
10014,,01,03,07,14,26,28,02
10015,,01,04,16,21,23,28,06
10016,,02,08,10,12,30,33,16
10017,,01,03,06,11,12,23,11
10018,,11,28,29,30,32,33,02
10019,,02,10,22,24,26,27,06
10020,,05,06,14,22,24,26,09
10021,,02,09,16,17,19,25,04
10022,,01,02,18,29,31,32,02
10023,,02,09,11,22,24,27,11
10024,,07,16,26,27,29,31,14
10025,,04,05,07,10,13,25,11
10026,,02,04,05,08,19,22,12
10027,,03,04,15,25,26,30,13
10028,,01,03,06,12,16,32,12
10029,,01,05,14,16,17,22,03
10030,,03,06,10,16,25,31,05
10031,,05,07,13,24,25,28,04
10032,,08,18,21,28,29,33,08
10033,,08,10,11,12,25,29,09
10034,,06,11,13,22,25,32,12
10035,,09,10,11,18,19,21,10
10036,,06,13,14,28,29,30,08
10037,,03,16,19,21,24,26,06
10038,,01,06,07,11,13,16,01
10039,,08,17,21,23,25,32,12
10040,,12,19,24,25,30,32,11
10041,,03,05,13,19,25,29,12
10042,,03,06,11,20,31,32,10
10043,,04,10,19,22,28,33,04
10044,,03,09,21,23,27,31,05
10045,,02,03,04,13,20,29,01
10046,,11,12,21,23,27,32,05
10047,,03,10,13,20,21,32,15
10048,,01,06,08,10,23,33,02
10049,,01,06,10,26,27,28,02
10050,,07,21,22,26,28,30,11
10051,,04,17,23,27,28,32,03
10052,,01,02,19,23,27,29,10
10053,,03,22,24,27,28,30,14
10054,,01,06,08,12,14,25,06
10055,,02,03,13,19,20,23,08
10056,,01,02,03,08,13,32,07
10057,,05,11,12,19,25,32,05
10058,,01,04,11,17,19,29,12
10059,,01,09,11,12,18,30,10
10060,,01,08,15,18,22,27,09
10061,,02,04,16,19,22,26,12
10062,,11,13,15,20,31,33,03
10063,,02,06,10,17,23,24,03
10064,,08,14,25,26,30,31,11
10065,,02,07,08,17,30,32,12
10066,,01,03,21,22,31,32,07
10067,,01,07,10,14,21,25,01
10068,,03,13,18,20,23,28,13
10069,,12,14,20,22,24,32,11
10070,,08,13,23,27,31,33,07
10071,,05,13,14,17,20,26,01
10072,,06,08,22,23,30,31,01
10073,,01,16,20,23,27,31,02
10074,,02,10,17,18,19,29,15
10075,,05,09,12,13,15,22,14
10076,,01,12,14,29,31,32,15
10077,,02,08,14,20,21,24,09
10078,,01,03,09,11,17,23,12
10079,,08,11,12,14,18,22,02
10080,,08,10,13,14,16,23,16
10081,,02,03,09,24,26,27,05
10082,,01,08,13,14,27,31,02
10083,,02,20,21,22,23,31,12
10084,,02,10,14,18,20,30,03
10085,,01,08,12,13,24,27,08
10086,,05,21,28,29,30,31,08
10087,,01,08,16,17,25,30,10
10088,,05,06,15,23,27,30,12
10089,,07,08,09,16,23,26,01
10090,,01,06,10,15,25,31,14
10091,,06,13,16,20,22,24,16
10092,,03,13,19,27,28,30,02
10093,,09,10,19,28,32,33,06
10094,,03,05,07,27,31,32,10
10095,,09,11,16,17,25,27,14
10096,,07,12,21,23,24,28,03
10097,,10,16,18,21,24,26,01
10098,,01,03,08,16,29,33,07
10099,,03,04,17,24,27,30,06
10100,,01,06,12,22,23,26,08
10101,,04,09,18,21,25,26,06
10102,,04,11,16,20,22,29,10
10103,,06,09,14,17,20,33,09
10104,,07,17,23,24,27,32,02
10105,,01,08,09,19,21,31,11
10106,,02,06,08,15,26,29,16
10107,,08,12,15,17,22,33,16
10108,,02,04,08,20,23,24,07
10109,,04,15,18,25,29,32,15
10110,,01,03,12,24,26,27,01
10111,,04,07,08,13,17,18,10
10112,,01,08,18,24,29,30,16
10113,,05,10,15,18,20,28,10
10114,,01,08,11,15,17,25,01
10115,,01,22,24,25,29,33,15
10116,,05,09,10,20,22,26,07
10117,,01,08,20,22,24,28,01
10118,,05,08,11,13,15,25,05
10119,,07,17,25,27,30,31,09
10120,,01,02,05,06,10,29,16
10121,,08,11,13,18,25,30,15
10122,,02,09,12,16,25,27,06
10123,,06,12,15,18,29,32,10
10124,,02,06,08,11,12,25,02
10125,,06,07,13,23,28,29,09
10126,,03,13,18,20,27,28,05
10127,,01,04,08,17,25,33,01
10128,,04,11,19,20,24,28,12
10129,,04,08,14,25,28,32,16
10130,,01,02,07,15,21,31,16
10131,,05,06,15,16,19,26,06
10132,,02,10,12,18,24,33,15
10133,,03,09,17,21,26,32,01
10134,,09,15,16,22,27,28,06
10135,,04,10,13,25,26,30,10
10136,,04,10,23,24,26,33,10
10137,,07,09,10,13,19,33,06
10138,,01,21,23,24,26,30,05
10139,,11,13,18,20,26,31,09
10140,,01,12,13,18,26,29,15
10141,,02,03,07,18,23,27,06
10142,,02,16,18,23,26,27,10
10143,,09,16,18,26,30,31,14
10144,,02,03,08,15,19,21,11
10145,,03,21,24,27,28,31,08
10146,,01,17,18,22,25,32,01
10147,,02,08,15,18,24,30,03
10148,,01,03,07,18,23,27,12
10149,,02,07,08,16,25,30,09
10150,,02,17,18,23,29,30,06
10151,,02,13,14,17,19,26,14
10152,,04,09,17,21,25,31,01
10153,,03,06,12,19,30,31,13
11001,,03,09,20,24,26,32,10
11002,,06,08,12,17,28,33,05
11003,,13,14,21,22,23,27,04
11004,,04,06,08,10,13,26,05
11005,,06,09,12,14,20,22,13
11006,,01,03,05,13,16,18,05
11007,,01,09,17,24,26,31,05
11008,,10,12,13,17,24,31,15
11009,,17,18,23,24,25,26,04
11010,,01,04,05,09,15,19,13
11011,,01,12,18,19,21,24,10
11012,,07,08,11,13,15,26,13
11013,,01,03,13,16,21,22,08
11014,,05,07,10,11,23,26,16
11015,,03,06,13,26,27,29,07
11016,,03,04,16,17,22,29,13
11017,,02,06,15,23,26,33,08
11018,,13,15,18,28,30,33,01
11019,,02,04,12,19,32,33,16
11020,,12,16,17,19,24,30,05
11021,,01,02,14,18,25,31,08
11022,,02,07,14,16,17,21,05
11023,,02,03,06,21,22,25,05
11024,,05,07,10,19,26,31,14
11025,,08,25,26,31,32,33,09
11026,,07,08,17,19,21,26,12
11027,,13,18,21,22,25,26,01
11028,,01,04,05,14,16,17,01
11029,,01,04,09,10,20,31,07
11030,,02,09,19,24,25,33,10
11031,,16,17,24,28,29,32,12
11032,,03,05,07,13,14,15,15
11033,,02,08,12,13,19,29,04
11034,,13,14,17,19,24,31,08
11035,,13,14,18,20,27,31,02
11036,,02,11,20,22,24,31,05
11037,,01,03,04,06,17,25,11
11038,,02,14,15,19,23,24,12
11039,,03,07,10,16,24,29,13
11040,,05,11,14,24,26,28,13
11041,,04,10,12,13,30,32,13
11042,,05,13,15,17,19,21,15
11043,,04,13,14,17,25,31,04
11044,,03,14,16,26,27,31,09
11045,,02,16,17,20,26,32,08
11046,,09,17,18,26,29,30,08
11047,,04,13,23,25,27,33,14
11048,,10,14,18,25,26,27,15
11049,,01,11,17,18,27,31,14
11050,,04,05,19,22,28,29,15
11051,,01,07,11,14,15,16,14
11052,,04,05,08,19,27,28,08
11053,,03,06,10,12,22,30,15
11054,,08,11,16,17,22,33,08
11055,,08,13,16,17,29,32,16
11056,,13,16,19,20,23,25,10
11057,,04,06,20,21,26,33,02
11058,,07,18,22,30,32,33,06
11059,,24,26,27,29,31,33,16
11060,,10,11,13,21,27,31,01
11061,,02,03,08,13,19,21,03
11062,,04,08,09,10,29,30,03
11063,,04,06,13,15,18,19,05
11064,,03,06,07,29,30,33,02
11065,,04,16,23,25,27,29,03
11066,,04,06,14,17,30,32,12
11067,,17,19,20,24,25,27,12
11068,,03,07,10,15,19,24,10
11069,,02,13,16,18,24,30,12
11070,,01,03,05,12,21,28,12
11071,,01,02,15,22,28,30,02
11072,,01,06,10,11,18,27,12
11073,,03,04,05,12,17,21,14
11074,,02,21,26,28,29,32,01
11075,,07,09,10,12,31,32,13
11076,,06,19,21,26,32,33,13
11077,,01,07,08,15,26,29,10
11078,,03,05,13,20,22,29,09
11079,,03,14,15,16,24,29,05
11080,,02,07,09,25,31,32,09
11081,,06,14,19,23,25,32,12
11082,,07,16,17,20,25,26,04
11083,,07,16,18,24,28,29,06
11084,,09,10,12,16,18,32,15
11085,,03,06,11,21,24,31,10
11086,,06,07,09,12,17,24,09
11087,,02,03,04,05,18,28,01
11088,,03,09,17,20,21,29,04
11089,,01,02,11,24,29,30,12
11090,,02,05,14,18,21,25,16
11091,,09,15,21,23,28,30,03
11092,,05,10,17,26,31,32,04
11093,,04,07,11,13,23,30,09
11094,,09,11,12,17,18,19,05
11095,,03,07,08,10,23,24,05
11096,,01,04,07,13,14,19,15
11097,,09,17,19,20,21,26,16
11098,,03,07,20,21,22,32,05
11099,,10,12,13,21,26,27,14
11100,,07,11,21,23,31,32,05
11101,,06,10,19,23,29,31,06
11102,,01,05,13,21,27,31,11
11103,,04,05,10,13,15,16,12
11104,,09,10,16,20,25,29,09
11105,,04,06,23,25,27,28,01
11106,,02,11,12,14,24,32,14
11107,,04,09,16,17,22,29,15
11108,,02,17,22,26,29,33,10
11109,,01,03,09,15,16,33,15
11110,,12,14,21,26,28,33,12
11111,,01,03,05,20,25,27,04
11112,,03,05,16,18,23,24,15
11113,,06,10,11,25,32,33,05
11114,,01,14,15,16,30,32,09
11115,,07,08,09,12,17,33,16
11116,,01,07,11,12,17,27,05
11117,,08,10,19,26,28,30,04
11118,,05,06,11,14,20,21,10
11119,,09,12,14,19,28,32,01
11120,,04,14,17,28,30,33,07
11121,,04,14,22,25,32,33,02
11122,,10,12,18,26,27,31,03
11123,,01,04,05,14,19,28,16
11124,,09,18,19,26,31,32,16
11125,,03,10,15,24,27,32,08
11126,,03,07,13,18,23,26,16
11127,,16,19,22,23,27,29,11
11128,,09,11,14,17,19,23,12
11129,,07,10,11,21,23,26,06
11130,,07,14,18,23,25,32,15
11131,,02,07,09,17,21,25,01
11132,,02,05,12,13,25,33,07
11133,,12,14,20,21,25,31,16
11134,,01,02,06,07,30,31,10
11135,,12,13,17,20,25,26,12
11136,,02,04,06,20,22,31,07
11137,,02,11,18,23,30,33,13
11138,,01,05,15,24,28,32,07
11139,,08,20,24,27,30,31,03
11140,,04,18,20,22,27,29,06
11141,,02,04,06,19,24,29,11
11142,,12,15,16,26,29,31,02
11143,,07,08,12,14,15,30,16
11144,,01,02,09,10,16,24,03
11145,,02,04,14,15,26,30,04
11146,,11,23,26,28,32,33,10
11147,,04,08,12,17,18,30,10
11148,,05,14,22,23,25,26,14
11149,,04,05,06,07,23,31,16
11150,,08,10,12,15,22,27,13
11151,,07,11,16,19,31,33,10
11152,,04,10,11,12,21,26,13
11153,,05,08,09,10,20,25,13
12001,,01,04,05,09,15,17,06
12002,,02,03,07,09,10,32,13
12003,,03,06,08,24,29,31,09
12004,,01,05,10,11,21,23,16
12005,,07,09,18,27,31,33,06
12006,,02,22,25,29,32,33,08
12007,,10,17,19,27,28,32,04
12008,,01,12,20,23,24,29,08
12009,,04,16,24,26,27,33,11
12010,,01,03,13,19,25,26,10
12011,,04,14,15,16,20,26,05
12012,,15,17,18,20,23,27,01
12013,,06,08,24,29,30,32,13
12014,,01,02,05,16,28,30,12
12015,,01,03,06,10,21,23,15
12016,,02,05,12,17,22,25,08
12017,,06,09,14,19,25,28,10
12018,,03,05,06,22,26,32,15
12019,,07,14,18,20,22,30,16
12020,,03,08,12,18,23,29,11
12021,,01,15,16,18,22,30,03
12022,,04,08,12,24,26,27,04
12023,,05,09,15,23,24,33,02
12024,,04,12,19,21,25,28,13
12025,,03,08,09,17,25,27,06
12026,,03,07,09,15,24,25,16
12027,,04,16,22,25,30,31,12
12028,,10,15,20,21,28,30,11
12029,,04,07,15,25,26,28,03
12030,,09,10,17,18,21,31,08
12031,,04,16,22,24,27,31,03
12032,,01,02,10,17,22,24,04
12033,,02,03,15,16,17,27,04
12034,,02,03,08,23,32,33,16
12035,,09,11,12,21,24,26,05
12036,,02,11,13,18,19,26,09
12037,,05,14,19,24,28,33,09
12038,,09,10,11,15,19,33,16
12039,,01,02,05,13,22,29,08
12040,,03,08,09,22,25,31,10
12041,,08,11,15,20,24,32,02
12042,,05,06,11,19,24,28,16
12043,,02,09,11,21,26,33,03
12044,,06,09,10,14,22,25,03
12045,,08,11,20,21,27,30,09
12046,,04,12,19,20,23,33,06
12047,,06,07,11,16,32,33,11
12048,,01,05,14,22,24,30,10
12049,,04,12,13,19,20,32,02
12050,,07,13,15,17,19,24,11
12051,,02,12,14,17,30,31,09
12052,,02,03,05,06,20,24,04
12053,,04,15,22,25,27,33,04
12054,,06,14,18,20,30,33,14
12055,,04,06,13,20,24,28,01
12056,,04,07,14,17,26,31,10
12057,,03,05,19,21,27,31,04
12058,,03,06,15,20,25,26,04
12059,,04,13,21,22,26,31,01
12060,,07,10,13,16,17,29,01
12061,,03,08,11,12,14,18,14
12062,,02,13,16,17,20,31,07
12063,,02,10,17,19,24,27,12
12064,,05,10,11,16,23,24,11
12065,,08,10,18,19,27,31,14
12066,,01,02,09,26,29,33,12
12067,,04,05,10,21,26,30,16
12068,,05,17,22,26,32,33,10
12069,,08,10,11,18,20,29,06
12070,,02,03,04,24,31,32,11
12071,,03,04,19,21,22,23,08
12072,,02,03,07,09,13,30,06
12073,,04,07,09,10,17,27,05
12074,,15,16,18,19,28,32,08
12075,,04,06,22,23,29,32,11
12076,,11,18,22,27,29,30,15
12077,,02,04,13,18,26,28,12
12078,,08,15,22,24,28,33,12
12079,,06,07,12,24,30,33,12
12080,,04,09,14,15,16,27,03
12081,,02,05,10,24,25,29,06
12082,,02,04,11,18,22,29,06
12083,,04,09,14,15,26,33,04
12084,,02,10,20,26,28,29,14
12085,,05,17,24,30,31,33,05
12086,,08,09,13,15,22,23,08
12087,,03,10,11,13,14,22,09
12088,,03,05,23,24,27,31,15
12089,,03,07,10,13,14,25,11
12090,,02,13,20,25,29,30,11
12091,,01,05,07,08,19,21,16
12092,,06,13,17,18,28,32,03
12093,,03,05,19,21,24,33,13
12094,,06,09,14,16,23,33,15
12095,,17,24,27,28,29,30,02
12096,,04,07,11,16,29,33,07
12097,,05,08,13,14,19,22,06
12098,,02,12,19,26,29,31,09
12099,,08,12,15,16,21,27,16
12100,,05,07,15,18,25,33,10
12101,,09,12,17,18,20,33,02
12102,,13,25,27,28,29,30,15
12103,,04,09,11,14,32,33,02
12104,,04,05,09,10,19,28,03
12105,,06,13,14,15,17,30,04
12106,,13,14,20,22,23,32,16
12107,,11,12,15,24,25,31,09
12108,,01,09,12,13,19,28,13
12109,,02,12,24,26,29,31,03
12110,,03,07,10,13,22,32,09
12111,,02,09,10,20,22,31,13
12112,,08,15,20,21,27,31,06
12113,,03,06,09,13,18,32,06
12114,,01,06,11,26,27,29,15
12115,,03,08,20,24,26,32,14
12116,,03,21,26,29,31,32,03
12117,,13,15,18,20,24,28,09
12118,,05,06,07,12,15,28,11
12119,,12,20,25,26,27,28,13
12120,,01,04,20,24,28,29,16
12121,,01,07,08,20,23,24,11
12122,,12,13,19,22,28,29,11
12123,,08,10,16,25,28,33,09
12124,,06,07,21,25,27,33,11
12125,,08,12,13,26,29,33,01
12126,,03,05,12,15,23,24,07
12127,,01,09,11,21,26,32,08
12128,,05,09,12,29,30,31,05
12129,,01,07,09,17,21,29,01
12130,,01,03,15,20,22,31,03
12131,,06,18,19,26,28,32,12
12132,,07,12,16,17,21,25,10
12133,,01,08,11,20,21,29,02
12134,,02,05,06,07,13,23,15
12135,,02,05,07,08,11,17,16
12136,,02,07,08,17,21,28,11
12137,,01,02,04,06,13,17,07
12138,,01,07,16,17,19,21,14
12139,,08,19,21,24,28,31,15
12140,,14,18,27,30,31,33,15
12141,,03,05,08,19,20,27,09
12142,,05,18,22,28,29,31,06
12143,,07,08,18,25,30,32,06
12144,,03,10,12,13,27,30,04
12145,,05,20,26,27,28,33,03
12146,,01,05,07,13,29,32,13
12147,,02,12,15,23,24,32,09
12148,,03,06,11,17,21,31,07
12149,,01,05,13,25,26,32,13
12150,,09,11,17,23,24,26,07
12151,,05,14,24,25,26,32,01
12152,,10,12,18,22,28,29,07
12153,,04,05,11,21,27,28,10
12154,,05,07,12,16,28,32,04
13001,,06,08,14,15,24,25,06
2013001,,06,08,14,15,24,25,06
13002,,01,16,18,22,28,30,12
2013002,,01,16,18,22,28,30,12
13003,,22,23,26,27,28,33,09
2013003,,22,23,26,27,28,33,09
13004,,06,10,16,20,27,32,08
2013004,,06,10,16,20,27,32,08
13005,,01,13,14,25,31,32,12
2013005,,01,13,14,25,31,32,12
13006,,09,10,13,17,22,30,13
2013006,,09,10,13,17,22,30,13
13007,,02,09,15,22,26,32,01
2013007,,02,09,15,22,26,32,01
13008,,03,08,17,21,25,32,15
2013008,,03,08,17,21,25,32,15
13009,,01,04,09,13,16,23,02
2013009,,01,04,09,13,16,23,02
13010,,01,09,11,17,32,33,12
2013010,,01,09,11,17,32,33,12
13011,,03,12,17,24,27,29,09
2013011,,03,12,17,24,27,29,09
13012,,06,14,17,22,28,29,02
2013012,,06,14,17,22,28,29,02
13013,,05,06,13,19,22,28,09
2013013,,05,06,13,19,22,28,09
13014,,02,04,05,17,19,20,08
2013014,,02,04,05,17,19,20,08
13015,,05,06,07,11,13,18,15
2013015,,05,06,07,11,13,18,15
13016,,02,05,06,12,14,28,05
2013016,,02,05,06,12,14,28,05
13017,,04,06,12,30,31,32,09
2013017,,04,06,12,30,31,32,09
13018,,02,08,13,28,29,30,05
2013018,,02,08,13,28,29,30,05
13019,,01,02,05,16,20,26,06
2013019,,01,02,05,16,20,26,06
13020,,01,07,08,12,16,21,01
2013020,,01,07,08,12,16,21,01
13021,,01,06,17,19,26,31,11
2013021,,01,06,17,19,26,31,11
13022,,02,04,07,09,15,20,07
2013022,,02,04,07,09,15,20,07
13023,,03,06,15,18,30,32,05
2013023,,03,06,15,18,30,32,05
13024,,04,05,13,23,27,30,09
2013024,,04,05,13,23,27,30,09
13025,,16,17,18,24,25,30,08
2013025,,16,17,18,24,25,30,08
13026,,04,11,14,15,22,31,11
2013026,,04,11,14,15,22,31,11
13027,,01,02,04,12,21,24,12
2013027,,01,02,04,12,21,24,12
13028,,07,08,14,25,26,28,13
2013028,,07,08,14,25,26,28,13
13029,,06,07,10,19,23,29,12
2013029,,06,07,10,19,23,29,12
13030,,07,14,18,25,26,29,06
2013030,,07,14,18,25,26,29,06
13031,,03,13,14,15,21,33,03
2013031,,03,13,14,15,21,33,03
13032,,04,21,25,29,30,33,03
2013032,,04,21,25,29,30,33,03
13033,,05,06,13,17,19,28,01
2013033,,05,06,13,17,19,28,01
13034,,06,15,20,22,26,33,09
2013034,,06,15,20,22,26,33,09
13035,,01,14,15,17,26,30,02
2013035,,01,14,15,17,26,30,02
13036,,04,05,09,27,29,31,13
2013036,,04,05,09,27,29,31,13
13037,,02,15,18,27,28,32,14
2013037,,02,15,18,27,28,32,14
13038,,09,10,12,14,15,19,11
2013038,,09,10,12,14,15,19,11
13039,,01,02,14,15,24,29,06
2013039,,01,02,14,15,24,29,06
13040,,02,04,10,12,17,30,10
2013040,,02,04,10,12,17,30,10
13041,,02,10,12,17,23,24,05
2013041,,02,10,12,17,23,24,05
13042,,01,08,12,13,15,33,03
2013042,,01,08,12,13,15,33,03
13043,,03,06,14,15,17,25,16
2013043,,03,06,14,15,17,25,16
13044,,03,05,11,18,26,28,06
2013044,,03,05,11,18,26,28,06
13045,,06,07,08,14,23,31,12
2013045,,06,07,08,14,23,31,12
13046,,03,16,19,20,24,26,06
2013046,,03,16,19,20,24,26,06
13047,,01,08,11,17,27,30,12
2013047,,01,08,11,17,27,30,12
13048,,10,13,17,28,30,32,04
2013048,,10,13,17,28,30,32,04
13049,,10,13,14,16,21,32,14
2013049,,10,13,14,16,21,32,14
13050,,03,07,13,18,22,25,03
2013050,,03,07,13,18,22,25,03
13051,,08,12,15,19,28,29,02
2013051,,08,12,15,19,28,29,02
13052,,06,07,14,21,22,24,13
2013052,,06,07,14,21,22,24,13
13053,,03,12,13,22,30,33,14
2013053,,03,12,13,22,30,33,14
13054,,03,04,08,14,21,28,14
2013054,,03,04,08,14,21,28,14
13055,,08,18,19,22,27,32,06
2013055,,08,18,19,22,27,32,06
13056,,03,12,25,26,28,29,16
2013056,,03,12,25,26,28,29,16
13057,,13,16,19,23,26,28,05
2013057,,13,16,19,23,26,28,05
13058,,08,11,17,21,23,24,05
2013058,,08,11,17,21,23,24,05
13059,,03,10,18,24,27,29,09
2013059,,03,10,18,24,27,29,09
13060,,05,07,10,13,19,20,15
2013060,,05,07,10,13,19,20,15
13061,,05,06,07,12,13,18,12
2013061,,05,06,07,12,13,18,12
13062,,01,06,07,19,22,27,02
2013062,,01,06,07,19,22,27,02
13063,,10,15,18,20,23,31,12
2013063,,10,15,18,20,23,31,12
13064,,01,09,13,22,25,32,12
2013064,,01,09,13,22,25,32,12
13065,,07,18,19,23,29,30,02
2013065,,07,18,19,23,29,30,02
13066,,01,03,16,17,20,32,07
2013066,,01,03,16,17,20,32,07
13067,,01,04,09,15,22,30,06
2013067,,01,04,09,15,22,30,06
13068,,02,07,13,20,25,27,06
2013068,,02,07,13,20,25,27,06
13069,,07,16,17,18,30,33,06
2013069,,07,16,17,18,30,33,06
13070,,02,03,09,10,28,30,06
2013070,,02,03,09,10,28,30,06
13071,,05,12,21,23,26,28,09
2013071,,05,12,21,23,26,28,09
13072,,02,08,11,14,19,33,09
2013072,,02,08,11,14,19,33,09
13073,,02,09,13,17,20,28,11
2013073,,02,09,13,17,20,28,11
13074,,03,06,08,14,19,32,03
2013074,,03,06,08,14,19,32,03
13075,,04,06,09,25,30,33,14
2013075,,04,06,09,25,30,33,14
13076,,14,23,24,26,29,30,03
2013076,,14,23,24,26,29,30,03
13077,,09,14,23,24,26,29,03
2013077,,09,14,23,24,26,29,03
13078,,03,05,17,18,26,27,15
2013078,,03,05,17,18,26,27,15
13079,,07,13,17,19,22,26,13
2013079,,07,13,17,19,22,26,13
13080,,10,11,12,23,28,32,16
2013080,,10,11,12,23,28,32,16
13081,,01,04,10,13,21,31,13
2013081,,01,04,10,13,21,31,13
13082,,04,13,14,20,22,30,06
2013082,,04,13,14,20,22,30,06
13083,,05,06,12,14,19,23,09
2013083,,05,06,12,14,19,23,09
13084,,05,07,09,11,20,21,03
2013084,,05,07,09,11,20,21,03
13085,,02,08,12,14,16,32,16
2013085,,02,08,12,14,16,32,16
13086,,02,04,11,13,16,26,11
2013086,,02,04,11,13,16,26,11
13087,,02,13,19,23,24,28,05
2013087,,02,13,19,23,24,28,05
13088,,09,15,20,21,22,24,14
2013088,,09,15,20,21,22,24,14
13089,,04,08,12,19,21,25,13
2013089,,04,08,12,19,21,25,13
13090,,02,05,11,23,24,29,08
2013090,,02,05,11,23,24,29,08
13091,,04,14,24,25,28,31,10
2013091,,04,14,24,25,28,31,10
13092,,07,11,15,21,26,31,06
2013092,,07,11,15,21,26,31,06
13093,,01,02,08,26,29,31,14
2013093,,01,02,08,26,29,31,14
13094,,02,04,14,18,20,22,07
2013094,,02,04,14,18,20,22,07
13095,,01,06,15,19,28,29,10
2013095,,01,06,15,19,28,29,10
13096,,01,02,22,28,29,30,15
2013096,,01,02,22,28,29,30,15
13097,,05,14,17,22,23,25,07
2013097,,05,14,17,22,23,25,07
13098,,07,15,18,19,20,26,14
2013098,,07,15,18,19,20,26,14
13099,,05,11,20,21,26,31,03
2013099,,05,11,20,21,26,31,03
13100,,04,08,11,14,16,20,11
2013100,,04,08,11,14,16,20,11
13101,,05,07,09,23,27,32,01
2013101,,05,07,09,23,27,32,01
13102,,02,04,05,06,08,16,03
2013102,,02,04,05,06,08,16,03
13103,,02,04,09,13,18,20,07
2013103,,02,04,09,13,18,20,07
13104,,01,02,04,15,17,28,11
2013104,,01,02,04,15,17,28,11
13105,,01,11,23,27,31,32,09
2013105,,01,11,23,27,31,32,09
13106,,09,11,23,30,31,32,06
2013106,,09,11,23,30,31,32,06
13107,,07,09,11,17,28,31,11
2013107,,07,09,11,17,28,31,11
13108,,16,21,22,28,31,32,05
2013108,,16,21,22,28,31,32,05
13109,,09,23,24,27,29,32,08
2013109,,09,23,24,27,29,32,08
13110,,15,17,18,21,29,32,13
2013110,,15,17,18,21,29,32,13
13111,,01,02,03,06,08,33,13
2013111,,01,02,03,06,08,33,13
13112,,01,06,12,13,22,31,07
2013112,,01,06,12,13,22,31,07
13113,,04,07,11,17,24,33,09
2013113,,04,07,11,17,24,33,09
13114,,04,06,17,21,23,33,07
2013114,,04,06,17,21,23,33,07
13115,,03,12,16,17,18,27,08
2013115,,03,12,16,17,18,27,08
13116,,12,15,21,26,32,33,07
2013116,,12,15,21,26,32,33,07
13117,,09,12,13,24,27,33,16
2013117,,09,12,13,24,27,33,16
13118,,02,03,17,22,32,33,16
2013118,,02,03,17,22,32,33,16
13119,,05,15,20,22,26,32,09
2013119,,05,15,20,22,26,32,09
13120,,05,06,13,18,23,31,11
2013120,,05,06,13,18,23,31,11
13121,,04,05,06,07,25,27,07
2013121,,04,05,06,07,25,27,07
13122,,07,10,13,15,26,27,11
2013122,,07,10,13,15,26,27,11
13123,,01,02,06,11,17,25,02
2013123,,01,02,06,11,17,25,02
13124,,03,09,15,23,25,30,07
2013124,,03,09,15,23,25,30,07
13125,,04,06,08,18,25,28,16
2013125,,04,06,08,18,25,28,16
13126,,04,10,19,27,31,33,16
2013126,,04,10,19,27,31,33,16
13127,,02,03,13,20,22,33,14
2013127,,02,03,13,20,22,33,14
13128,,07,13,17,19,25,31,08
2013128,,07,13,17,19,25,31,08
13129,,05,06,10,14,27,31,14
2013129,,05,06,10,14,27,31,14
13130,,01,03,15,16,31,33,08
2013130,,01,03,15,16,31,33,08
13131,,04,06,12,17,19,26,09
2013131,,04,06,12,17,19,26,09
13132,,20,21,22,23,25,27,12
2013132,,20,21,22,23,25,27,12
13133,,04,07,12,19,22,25,01
2013133,,04,07,12,19,22,25,01
13134,,01,17,18,19,25,29,10
2013134,,01,17,18,19,25,29,10
13135,,09,23,24,25,29,31,12
2013135,,09,23,24,25,29,31,12
13136,,04,06,14,16,18,26,06
2013136,,04,06,14,16,18,26,06
13137,,04,17,19,23,24,27,10
2013137,,04,17,19,23,24,27,10
13138,,04,15,16,24,27,28,03
2013138,,04,15,16,24,27,28,03
13139,,07,08,11,13,21,27,08
2013139,,07,08,11,13,21,27,08
13140,,01,05,12,13,21,22,10
2013140,,01,05,12,13,21,22,10
13141,,03,04,05,25,30,31,04
2013141,,03,04,05,25,30,31,04
13142,,11,12,14,20,22,29,14
2013142,,11,12,14,20,22,29,14
13143,,12,18,21,22,27,32,11
2013143,,12,18,21,22,27,32,11
13144,,05,07,12,19,27,31,02
2013144,,05,07,12,19,27,31,02
13145,,06,10,13,16,23,24,15
2013145,,06,10,13,16,23,24,15
13146,,08,20,25,30,32,33,01
2013146,,08,20,25,30,32,33,01
13147,,02,15,16,17,19,30,08
2013147,,02,15,16,17,19,30,08
13148,,06,11,12,14,17,22,01
2013148,,06,11,12,14,17,22,01
13149,,09,18,25,26,30,32,11
2013149,,09,18,25,26,30,32,11
13150,,01,15,16,25,26,29,10
2013150,,01,15,16,25,26,29,10
13151,,03,09,10,19,28,33,09
2013151,,03,09,10,19,28,33,09
13152,,04,06,14,16,18,29,05
2013152,,04,06,14,16,18,29,05
13153,,08,11,13,18,28,33,10
2013153,,08,11,13,18,28,33,10
13154,,07,11,14,19,24,29,05
2013154,,07,11,14,19,24,29,05
14001,,03,09,15,20,27,29,01
2014001,,03,09,15,20,27,29,01
14002,,04,21,23,31,32,33,04
2014002,,04,21,23,31,32,33,04
14003,,06,10,11,28,30,33,12
2014003,,06,10,11,28,30,33,12
14004,,01,04,19,22,24,25,15
2014004,,01,04,19,22,24,25,15
14005,,15,18,23,27,32,33,04
2014005,,15,18,23,27,32,33,04
14006,,03,04,07,17,21,27,14
2014006,,03,04,07,17,21,27,14
14007,,08,10,12,14,18,28,14
2014007,,08,10,12,14,18,28,14
14008,,05,14,16,21,29,30,12
2014008,,05,14,16,21,29,30,12
14009,,08,09,19,20,25,32,16
2014009,,08,09,19,20,25,32,16
14010,,05,07,08,20,31,33,11
2014010,,05,07,08,20,31,33,11
14011,,09,10,13,14,21,32,02
2014011,,09,10,13,14,21,32,02
14012,,01,08,11,19,21,24,08
2014012,,01,08,11,19,21,24,08
14013,,05,09,13,15,17,21,13
2014013,,05,09,13,15,17,21,13
14014,,04,09,19,22,25,29,15
2014014,,04,09,19,22,25,29,15
14015,,02,11,19,30,32,33,09
2014015,,02,11,19,30,32,33,09
14016,,02,03,07,13,21,24,08
2014016,,02,03,07,13,21,24,08
14017,,04,06,07,14,25,26,10
2014017,,04,06,07,14,25,26,10
14018,,13,17,18,21,30,33,15
2014018,,13,17,18,21,30,33,15
14019,,02,10,15,19,20,21,07
2014019,,02,10,15,19,20,21,07
14020,,09,14,17,23,24,25,15
2014020,,09,14,17,23,24,25,15
14021,,08,10,15,17,22,29,12
2014021,,08,10,15,17,22,29,12
14022,,04,06,07,10,21,26,16
2014022,,04,06,07,10,21,26,16
14023,,07,09,13,17,21,22,10
2014023,,07,09,13,17,21,22,10
14024,,08,10,16,20,23,30,09
2014024,,08,10,16,20,23,30,09
14025,,01,05,10,14,16,30,16
2014025,,01,05,10,14,16,30,16
14026,,01,02,05,06,11,23,14
2014026,,01,02,05,06,11,23,14
14027,,08,10,14,16,30,31,01
2014027,,08,10,14,16,30,31,01
14028,,06,16,21,27,30,32,05
2014028,,06,16,21,27,30,32,05
14029,,02,07,14,16,21,29,14
2014029,,02,07,14,16,21,29,14
14030,,12,18,19,23,24,30,10
2014030,,12,18,19,23,24,30,10
14031,,04,10,16,17,21,27,14
2014031,,04,10,16,17,21,27,14
14032,,01,02,14,22,29,33,07
2014032,,01,02,14,22,29,33,07
14033,,05,13,23,28,32,33,12
2014033,,05,13,23,28,32,33,12
14034,,01,03,04,08,25,31,06
2014034,,01,03,04,08,25,31,06
14035,,07,08,09,17,32,33,06
2014035,,07,08,09,17,32,33,06
14036,,01,07,08,09,11,22,03
2014036,,01,07,08,09,11,22,03
14037,,06,13,14,24,25,30,07
2014037,,06,13,14,24,25,30,07
14038,,04,07,22,23,24,33,16
2014038,,04,07,22,23,24,33,16
14039,,03,11,15,19,20,31,07
2014039,,03,11,15,19,20,31,07
14040,,03,04,06,11,12,15,08
2014040,,03,04,06,11,12,15,08
14041,,07,11,16,18,21,22,02
2014041,,07,11,16,18,21,22,02
14042,,12,15,20,25,28,33,14
2014042,,12,15,20,25,28,33,14
14043,,02,05,09,14,24,33,09
2014043,,02,05,09,14,24,33,09
14044,,04,09,21,27,28,33,12
2014044,,04,09,21,27,28,33,12
14045,,02,04,09,11,19,22,15
2014045,,02,04,09,11,19,22,15
14046,,02,10,11,17,18,22,10
2014046,,02,10,11,17,18,22,10
14047,,08,10,11,12,19,29,15
2014047,,08,10,11,12,19,29,15
14048,,06,09,16,17,24,25,16
2014048,,06,09,16,17,24,25,16
14049,,06,07,16,17,23,32,06
2014049,,06,07,16,17,23,32,06
14050,,03,17,23,25,26,32,13
2014050,,03,17,23,25,26,32,13
14051,,10,16,19,21,23,24,13
2014051,,10,16,19,21,23,24,13
14052,,09,13,15,28,30,33,08
2014052,,09,13,15,28,30,33,08
14053,,14,17,19,22,26,31,02
2014053,,14,17,19,22,26,31,02
14054,,01,04,05,11,29,30,14
2014054,,01,04,05,11,29,30,14
14055,,02,09,14,19,21,30,04
2014055,,02,09,14,19,21,30,04
14056,,01,11,18,20,28,29,01
2014056,,01,11,18,20,28,29,01
14057,,02,04,12,18,23,31,08
2014057,,02,04,12,18,23,31,08
14058,,02,03,12,13,14,25,11
2014058,,02,03,12,13,14,25,11
14059,,05,08,12,13,23,25,13
2014059,,05,08,12,13,23,25,13
14060,,03,05,14,18,25,33,06
2014060,,03,05,14,18,25,33,06
14061,,02,14,17,27,28,31,08
2014061,,02,14,17,27,28,31,08
14062,,06,09,15,24,25,26,09
2014062,,06,09,15,24,25,26,09
14063,,03,08,17,21,22,31,16
2014063,,03,08,17,21,22,31,16
14064,,02,09,15,16,29,32,14
2014064,,02,09,15,16,29,32,14
14065,,03,04,05,08,10,22,06
2014065,,03,04,05,08,10,22,06
14066,,02,05,15,17,18,21,16
2014066,,02,05,15,17,18,21,16
14067,,01,06,07,17,18,23,06
2014067,,01,06,07,17,18,23,06
14068,,04,12,13,22,27,29,16
2014068,,04,12,13,22,27,29,16
14069,,05,12,17,19,25,30,11
2014069,,05,12,17,19,25,30,11
14070,,01,07,09,19,28,29,07
2014070,,01,07,09,19,28,29,07
14071,,02,04,12,17,22,25,14
2014071,,02,04,12,17,22,25,14
14072,,01,03,07,13,19,32,16
2014072,,01,03,07,13,19,32,16
14073,,01,12,16,20,30,33,02
2014073,,01,12,16,20,30,33,02
14074,,01,03,06,13,30,31,12
2014074,,01,03,06,13,30,31,12
14075,,03,09,11,22,27,29,06
2014075,,03,09,11,22,27,29,06
14076,,06,10,12,17,18,33,11
2014076,,06,10,12,17,18,33,11
14077,,08,09,12,15,19,22,10
2014077,,08,09,12,15,19,22,10
14078,,02,03,05,06,09,17,07
2014078,,02,03,05,06,09,17,07
14079,,02,07,16,22,27,28,02
2014079,,02,07,16,22,27,28,02
14080,,05,14,16,17,25,30,07
2014080,,05,14,16,17,25,30,07
14081,,08,14,22,24,27,29,10
2014081,,08,14,22,24,27,29,10
14082,,02,04,20,25,26,29,11
2014082,,02,04,20,25,26,29,11
14083,,05,06,19,21,23,33,12
2014083,,05,06,19,21,23,33,12
14084,,01,06,09,10,13,25,08
2014084,,01,06,09,10,13,25,08
14085,,01,02,11,19,23,29,08
2014085,,01,02,11,19,23,29,08
14086,,02,04,10,12,14,30,08
2014086,,02,04,10,12,14,30,08
14087,,06,18,22,23,32,33,06
2014087,,06,18,22,23,32,33,06
14088,,03,06,11,14,16,29,15
2014088,,03,06,11,14,16,29,15
14089,,04,06,14,17,27,30,09
2014089,,04,06,14,17,27,30,09
14090,,05,09,11,19,24,32,13
2014090,,05,09,11,19,24,32,13
14091,,01,05,12,19,27,29,14
2014091,,01,05,12,19,27,29,14
14092,,03,13,18,19,22,26,07
2014092,,03,13,18,19,22,26,07
14093,,02,08,09,10,20,29,05
2014093,,02,08,09,10,20,29,05
14094,,01,10,18,20,23,29,01
2014094,,01,10,18,20,23,29,01
14095,,05,06,08,14,22,31,08
2014095,,05,06,08,14,22,31,08
14096,,12,14,17,19,22,24,08
2014096,,12,14,17,19,22,24,08
14097,,07,13,24,25,27,32,15
2014097,,07,13,24,25,27,32,15
14098,,02,13,17,20,29,31,07
2014098,,02,13,17,20,29,31,07
14099,,01,05,10,11,13,32,14
2014099,,01,05,10,11,13,32,14
14100,,01,06,09,10,14,16,11
2014100,,01,06,09,10,14,16,11
14101,,16,18,20,23,24,32,07
2014101,,16,18,20,23,24,32,07
14102,,14,16,21,24,28,31,13
2014102,,14,16,21,24,28,31,13
14103,,03,08,09,10,18,33,04
2014103,,03,08,09,10,18,33,04
14104,,02,06,12,19,27,28,13
2014104,,02,06,12,19,27,28,13
14105,,14,16,17,19,27,32,04
2014105,,14,16,17,19,27,32,04
14106,,09,14,17,18,21,25,15
2014106,,09,14,17,18,21,25,15
14107,,11,14,17,22,25,27,16
2014107,,11,14,17,22,25,27,16
14108,,03,08,09,20,23,28,02
2014108,,03,08,09,20,23,28,02
14109,,02,05,11,15,19,28,02
2014109,,02,05,11,15,19,28,02
14110,,01,08,11,13,19,30,06
2014110,,01,08,11,13,19,30,06
14111,,02,08,17,20,22,28,02
2014111,,02,08,17,20,22,28,02
14112,,01,15,16,21,24,30,03
2014112,,01,15,16,21,24,30,03
14113,,12,14,28,31,32,33,07
2014113,,12,14,28,31,32,33,07
14114,,02,07,23,30,32,33,10
2014114,,02,07,23,30,32,33,10
14115,,01,09,10,11,13,32,03
2014115,,01,09,10,11,13,32,03
14116,,09,10,14,15,19,29,16
2014116,,09,10,14,15,19,29,16
14117,,05,10,17,25,28,29,04
2014117,,05,10,17,25,28,29,04
14118,,05,07,15,18,26,30,03
2014118,,05,07,15,18,26,30,03
14119,,06,13,17,20,26,29,09
2014119,,06,13,17,20,26,29,09
14120,,01,07,12,16,23,28,04
2014120,,01,07,12,16,23,28,04
14121,,01,02,13,22,28,30,09
2014121,,01,02,13,22,28,30,09
14122,,06,09,11,16,20,29,11
2014122,,06,09,11,16,20,29,11
14123,,01,06,11,17,28,33,05
2014123,,01,06,11,17,28,33,05
14124,,02,17,20,24,31,33,04
2014124,,02,17,20,24,31,33,04
14125,,10,11,15,26,31,32,06
2014125,,10,11,15,26,31,32,06
14126,,06,11,16,17,22,27,01
2014126,,06,11,16,17,22,27,01
14127,,02,10,12,21,23,27,12
2014127,,02,10,12,21,23,27,12
14128,,05,07,08,17,18,24,14
2014128,,05,07,08,17,18,24,14
14129,,05,08,09,20,28,32,02
2014129,,05,08,09,20,28,32,02
14130,,01,02,10,24,30,33,10
2014130,,01,02,10,24,30,33,10
14131,,05,17,21,22,28,32,14
2014131,,05,17,21,22,28,32,14
14132,,05,06,14,15,18,33,08
2014132,,05,06,14,15,18,33,08
14133,,13,14,16,23,30,31,13
2014133,,13,14,16,23,30,31,13
14134,,05,16,22,23,26,28,02
2014134,,05,16,22,23,26,28,02
14135,,02,04,11,13,25,33,01
2014135,,02,04,11,13,25,33,01
14136,,03,16,19,27,31,32,10
2014136,,03,16,19,27,31,32,10
14137,,03,06,09,11,25,29,09
2014137,,03,06,09,11,25,29,09
14138,,04,06,13,29,31,33,13
2014138,,04,06,13,29,31,33,13
14139,,01,14,15,20,25,29,11
2014139,,01,14,15,20,25,29,11
14140,,06,10,11,14,17,33,06
2014140,,06,10,11,14,17,33,06
14141,,08,09,11,16,21,24,10
2014141,,08,09,11,16,21,24,10
14142,,06,21,22,23,25,28,13
2014142,,06,21,22,23,25,28,13
14143,,03,12,18,20,25,26,16
2014143,,03,12,18,20,25,26,16
14144,,03,05,06,09,10,27,14
2014144,,03,05,06,09,10,27,14
14145,,10,12,13,23,26,29,11
2014145,,10,12,13,23,26,29,11
14146,,01,06,13,20,29,32,01
2014146,,01,06,13,20,29,32,01
14147,,06,07,22,26,31,32,10
2014147,,06,07,22,26,31,32,10
14148,,01,02,05,12,15,16,13
2014148,,01,02,05,12,15,16,13
14149,,07,09,10,15,19,33,01
2014149,,07,09,10,15,19,33,01
14150,,03,08,14,22,24,32,09
2014150,,03,08,14,22,24,32,09
14151,,04,05,08,11,21,27,08
2014151,,04,05,08,11,21,27,08
14152,,08,13,15,20,21,25,12
2014152,,08,13,15,20,21,25,12
15001,,01,07,09,16,20,23,06
2015001,,01,07,09,16,20,23,06
15002,,07,15,16,25,28,32,05
2015002,,07,15,16,25,28,32,05
15003,,10,15,20,23,24,31,15
2015003,,10,15,20,23,24,31,15
15004,,02,14,15,16,23,24,10
2015004,,02,14,15,16,23,24,10
15005,,07,10,16,17,18,32,15
2015005,,07,10,16,17,18,32,15
15006,,01,10,11,29,31,33,13
2015006,,01,10,11,29,31,33,13
15007,,01,07,09,17,20,33,08
2015007,,01,07,09,17,20,33,08
15008,,04,07,10,16,20,22,03
2015008,,04,07,10,16,20,22,03
15009,,04,07,14,17,21,25,14
2015009,,04,07,14,17,21,25,14
15010,,01,02,03,08,21,31,09
2015010,,01,02,03,08,21,31,09
15011,,04,14,15,17,18,20,15
2015011,,04,14,15,17,18,20,15
15012,,03,05,22,23,29,31,06
2015012,,03,05,22,23,29,31,06
15013,,08,09,24,25,26,29,01
2015013,,08,09,24,25,26,29,01
15014,,02,12,16,19,27,30,11
2015014,,02,12,16,19,27,30,11
15015,,01,07,20,24,25,33,04
2015015,,01,07,20,24,25,33,04
15016,,02,06,10,15,17,31,13
2015016,,02,06,10,15,17,31,13
15017,,13,18,20,25,27,33,12
2015017,,13,18,20,25,27,33,12
15018,,06,09,12,14,28,29,09
2015018,,06,09,12,14,28,29,09
15019,,02,06,11,19,25,26,04
2015019,,02,06,11,19,25,26,04
15020,,01,04,07,19,22,23,04
2015020,,01,04,07,19,22,23,04
15021,,14,15,16,17,27,28,08
2015021,,14,15,16,17,27,28,08
15022,,04,07,10,16,23,25,10
2015022,,04,07,10,16,23,25,10
15023,,08,09,10,13,29,30,01
2015023,,08,09,10,13,29,30,01
15024,,09,11,16,18,23,24,10
2015024,,09,11,16,18,23,24,10
15025,,10,11,12,15,27,32,14
2015025,,10,11,12,15,27,32,14
15026,,02,13,17,21,22,33,13
2015026,,02,13,17,21,22,33,13
15027,,05,07,09,16,26,29,07
2015027,,05,07,09,16,26,29,07
15028,,04,07,10,26,27,28,14
2015028,,04,07,10,26,27,28,14
15029,,07,14,15,19,21,28,07
2015029,,07,14,15,19,21,28,07
15030,,08,11,14,15,16,26,07
2015030,,08,11,14,15,16,26,07
15031,,01,05,07,22,26,32,11
2015031,,01,05,07,22,26,32,11
15032,,11,14,16,18,29,32,16
2015032,,11,14,16,18,29,32,16
15033,,03,06,21,29,31,32,05
2015033,,03,06,21,29,31,32,05
15034,,12,13,17,18,20,27,13
2015034,,12,13,17,18,20,27,13
15035,,01,08,09,22,24,33,03
2015035,,01,08,09,22,24,33,03
15036,,04,06,16,17,26,33,03
2015036,,04,06,16,17,26,33,03
15037,,05,07,12,18,28,31,03
2015037,,05,07,12,18,28,31,03
15038,,05,06,11,12,14,33,14
2015038,,05,06,11,12,14,33,14
15039,,01,13,15,26,29,30,12
2015039,,01,13,15,26,29,30,12
15040,,13,16,18,27,30,32,16
2015040,,13,16,18,27,30,32,16
15041,,04,09,11,17,21,25,06
2015041,,04,09,11,17,21,25,06
15042,,09,10,19,21,23,32,08
2015042,,09,10,19,21,23,32,08
15043,,11,12,15,24,26,27,15
2015043,,11,12,15,24,26,27,15
15044,,02,03,04,13,14,16,02
2015044,,02,03,04,13,14,16,02
15045,,01,05,13,22,30,31,07
2015045,,01,05,13,22,30,31,07
15046,,05,07,10,14,23,31,01
2015046,,05,07,10,14,23,31,01
15047,,02,03,20,24,26,27,09
2015047,,02,03,20,24,26,27,09
15048,,13,16,17,22,25,27,10
2015048,,13,16,17,22,25,27,10
15049,,07,12,14,17,20,23,05
2015049,,07,12,14,17,20,23,05
15050,,03,09,12,16,17,31,04
2015050,,03,09,12,16,17,31,04
15051,,04,10,24,26,28,32,09
2015051,,04,10,24,26,28,32,09
15052,,02,04,11,16,25,26,12
2015052,,02,04,11,16,25,26,12
15053,,03,07,17,22,32,33,10
2015053,,03,07,17,22,32,33,10
15054,,01,02,07,10,22,26,07
2015054,,01,02,07,10,22,26,07
15055,,01,10,15,18,19,28,02
2015055,,01,10,15,18,19,28,02
15056,,01,07,08,16,18,20,14
2015056,,01,07,08,16,18,20,14
15057,,09,20,24,25,26,32,04
2015057,,09,20,24,25,26,32,04
15058,,02,09,10,18,19,20,15
2015058,,02,09,10,18,19,20,15
15059,,02,06,09,16,25,32,14
2015059,,02,06,09,16,25,32,14
15060,,01,03,18,27,31,32,13
2015060,,01,03,18,27,31,32,13
15061,,06,18,22,26,32,33,04
2015061,,06,18,22,26,32,33,04
15062,,09,14,15,18,21,26,16
2015062,,09,14,15,18,21,26,16
15063,,01,07,09,16,22,32,12
2015063,,01,07,09,16,22,32,12
15064,,11,12,14,17,23,27,01
2015064,,11,12,14,17,23,27,01
15065,,08,10,14,19,26,29,12
2015065,,08,10,14,19,26,29,12
15066,,05,08,11,17,24,28,16
2015066,,05,08,11,17,24,28,16
15067,,02,05,08,24,25,31,14
2015067,,02,05,08,24,25,31,14
15068,,06,15,18,21,26,27,10
2015068,,06,15,18,21,26,27,10
15069,,01,13,17,18,23,30,15
2015069,,01,13,17,18,23,30,15
15070,,01,07,13,19,21,29,15
2015070,,01,07,13,19,21,29,15
15071,,08,18,20,28,29,31,08
2015071,,08,18,20,28,29,31,08
15072,,01,03,05,20,21,31,05
2015072,,01,03,05,20,21,31,05
15073,,01,02,17,22,26,27,04
2015073,,01,02,17,22,26,27,04
15074,,04,07,21,25,26,29,08
2015074,,04,07,21,25,26,29,08
15075,,06,11,13,19,21,32,04
2015075,,06,11,13,19,21,32,04
15076,,01,09,10,19,23,27,09
2015076,,01,09,10,19,23,27,09
15077,,01,06,08,10,13,27,16
2015077,,01,06,08,10,13,27,16
15078,,03,07,20,22,26,29,02
2015078,,03,07,20,22,26,29,02
15079,,09,14,15,20,26,32,11
2015079,,09,14,15,20,26,32,11
15080,,14,17,25,27,28,30,02
2015080,,14,17,25,27,28,30,02
15081,,13,20,22,26,28,31,13
2015081,,13,20,22,26,28,31,13
15082,,02,08,09,14,28,30,07
2015082,,02,08,09,14,28,30,07
15083,,06,07,16,18,29,32,05
2015083,,06,07,16,18,29,32,05
15084,,15,18,20,22,28,29,15
2015084,,15,18,20,22,28,29,15
15085,,02,08,25,27,28,29,05
2015085,,02,08,25,27,28,29,05
15086,,05,06,08,16,18,22,12
2015086,,05,06,08,16,18,22,12
15087,,09,15,16,19,20,28,11
2015087,,09,15,16,19,20,28,11
15088,,02,12,20,24,29,31,09
2015088,,02,12,20,24,29,31,09
15089,,12,14,19,27,28,29,01
2015089,,12,14,19,27,28,29,01
15090,,10,12,14,22,25,33,15
2015090,,10,12,14,22,25,33,15
15091,,05,07,17,19,22,31,11
2015091,,05,07,17,19,22,31,11
15092,,09,15,19,21,26,27,01
2015092,,09,15,19,21,26,27,01
15093,,01,03,13,21,25,31,08
2015093,,01,03,13,21,25,31,08
15094,,01,04,06,13,16,17,10
2015094,,01,04,06,13,16,17,10
15095,,04,15,21,28,30,31,04
2015095,,04,15,21,28,30,31,04
15096,,06,16,17,23,24,31,07
2015096,,06,16,17,23,24,31,07
15097,,09,12,14,20,26,27,04
2015097,,09,12,14,20,26,27,04
15098,,06,09,13,26,27,33,01
2015098,,06,09,13,26,27,33,01
15099,,06,07,10,11,14,22,09
2015099,,06,07,10,11,14,22,09
15100,,02,03,11,17,19,21,08
2015100,,02,03,11,17,19,21,08
15101,,08,16,22,24,28,29,05
2015101,,08,16,22,24,28,29,05
15102,,07,09,12,14,21,23,06
2015102,,07,09,12,14,21,23,06
15103,,06,08,13,26,30,32,14
2015103,,06,08,13,26,30,32,14
15104,,09,18,21,23,25,26,01
2015104,,09,18,21,23,25,26,01
15105,,09,10,16,19,20,26,12
2015105,,09,10,16,19,20,26,12
15106,,01,03,04,23,31,32,13
2015106,,01,03,04,23,31,32,13
15107,,07,14,16,18,21,25,08
2015107,,07,14,16,18,21,25,08
15108,,02,12,19,22,24,27,15
2015108,,02,12,19,22,24,27,15
15109,,01,08,09,16,32,33,13
2015109,,01,08,09,16,32,33,13
15110,,05,07,16,17,22,23,04
2015110,,05,07,16,17,22,23,04
15111,,08,14,16,18,20,30,12
2015111,,08,14,16,18,20,30,12
15112,,01,03,10,19,20,27,11
2015112,,01,03,10,19,20,27,11
15113,,01,05,07,08,19,27,12
2015113,,01,05,07,08,19,27,12
15114,,04,07,09,13,21,26,01
2015114,,04,07,09,13,21,26,01
15115,,01,07,08,14,24,32,03
2015115,,01,07,08,14,24,32,03
15116,,04,06,15,23,26,28,11
2015116,,04,06,15,23,26,28,11
15117,,04,11,12,18,26,32,12
2015117,,04,11,12,18,26,32,12
15118,,01,04,11,21,23,31,12
2015118,,01,04,11,21,23,31,12
15119,,02,08,10,18,23,31,08
2015119,,02,08,10,18,23,31,08
15120,,16,21,24,26,27,29,16
2015120,,16,21,24,26,27,29,16
15121,,01,03,20,21,28,29,12
2015121,,01,03,20,21,28,29,12
15122,,05,07,11,16,22,25,07
2015122,,05,07,11,16,22,25,07
15123,,05,08,09,12,22,28,07
2015123,,05,08,09,12,22,28,07
15124,,02,03,05,12,18,27,01
2015124,,02,03,05,12,18,27,01
15125,,05,13,22,27,30,33,10
2015125,,05,13,22,27,30,33,10
15126,,10,11,15,20,23,29,12
2015126,,10,11,15,20,23,29,12
15127,,07,10,19,22,27,33,06
2015127,,07,10,19,22,27,33,06
15128,,01,03,08,11,22,28,06
2015128,,01,03,08,11,22,28,06
15129,,05,08,11,16,18,27,04
2015129,,05,08,11,16,18,27,04
15130,,06,14,15,16,17,22,10
2015130,,06,14,15,16,17,22,10
15131,,10,12,13,19,22,26,03
2015131,,10,12,13,19,22,26,03
15132,,03,05,11,28,30,33,01
2015132,,03,05,11,28,30,33,01
15133,,02,03,13,20,22,24,15
2015133,,02,03,13,20,22,24,15
15134,,02,05,14,19,27,31,04
2015134,,02,05,14,19,27,31,04
15135,,01,12,14,18,26,32,07
2015135,,01,12,14,18,26,32,07
15136,,02,05,12,23,28,29,01
2015136,,02,05,12,23,28,29,01
15137,,14,22,23,27,28,31,12
2015137,,14,22,23,27,28,31,12
15138,,01,02,08,16,19,24,11
2015138,,01,02,08,16,19,24,11
15139,,01,10,13,18,25,27,09
2015139,,01,10,13,18,25,27,09
15140,,06,20,28,29,30,31,12
2015140,,06,20,28,29,30,31,12
15141,,03,08,19,25,27,28,02
2015141,,03,08,19,25,27,28,02
15142,,13,17,19,20,22,25,11
2015142,,13,17,19,20,22,25,11
15143,,13,15,19,20,21,32,04
2015143,,13,15,19,20,21,32,04
15144,,01,04,07,15,28,32,16
2015144,,01,04,07,15,28,32,16
15145,,07,08,15,19,20,24,13
2015145,,07,08,15,19,20,24,13
15146,,16,17,21,28,30,32,15
2015146,,16,17,21,28,30,32,15
15147,,08,09,16,23,24,30,05
2015147,,08,09,16,23,24,30,05
15148,,09,13,14,22,26,27,07
2015148,,09,13,14,22,26,27,07
15149,,09,10,20,21,22,33,09
2015149,,09,10,20,21,22,33,09
15150,,01,03,08,11,29,31,13
2015150,,01,03,08,11,29,31,13
15151,,05,06,08,23,31,32,11
2015151,,05,06,08,23,31,32,11
15152,,11,18,19,21,29,32,12
2015152,,11,18,19,21,29,32,12
15153,,08,11,15,22,27,29,03
2015153,,08,11,15,22,27,29,03
15154,,07,09,11,15,18,25,07
2015154,,07,09,11,15,18,25,07
16001,,06,13,16,18,20,22,13
2016001,,06,13,16,18,20,22,13
16002,,09,14,17,20,24,30,16
2016002,,09,14,17,20,24,30,16
16003,,01,10,14,23,26,28,01
2016003,,01,10,14,23,26,28,01
16004,,08,10,17,22,25,33,12
2016004,,08,10,17,22,25,33,12
16005,,11,14,18,20,31,33,14
2016005,,11,14,18,20,31,33,14
16006,,13,16,18,20,28,31,12
2016006,,13,16,18,20,28,31,12
16007,,05,12,14,20,27,29,06
2016007,,05,12,14,20,27,29,06
16008,,02,15,24,29,32,33,02
2016008,,02,15,24,29,32,33,02
16009,,10,14,24,25,27,32,04
2016009,,10,14,24,25,27,32,04
16010,,02,04,12,14,19,25,06
2016010,,02,04,12,14,19,25,06
16011,,03,08,10,15,22,29,12
2016011,,03,08,10,15,22,29,12
16012,,07,12,14,16,27,32,15
2016012,,07,12,14,16,27,32,15
16013,,07,12,21,22,26,31,01
2016013,,07,12,21,22,26,31,01
16014,,02,08,10,18,20,27,07
2016014,,02,08,10,18,20,27,07
16015,,01,02,14,22,25,26,07
2016015,,01,02,14,22,25,26,07
16016,,01,20,22,24,25,26,16
2016016,,01,20,22,24,25,26,16
16017,,05,06,08,20,22,30,05
2016017,,05,06,08,20,22,30,05
16018,,12,13,14,17,21,25,04
2016018,,12,13,14,17,21,25,04
16019,,06,13,16,17,23,30,10
2016019,,06,13,16,17,23,30,10
16020,,01,02,10,12,22,24,10
2016020,,01,02,10,12,22,24,10
16021,,09,11,13,22,24,26,05
2016021,,09,11,13,22,24,26,05
16022,,04,09,19,22,23,30,07
2016022,,04,09,19,22,23,30,07
16023,,03,06,10,19,25,29,07
2016023,,03,06,10,19,25,29,07
16024,,02,05,07,14,18,31,13
2016024,,02,05,07,14,18,31,13
16025,,04,11,12,17,24,30,12
2016025,,04,11,12,17,24,30,12
16026,,04,09,12,28,30,33,01
2016026,,04,09,12,28,30,33,01
16027,,11,13,15,17,19,31,05
2016027,,11,13,15,17,19,31,05
16028,,06,08,12,21,25,29,01
2016028,,06,08,12,21,25,29,01
16029,,12,15,18,20,21,27,15
2016029,,12,15,18,20,21,27,15
16030,,10,14,19,22,25,29,12
2016030,,10,14,19,22,25,29,12
16031,,03,08,10,19,26,33,03
2016031,,03,08,10,19,26,33,03
16032,,08,12,14,15,21,27,15
2016032,,08,12,14,15,21,27,15
16033,,06,17,18,20,27,29,15
2016033,,06,17,18,20,27,29,15
16034,,03,15,21,22,23,28,15
2016034,,03,15,21,22,23,28,15
16035,,04,13,19,20,26,29,11
2016035,,04,13,19,20,26,29,11
16036,,03,04,07,09,20,22,03
2016036,,03,04,07,09,20,22,03
16037,,06,15,26,31,32,33,16
2016037,,06,15,26,31,32,33,16
16038,,03,12,13,22,28,29,03
2016038,,03,12,13,22,28,29,03
16039,,01,03,07,18,19,27,16
2016039,,01,03,07,18,19,27,16
16040,,03,13,19,20,23,26,03
2016040,,03,13,19,20,23,26,03
16041,,12,17,18,21,22,24,04
2016041,,12,17,18,21,22,24,04
16042,,07,14,17,23,26,31,09
2016042,,07,14,17,23,26,31,09
16043,,05,14,20,26,30,33,12
2016043,,05,14,20,26,30,33,12
16044,,01,03,10,12,18,30,01
2016044,,01,03,10,12,18,30,01
16045,,04,09,12,17,30,32,03
2016045,,04,09,12,17,30,32,03
16046,,07,20,25,26,27,30,14
2016046,,07,20,25,26,27,30,14
16047,,02,05,08,15,17,22,16
2016047,,02,05,08,15,17,22,16
16048,,03,08,13,14,15,30,04
2016048,,03,08,13,14,15,30,04
16049,,06,08,13,14,22,27,10
2016049,,06,08,13,14,22,27,10
16050,,09,12,24,28,29,30,02
2016050,,09,12,24,28,29,30,02
16051,,01,02,04,09,15,33,12
2016051,,01,02,04,09,15,33,12
16052,,01,06,13,19,24,28,16
2016052,,01,06,13,19,24,28,16
16053,,02,08,10,12,29,31,01
2016053,,02,08,10,12,29,31,01
16054,,06,11,16,19,28,32,04
2016054,,06,11,16,19,28,32,04
16055,,05,06,10,16,22,26,11
2016055,,05,06,10,16,22,26,11
16056,,03,04,08,11,16,18,14
2016056,,03,04,08,11,16,18,14
16057,,07,12,19,22,23,26,11
2016057,,07,12,19,22,23,26,11
16058,,03,05,18,20,24,32,11
2016058,,03,05,18,20,24,32,11
16059,,04,11,12,20,25,28,15
2016059,,04,11,12,20,25,28,15
16060,,04,05,22,26,29,32,08
2016060,,04,05,22,26,29,32,08
16061,,05,06,08,18,20,32,08
2016061,,05,06,08,18,20,32,08
16062,,12,13,15,18,19,21,09
2016062,,12,13,15,18,19,21,09
16063,,16,17,18,23,28,32,07
2016063,,16,17,18,23,28,32,07
16064,,03,12,14,17,19,26,03
2016064,,03,12,14,17,19,26,03
16065,,13,16,22,25,26,27,14
2016065,,13,16,22,25,26,27,14
16066,,03,07,13,18,19,20,05
2016066,,03,07,13,18,19,20,05
16067,,09,13,18,20,27,31,04
2016067,,09,13,18,20,27,31,04
16068,,08,19,23,28,31,32,01
2016068,,08,19,23,28,31,32,01
16069,,08,10,11,20,21,27,11
2016069,,08,10,11,20,21,27,11
16070,,03,06,11,18,23,29,01
2016070,,03,06,11,18,23,29,01
16071,,19,21,26,28,29,32,01
2016071,,19,21,26,28,29,32,01
16072,,05,16,19,22,24,25,02
2016072,,05,16,19,22,24,25,02
16073,,09,11,12,15,16,20,13
2016073,,09,11,12,15,16,20,13
16074,,06,10,11,12,20,25,12
2016074,,06,10,11,12,20,25,12
16075,,01,03,06,16,29,32,07
2016075,,01,03,06,16,29,32,07
16076,,07,08,13,22,30,32,01
2016076,,07,08,13,22,30,32,01
16077,,01,09,17,19,20,29,10
2016077,,01,09,17,19,20,29,10
16078,,02,04,08,23,26,29,02
2016078,,02,04,08,23,26,29,02
16079,,01,03,10,12,24,28,02
2016079,,01,03,10,12,24,28,02
16080,,01,16,17,24,25,32,14
2016080,,01,16,17,24,25,32,14
16081,,02,06,15,25,30,32,07
2016081,,02,06,15,25,30,32,07
16082,,06,12,14,15,17,20,09
2016082,,06,12,14,15,17,20,09
16083,,09,16,17,24,30,31,04
2016083,,09,16,17,24,30,31,04
16084,,02,04,12,18,24,26,05
2016084,,02,04,12,18,24,26,05
16085,,01,12,19,20,21,25,16
2016085,,01,12,19,20,21,25,16
16086,,09,10,11,12,15,32,05
2016086,,09,10,11,12,15,32,05
16087,,02,03,10,11,14,21,12
2016087,,02,03,10,11,14,21,12
16088,,03,14,16,18,25,33,15
2016088,,03,14,16,18,25,33,15
16089,,01,03,14,30,31,32,08
2016089,,01,03,14,30,31,32,08
16090,,02,13,17,20,21,26,07
2016090,,02,13,17,20,21,26,07
16091,,04,08,14,22,23,28,07
2016091,,04,08,14,22,23,28,07
16092,,02,13,15,23,24,29,06
2016092,,02,13,15,23,24,29,06
16093,,06,09,15,17,25,27,09
2016093,,06,09,15,17,25,27,09
16094,,06,07,10,12,18,31,10
2016094,,06,07,10,12,18,31,10
16095,,01,05,09,12,18,32,12
2016095,,01,05,09,12,18,32,12
16096,,06,13,14,21,22,24,16
2016096,,06,13,14,21,22,24,16
16097,,06,13,25,26,28,31,01
2016097,,06,13,25,26,28,31,01
16098,,02,08,25,29,31,32,06
2016098,,02,08,25,29,31,32,06
16099,,01,11,21,23,27,33,06
2016099,,01,11,21,23,27,33,06
16100,,03,10,22,23,27,29,04
2016100,,03,10,22,23,27,29,04
16101,,01,03,19,24,32,33,01
2016101,,01,03,19,24,32,33,01
16102,,05,08,10,14,17,30,13
2016102,,05,08,10,14,17,30,13
16103,,01,05,13,19,24,27,11
2016103,,01,05,13,19,24,27,11
16104,,05,09,11,18,30,31,04
2016104,,05,09,11,18,30,31,04
16105,,08,10,19,27,28,31,16
2016105,,08,10,19,27,28,31,16
16106,,04,05,13,22,25,30,04
2016106,,04,05,13,22,25,30,04
16107,,06,11,18,26,27,32,01
2016107,,06,11,18,26,27,32,01
16108,,02,03,07,08,19,26,16
2016108,,02,03,07,08,19,26,16
16109,,09,11,15,16,27,33,05
2016109,,09,11,15,16,27,33,05
16110,,05,07,28,31,32,33,08
2016110,,05,07,28,31,32,33,08
16111,,02,04,07,14,15,32,04
2016111,,02,04,07,14,15,32,04
16112,,06,12,14,15,18,25,12
2016112,,06,12,14,15,18,25,12
16113,,01,11,16,17,20,26,14
2016113,,01,11,16,17,20,26,14
16114,,05,16,20,22,27,29,09
2016114,,05,16,20,22,27,29,09
16115,,06,08,20,22,26,27,09
2016115,,06,08,20,22,26,27,09
16116,,07,18,20,23,27,31,13
2016116,,07,18,20,23,27,31,13
16117,,03,10,14,17,28,33,02
2016117,,03,10,14,17,28,33,02
16118,,09,14,22,23,31,33,14
2016118,,09,14,22,23,31,33,14
16119,,09,19,21,30,31,32,04
2016119,,09,19,21,30,31,32,04
16120,,02,05,06,21,25,28,09
2016120,,02,05,06,21,25,28,09
16121,,02,03,10,23,25,28,09
2016121,,02,03,10,23,25,28,09
16122,,15,22,23,24,28,29,08
2016122,,15,22,23,24,28,29,08
16123,,07,09,12,14,20,27,16
2016123,,07,09,12,14,20,27,16
16124,,09,15,21,24,27,32,10
2016124,,09,15,21,24,27,32,10
16125,,01,06,08,20,27,30,03
2016125,,01,06,08,20,27,30,03
16126,,02,06,12,17,18,19,10
2016126,,02,06,12,17,18,19,10
16127,,07,12,17,26,29,31,16
2016127,,07,12,17,26,29,31,16
16128,,04,09,11,17,26,27,13
2016128,,04,09,11,17,26,27,13
16129,,05,06,08,21,31,33,14
2016129,,05,06,08,21,31,33,14
16130,,03,17,21,23,27,28,01
2016130,,03,17,21,23,27,28,01
16131,,04,10,18,19,25,27,02
2016131,,04,10,18,19,25,27,02
16132,,05,08,13,19,27,28,07
2016132,,05,08,13,19,27,28,07
16133,,15,16,21,22,27,33,15
2016133,,15,16,21,22,27,33,15
16134,,11,12,13,14,18,33,13
2016134,,11,12,13,14,18,33,13
16135,,02,08,10,18,20,33,12
2016135,,02,08,10,18,20,33,12
16136,,02,07,10,20,27,29,03
2016136,,02,07,10,20,27,29,03
16137,,01,06,09,10,15,32,14
2016137,,01,06,09,10,15,32,14
16138,,07,16,20,24,25,30,07
2016138,,07,16,20,24,25,30,07
16139,,01,06,19,26,28,30,03
2016139,,01,06,19,26,28,30,03
16140,,01,02,05,17,26,32,10
2016140,,01,02,05,17,26,32,10
16141,,04,13,15,17,21,24,15
2016141,,04,13,15,17,21,24,15
16142,,01,10,17,21,23,30,12
2016142,,01,10,17,21,23,30,12
16143,,06,09,23,24,25,33,13
2016143,,06,09,23,24,25,33,13
16144,,04,10,12,27,32,33,05
2016144,,04,10,12,27,32,33,05
16145,,01,03,07,12,19,20,06
2016145,,01,03,07,12,19,20,06
16146,,03,07,15,16,17,23,10
2016146,,03,07,15,16,17,23,10
16147,,04,14,18,28,31,32,12
2016147,,04,14,18,28,31,32,12
16148,,01,02,11,20,26,30,14
2016148,,01,02,11,20,26,30,14
16149,,03,20,23,26,32,33,07
2016149,,03,20,23,26,32,33,07
16150,,02,04,05,09,13,21,05
2016150,,02,04,05,09,13,21,05
16151,,06,11,16,20,22,33,07
2016151,,06,11,16,20,22,33,07
16152,,02,08,09,16,20,22,07
2016152,,02,08,09,16,20,22,07
16153,,07,09,16,24,25,29,06
2016153,,07,09,16,24,25,29,06
17001,,09,11,14,20,25,26,15
2017001,,09,11,14,20,25,26,15
17002,,15,19,23,24,25,32,03
2017002,,15,19,23,24,25,32,03
17003,,01,04,08,15,27,32,16
2017003,,01,04,08,15,27,32,16
17004,,05,13,17,26,27,30,07
2017004,,05,13,17,26,27,30,07
17005,,06,11,12,22,23,30,05
2017005,,06,11,12,22,23,30,05
17006,,02,04,08,26,29,33,08
2017006,,02,04,08,26,29,33,08
17007,,02,04,05,24,26,33,15
2017007,,02,04,05,24,26,33,15
17008,,07,13,15,27,28,29,13
2017008,,07,13,15,27,28,29,13
17009,,02,06,08,09,15,29,14
2017009,,02,06,08,09,15,29,14
17010,,05,08,19,25,28,30,07
2017010,,05,08,19,25,28,30,07
17011,,10,11,12,23,26,29,16
2017011,,10,11,12,23,26,29,16
17012,,10,11,14,15,16,24,07
2017012,,10,11,14,15,16,24,07
17013,,08,11,28,29,31,33,06
2017013,,08,11,28,29,31,33,06
17014,,06,08,18,20,23,31,13
2017014,,06,08,18,20,23,31,13
17015,,01,08,09,14,17,32,01
2017015,,01,08,09,14,17,32,01
17016,,05,08,16,22,27,29,02
2017016,,05,08,16,22,27,29,02
17017,,03,07,08,10,22,23,12
2017017,,03,07,08,10,22,23,12
17018,,01,02,03,17,25,31,09
2017018,,01,02,03,17,25,31,09
17019,,04,06,08,12,23,25,08
2017019,,04,06,08,12,23,25,08
17020,,04,08,10,12,31,33,10
2017020,,04,08,10,12,31,33,10
17021,,02,05,10,22,32,33,09
2017021,,02,05,10,22,32,33,09
17022,,02,06,15,16,18,32,15
2017022,,02,06,15,16,18,32,15
17023,,01,03,04,11,18,22,14
2017023,,01,03,04,11,18,22,14
17024,,09,21,25,26,29,31,13
2017024,,09,21,25,26,29,31,13
17025,,02,15,16,17,22,32,07
2017025,,02,15,16,17,22,32,07
17026,,03,10,12,19,27,30,08
2017026,,03,10,12,19,27,30,08
17027,,02,04,11,14,27,30,05
2017027,,02,04,11,14,27,30,05
17028,,07,08,12,13,22,30,09
2017028,,07,08,12,13,22,30,09
17029,,02,15,21,23,25,30,10
2017029,,02,15,21,23,25,30,10
17030,,01,07,09,20,23,30,02
2017030,,01,07,09,20,23,30,02
17031,,06,10,16,26,27,29,03
2017031,,06,10,16,26,27,29,03
17032,,05,08,15,24,27,31,11
2017032,,05,08,15,24,27,31,11
17033,,05,07,15,20,23,30,15
2017033,,05,07,15,20,23,30,15
17034,,04,07,08,19,32,33,13
2017034,,04,07,08,19,32,33,13
17035,,01,06,14,24,28,32,12
2017035,,01,06,14,24,28,32,12
17036,,01,02,05,10,24,27,15
2017036,,01,02,05,10,24,27,15
17037,,11,15,20,22,25,30,05
2017037,,11,15,20,22,25,30,05
17038,,01,04,08,13,24,27,05
2017038,,01,04,08,13,24,27,05
17039,,02,04,12,14,17,24,15
2017039,,02,04,12,14,17,24,15
17040,,15,19,23,28,29,33,04
2017040,,15,19,23,28,29,33,04
17041,,04,10,13,15,22,27,04
2017041,,04,10,13,15,22,27,04
17042,,01,02,04,07,10,23,04
2017042,,01,02,04,07,10,23,04
17043,,08,13,16,23,27,31,08
2017043,,08,13,16,23,27,31,08
17044,,08,16,19,21,31,32,06
2017044,,08,16,19,21,31,32,06
17045,,05,07,16,20,21,25,05
2017045,,05,07,16,20,21,25,05
17046,,04,13,14,23,26,32,10
2017046,,04,13,14,23,26,32,10
17047,,02,05,08,10,32,33,02
2017047,,02,05,08,10,32,33,02
17048,,05,08,09,14,15,19,07
2017048,,05,08,09,14,15,19,07
17049,,01,08,14,15,20,29,10
2017049,,01,08,14,15,20,29,10
17050,,10,12,20,24,27,29,07
2017050,,10,12,20,24,27,29,07
17051,,02,05,09,15,24,25,11
2017051,,02,05,09,15,24,25,11
17052,,07,08,18,24,29,31,07
2017052,,07,08,18,24,29,31,07
17053,,04,09,11,15,29,31,06
2017053,,04,09,11,15,29,31,06
17054,,02,03,09,23,28,33,08
2017054,,02,03,09,23,28,33,08
17055,,07,12,13,20,24,31,05
2017055,,07,12,13,20,24,31,05
17056,,13,14,18,19,21,28,06
2017056,,13,14,18,19,21,28,06
17057,,18,20,22,23,30,31,16
2017057,,18,20,22,23,30,31,16
17058,,01,09,13,22,28,32,11
2017058,,01,09,13,22,28,32,11
17059,,04,08,09,15,19,25,09
2017059,,04,08,09,15,19,25,09
17060,,05,10,13,24,26,31,04
2017060,,05,10,13,24,26,31,04
17061,,06,07,12,20,26,27,11
2017061,,06,07,12,20,26,27,11
17062,,01,07,22,24,26,31,10
2017062,,01,07,22,24,26,31,10
17063,,12,16,20,22,25,31,04
2017063,,12,16,20,22,25,31,04
17064,,02,10,16,22,24,28,15
2017064,,02,10,16,22,24,28,15
17065,,02,05,08,10,12,21,07
2017065,,02,05,08,10,12,21,07
17066,,01,04,06,17,19,26,03
2017066,,01,04,06,17,19,26,03
17067,,01,03,04,10,18,29,04
2017067,,01,03,04,10,18,29,04
17068,,02,06,10,22,30,31,15
2017068,,02,06,10,22,30,31,15
17069,,02,11,12,23,29,31,05
2017069,,02,11,12,23,29,31,05
17070,,01,06,14,22,25,26,12
2017070,,01,06,14,22,25,26,12
17071,,02,03,06,14,31,32,03
2017071,,02,03,06,14,31,32,03
17072,,06,11,14,23,26,30,02
2017072,,06,11,14,23,26,30,02
17073,,03,06,16,23,26,30,14
2017073,,03,06,16,23,26,30,14
17074,,02,06,16,23,30,31,02
2017074,,02,06,16,23,30,31,02
17075,,01,03,06,19,21,29,07
2017075,,01,03,06,19,21,29,07
17076,,01,04,08,09,14,15,13
2017076,,01,04,08,09,14,15,13
17077,,01,02,04,15,17,22,14
2017077,,01,02,04,15,17,22,14
17078,,05,07,18,19,22,24,16
2017078,,05,07,18,19,22,24,16
17079,,03,07,14,23,25,27,08
2017079,,03,07,14,23,25,27,08
17080,,01,12,16,20,22,24,08
2017080,,01,12,16,20,22,24,08
17081,,03,05,14,25,26,30,05
2017081,,03,05,14,25,26,30,05
17082,,14,18,21,25,28,29,10
2017082,,14,18,21,25,28,29,10
17083,,03,08,14,20,24,26,12
2017083,,03,08,14,20,24,26,12
17084,,01,05,11,20,22,24,02
2017084,,01,05,11,20,22,24,02
17085,,01,05,06,16,25,30,09
2017085,,01,05,06,16,25,30,09
17086,,03,05,06,13,20,22,07
2017086,,03,05,06,13,20,22,07
17087,,03,06,13,14,19,28,06
2017087,,03,06,13,14,19,28,06
17088,,07,09,18,22,23,29,06
2017088,,07,09,18,22,23,29,06
17089,,11,12,13,16,23,25,12
2017089,,11,12,13,16,23,25,12
17090,,01,07,10,16,22,33,09
2017090,,01,07,10,16,22,33,09
17091,,05,07,10,23,28,29,03
2017091,,05,07,10,23,28,29,03
17092,,10,18,19,29,32,33,09
2017092,,10,18,19,29,32,33,09
17093,,07,08,09,15,22,27,12
2017093,,07,08,09,15,22,27,12
17094,,08,11,13,19,28,31,06
2017094,,08,11,13,19,28,31,06
17095,,09,10,12,19,22,29,16
2017095,,09,10,12,19,22,29,16
17096,,02,06,11,12,19,29,06
2017096,,02,06,11,12,19,29,06
17097,,05,10,18,19,30,31,03
2017097,,05,10,18,19,30,31,03
17098,,04,19,22,27,30,33,01
2017098,,04,19,22,27,30,33,01
17099,,02,05,06,16,28,29,04
2017099,,02,05,06,16,28,29,04
17100,,04,07,08,18,23,24,02
2017100,,04,07,08,18,23,24,02
17101,,01,04,11,28,31,32,16
2017101,,01,04,11,28,31,32,16
17102,,04,08,10,14,18,20,11
2017102,,04,08,10,14,18,20,11
17103,,01,21,23,25,31,33,01
2017103,,01,21,23,25,31,33,01
17104,,01,14,15,20,23,30,14
2017104,,01,14,15,20,23,30,14
17105,,03,06,07,12,25,26,07
2017105,,03,06,07,12,25,26,07
17106,,12,15,20,25,27,31,02
2017106,,12,15,20,25,27,31,02
17107,,08,09,15,17,30,32,06
2017107,,08,09,15,17,30,32,06
17108,,07,12,14,15,17,20,01
2017108,,07,12,14,15,17,20,01
17109,,08,14,16,18,21,23,16
2017109,,08,14,16,18,21,23,16
17110,,01,03,12,15,19,23,14
2017110,,01,03,12,15,19,23,14
17111,,05,10,17,19,29,32,12
2017111,,05,10,17,19,29,32,12
17112,,03,10,14,16,22,23,11
2017112,,03,10,14,16,22,23,11
17113,,04,06,16,27,29,33,05
2017113,,04,06,16,27,29,33,05
17114,,06,12,13,15,18,26,13
2017114,,06,12,13,15,18,26,13
17115,,04,10,11,25,30,31,01
2017115,,04,10,11,25,30,31,01
17116,,02,14,20,22,30,32,02
2017116,,02,14,20,22,30,32,02
17117,,01,02,08,11,14,21,09
2017117,,01,02,08,11,14,21,09
17118,,08,09,15,22,30,33,16
2017118,,08,09,15,22,30,33,16
17119,,09,16,21,25,26,31,14
2017119,,09,16,21,25,26,31,14
17120,,08,10,15,19,23,28,16
2017120,,08,10,15,19,23,28,16
17121,,11,18,19,22,24,32,07
2017121,,11,18,19,22,24,32,07
17122,,11,20,21,22,24,27,15
2017122,,11,20,21,22,24,27,15
17123,,04,05,06,11,21,31,10
2017123,,04,05,06,11,21,31,10
17124,,02,06,11,26,28,29,03
2017124,,02,06,11,26,28,29,03
17125,,01,14,23,25,29,30,03
2017125,,01,14,23,25,29,30,03
17126,,01,16,17,21,27,30,16
2017126,,01,16,17,21,27,30,16
17127,,14,15,21,24,27,32,12
2017127,,14,15,21,24,27,32,12
17128,,02,06,13,22,29,31,08
2017128,,02,06,13,22,29,31,08
17129,,05,06,09,14,21,33,02
2017129,,05,06,09,14,21,33,02
17130,,05,13,14,23,25,31,02
2017130,,05,13,14,23,25,31,02
17131,,01,07,10,11,26,27,11
2017131,,01,07,10,11,26,27,11
17132,,02,03,05,09,13,28,11
2017132,,02,03,05,09,13,28,11
17133,,06,15,17,18,23,30,11
2017133,,06,15,17,18,23,30,11
17134,,04,05,11,14,28,32,04
2017134,,04,05,11,14,28,32,04
17135,,01,06,07,14,18,26,16
2017135,,01,06,07,14,18,26,16
17136,,03,07,10,18,21,24,12
2017136,,03,07,10,18,21,24,12
17137,,05,10,20,23,26,31,03
2017137,,05,10,20,23,26,31,03
17138,,01,17,24,28,32,33,02
2017138,,01,17,24,28,32,33,02
17139,,02,14,20,24,28,32,16
2017139,,02,14,20,24,28,32,16
17140,,21,22,25,28,29,30,08
2017140,,21,22,25,28,29,30,08
17141,,01,06,07,11,13,15,05
2017141,,01,06,07,11,13,15,05
17142,,08,13,14,18,23,33,06
2017142,,08,13,14,18,23,33,06
17143,,04,06,09,14,20,29,14
2017143,,04,06,09,14,20,29,14
17144,,03,14,16,20,31,32,09
2017144,,03,14,16,20,31,32,09
17145,,02,06,12,17,25,28,12
2017145,,02,06,12,17,25,28,12
17146,,01,19,25,26,27,33,10
2017146,,01,19,25,26,27,33,10
17147,,03,07,20,21,25,31,14
2017147,,03,07,20,21,25,31,14
17148,,04,07,11,14,29,32,12
2017148,,04,07,11,14,29,32,12
17149,,05,08,15,20,27,30,13
2017149,,05,08,15,20,27,30,13
17150,,06,14,19,20,21,23,08
2017150,,06,14,19,20,21,23,08
17151,,02,05,07,09,11,27,16
2017151,,02,05,07,09,11,27,16
17152,,06,10,23,25,26,29,05
2017152,,06,10,23,25,26,29,05
17153,,07,11,12,13,18,19,16
2017153,,07,11,12,13,18,19,16
17154,,05,09,13,15,18,26,05
2017154,,05,09,13,15,18,26,05
18001,,01,08,11,26,28,31,04
2018001,,01,08,11,26,28,31,04
18002,,07,18,24,29,31,33,16
2018002,,07,18,24,29,31,33,16
18003,,01,14,16,17,20,31,04
2018003,,01,14,16,17,20,31,04
18004,,14,18,19,26,30,31,11
2018004,,14,18,19,26,30,31,11
18005,,02,20,21,28,31,33,06
2018005,,02,20,21,28,31,33,06
18006,,02,07,08,09,17,29,11
2018006,,02,07,08,09,17,29,11
18007,,13,14,20,25,27,31,12
2018007,,13,14,20,25,27,31,12
18008,,05,09,10,12,17,19,13
2018008,,05,09,10,12,17,19,13
18009,,05,10,17,23,26,32,07
2018009,,05,10,17,23,26,32,07
18010,,01,08,17,20,21,22,03
2018010,,01,08,17,20,21,22,03
18011,,03,10,21,23,27,33,11
2018011,,03,10,21,23,27,33,11
18012,,11,12,13,19,26,28,12
2018012,,11,12,13,19,26,28,12
18013,,06,08,13,15,22,33,06
2018013,,06,08,13,15,22,33,06
18014,,09,12,20,24,28,31,07
2018014,,09,12,20,24,28,31,07
18015,,11,15,20,21,26,33,15
2018015,,11,15,20,21,26,33,15
18016,,01,11,12,18,25,27,16
2018016,,01,11,12,18,25,27,16
18017,,03,06,11,26,30,32,12
2018017,,03,06,11,26,30,32,12
18018,,02,12,13,18,25,27,07
2018018,,02,12,13,18,25,27,07
18019,,03,11,12,16,21,23,09
2018019,,03,11,12,16,21,23,09
18020,,06,09,10,14,28,30,05
2018020,,06,09,10,14,28,30,05
18021,,03,04,06,11,23,28,14
2018021,,03,04,06,11,23,28,14
18022,,07,14,19,21,22,23,03
2018022,,07,14,19,21,22,23,03
18023,,12,15,16,21,26,29,16
2018023,,12,15,16,21,26,29,16
18024,,11,19,22,26,31,32,02
2018024,,11,19,22,26,31,32,02
18025,,04,13,16,19,21,25,14
2018025,,04,13,16,19,21,25,14
18026,,04,07,12,14,26,32,04
2018026,,04,07,12,14,26,32,04
18027,,02,07,09,14,18,28,05
2018027,,02,07,09,14,18,28,05
18028,,03,08,11,14,18,23,16
2018028,,03,08,11,14,18,23,16
18029,,01,02,09,14,22,25,05
2018029,,01,02,09,14,22,25,05
18030,,13,14,20,21,25,33,07
2018030,,13,14,20,21,25,33,07
18031,,02,16,18,19,27,30,14
2018031,,02,16,18,19,27,30,14
18032,,21,22,23,24,25,32,06
2018032,,21,22,23,24,25,32,06
18033,,04,19,20,22,28,33,06
2018033,,04,19,20,22,28,33,06
18034,,01,05,11,22,23,26,15
2018034,,01,05,11,22,23,26,15
18035,,07,10,11,17,23,28,15
2018035,,07,10,11,17,23,28,15
18036,,08,17,24,26,28,33,04
2018036,,08,17,24,26,28,33,04
18037,,01,06,07,08,27,30,10
2018037,,01,06,07,08,27,30,10
18038,,15,23,24,25,28,29,09
2018038,,15,23,24,25,28,29,09
18039,,08,12,18,19,23,32,03
2018039,,08,12,18,19,23,32,03
18040,,01,03,08,13,18,23,16
2018040,,01,03,08,13,18,23,16
18041,,07,08,20,23,24,32,13
2018041,,07,08,20,23,24,32,13
18042,,06,10,21,28,29,31,12
2018042,,06,10,21,28,29,31,12
18043,,01,04,06,08,21,24,07
2018043,,01,04,06,08,21,24,07
18044,,05,09,12,17,27,30,06
2018044,,05,09,12,17,27,30,06
18045,,03,04,06,25,26,30,01
2018045,,03,04,06,25,26,30,01
18046,,10,13,14,18,20,31,03
2018046,,10,13,14,18,20,31,03
18047,,06,07,12,16,22,25,07
2018047,,06,07,12,16,22,25,07
18048,,01,12,20,25,30,31,02
2018048,,01,12,20,25,30,31,02
18049,,01,03,04,11,19,23,02
2018049,,01,03,04,11,19,23,02
18050,,01,02,04,10,18,19,07
2018050,,01,02,04,10,18,19,07
18051,,05,07,20,23,27,31,04
2018051,,05,07,20,23,27,31,04
18052,,03,05,06,09,15,32,14
2018052,,03,05,06,09,15,32,14
18053,,01,04,10,11,14,27,06
2018053,,01,04,10,11,14,27,06
18054,,04,06,18,22,25,33,16
2018054,,04,06,18,22,25,33,16
18055,,07,09,10,12,22,26,07
2018055,,07,09,10,12,22,26,07
18056,,01,03,06,20,21,26,01
2018056,,01,03,06,20,21,26,01
18057,,05,15,17,19,20,30,13
2018057,,05,15,17,19,20,30,13
18058,,07,12,13,16,26,31,07
2018058,,07,12,13,16,26,31,07
18059,,04,06,08,13,22,32,11
2018059,,04,06,08,13,22,32,11
18060,,04,08,13,25,30,31,10
2018060,,04,08,13,25,30,31,10
18061,,09,10,11,12,18,23,07
2018061,,09,10,11,12,18,23,07
18062,,02,18,19,24,25,33,11
2018062,,02,18,19,24,25,33,11
18063,,05,06,10,16,20,25,12
2018063,,05,06,10,16,20,25,12
18064,,02,05,10,11,17,21,05
2018064,,02,05,10,11,17,21,05
18065,,01,04,06,14,28,33,01
2018065,,01,04,06,14,28,33,01
18066,,09,16,17,19,22,26,10
2018066,,09,16,17,19,22,26,10
18067,,01,04,09,12,15,18,05
2018067,,01,04,09,12,15,18,05
18068,,08,10,17,20,27,30,01
2018068,,08,10,17,20,27,30,01
18069,,06,13,17,19,23,31,12
2018069,,06,13,17,19,23,31,12
18070,,04,09,15,16,19,27,10
2018070,,04,09,15,16,19,27,10
18071,,02,05,06,13,16,19,03
2018071,,02,05,06,13,16,19,03
18072,,11,16,19,22,25,30,08
2018072,,11,16,19,22,25,30,08
18073,,02,09,14,15,16,23,10
2018073,,02,09,14,15,16,23,10
18074,,09,11,14,20,27,30,09
2018074,,09,11,14,20,27,30,09
18075,,07,09,12,13,22,24,11
2018075,,07,09,12,13,22,24,11
18076,,03,07,08,15,29,30,13
2018076,,03,07,08,15,29,30,13
18077,,02,05,09,15,20,24,10
2018077,,02,05,09,15,20,24,10
18078,,03,10,14,17,18,30,12
2018078,,03,10,14,17,18,30,12
18079,,14,15,17,22,24,29,13
2018079,,14,15,17,22,24,29,13
18080,,04,07,13,20,29,33,03
2018080,,04,07,13,20,29,33,03
18081,,01,02,12,16,20,26,03
2018081,,01,02,12,16,20,26,03
18082,,06,12,14,20,22,24,09
2018082,,06,12,14,20,22,24,09
18083,,04,09,18,21,32,33,03
2018083,,04,09,18,21,32,33,03
18084,,05,06,08,12,22,24,03
2018084,,05,06,08,12,22,24,03
18085,,04,10,25,26,30,33,06
2018085,,04,10,25,26,30,33,06
18086,,02,07,17,21,23,26,16
2018086,,02,07,17,21,23,26,16
18087,,01,05,10,16,18,31,03
2018087,,01,05,10,16,18,31,03
18088,,03,05,12,29,30,32,14
2018088,,03,05,12,29,30,32,14
18089,,06,09,12,14,18,27,14
2018089,,06,09,12,14,18,27,14
18090,,01,02,04,10,14,23,07
2018090,,01,02,04,10,14,23,07
18091,,06,11,13,17,25,32,07
2018091,,06,11,13,17,25,32,07
18092,,06,10,16,19,24,33,16
2018092,,06,10,16,19,24,33,16
18093,,04,18,20,21,29,33,07
2018093,,04,18,20,21,29,33,07
18094,,04,07,16,20,24,30,05
2018094,,04,07,16,20,24,30,05
18095,,10,11,12,21,26,33,09
2018095,,10,11,12,21,26,33,09
18096,,01,05,09,20,28,32,12
2018096,,01,05,09,20,28,32,12
18097,,01,02,17,20,25,28,13
2018097,,01,02,17,20,25,28,13
18098,,06,10,11,20,29,32,13
2018098,,06,10,11,20,29,32,13
18099,,03,07,08,14,25,32,06
2018099,,03,07,08,14,25,32,06
18100,,02,11,14,15,29,33,02
2018100,,02,11,14,15,29,33,02
18101,,01,03,14,26,29,33,09
2018101,,01,03,14,26,29,33,09
18102,,02,06,11,19,21,28,05
2018102,,02,06,11,19,21,28,05
18103,,02,09,15,22,23,24,16
2018103,,02,09,15,22,23,24,16
18104,,02,03,06,19,25,29,01
2018104,,02,03,06,19,25,29,01
18105,,04,05,13,18,19,25,01
2018105,,04,05,13,18,19,25,01
18106,,04,18,19,24,25,26,10
2018106,,04,18,19,24,25,26,10
18107,,01,02,05,12,20,22,01
2018107,,01,02,05,12,20,22,01
18108,,05,13,18,21,26,30,02
2018108,,05,13,18,21,26,30,02
18109,,10,11,18,23,31,33,15
2018109,,10,11,18,23,31,33,15
18110,,11,13,16,21,22,23,02
2018110,,11,13,16,21,22,23,02
18111,,01,07,14,24,25,28,08
2018111,,01,07,14,24,25,28,08
18112,,05,08,18,25,26,31,04
2018112,,05,08,18,25,26,31,04
18113,,01,06,09,16,25,26,09
2018113,,01,06,09,16,25,26,09
18114,,01,07,15,16,20,27,14
2018114,,01,07,15,16,20,27,14
18115,,01,13,19,24,26,29,11
2018115,,01,13,19,24,26,29,11
18116,,05,14,17,22,23,28,15
2018116,,05,14,17,22,23,28,15
18117,,08,11,15,17,23,25,05
2018117,,08,11,15,17,23,25,05
18118,,08,12,21,22,27,31,09
2018118,,08,12,21,22,27,31,09
18119,,03,13,14,16,25,27,12
2018119,,03,13,14,16,25,27,12
18120,,03,04,18,26,27,33,01
2018120,,03,04,18,26,27,33,01
18121,,06,08,14,19,23,25,11
2018121,,06,08,14,19,23,25,11
18122,,05,07,20,22,30,32,10
2018122,,05,07,20,22,30,32,10
18123,,13,21,24,27,31,32,01
2018123,,13,21,24,27,31,32,01
18124,,09,13,14,19,22,25,02
2018124,,09,13,14,19,22,25,02
18125,,03,10,11,14,15,32,02
2018125,,03,10,11,14,15,32,02
18126,,01,06,08,09,14,22,05
2018126,,01,06,08,09,14,22,05
18127,,02,05,06,07,11,15,12
2018127,,02,05,06,07,11,15,12
18128,,06,07,08,19,22,23,02
2018128,,06,07,08,19,22,23,02
18129,,02,04,06,16,18,19,16
2018129,,02,04,06,16,18,19,16
18130,,05,12,17,18,24,28,12
2018130,,05,12,17,18,24,28,12
18131,,21,22,24,31,32,33,01
2018131,,21,22,24,31,32,33,01
18132,,01,02,09,10,15,22,06
2018132,,01,02,09,10,15,22,06
18133,,02,04,11,12,18,32,13
2018133,,02,04,11,12,18,32,13
18134,,03,16,18,31,32,33,12
2018134,,03,16,18,31,32,33,12
18135,,01,03,06,10,11,29,16
2018135,,01,03,06,10,11,29,16
18136,,10,12,15,25,26,27,14
2018136,,10,12,15,25,26,27,14
18137,,03,05,11,15,20,23,09
2018137,,03,05,11,15,20,23,09
18138,,01,10,25,27,30,32,09
2018138,,01,10,25,27,30,32,09
18139,,11,18,20,23,31,32,15
2018139,,11,18,20,23,31,32,15
18140,,01,15,20,22,25,28,14
2018140,,01,15,20,22,25,28,14
18141,,11,14,16,18,24,33,04
2018141,,11,14,16,18,24,33,04
18142,,05,08,10,11,27,28,11
2018142,,05,08,10,11,27,28,11
18143,,04,06,15,28,32,33,14
2018143,,04,06,15,28,32,33,14
18144,,08,13,17,18,20,27,13
2018144,,08,13,17,18,20,27,13
18145,,03,09,13,22,23,25,06
2018145,,03,09,13,22,23,25,06
18146,,02,10,11,17,18,29,16
2018146,,02,10,11,17,18,29,16
18147,,03,15,17,23,27,30,11
2018147,,03,15,17,23,27,30,11
18148,,03,06,18,19,21,31,01
2018148,,03,06,18,19,21,31,01
18149,,01,07,08,10,12,24,01
2018149,,01,07,08,10,12,24,01
18150,,06,08,15,19,20,31,05
2018150,,06,08,15,19,20,31,05
18151,,05,15,19,25,26,29,15
2018151,,05,15,19,25,26,29,15
18152,,04,14,16,23,28,29,03
2018152,,04,14,16,23,28,29,03
18153,,01,07,17,23,25,31,11
2018153,,01,07,17,23,25,31,11
19001,,06,10,13,15,32,33,15
2019001,,06,10,13,15,32,33,15
19002,,04,05,06,08,09,18,11
2019002,,04,05,06,08,09,18,11
19003,,13,17,20,21,22,27,01
2019003,,13,17,20,21,22,27,01
19004,,08,12,16,19,26,32,03
2019004,,08,12,16,19,26,32,03
19005,,21,22,26,28,31,32,07
2019005,,21,22,26,28,31,32,07
19006,,01,05,10,19,26,28,12
2019006,,01,05,10,19,26,28,12
19007,,06,10,14,15,19,23,15
2019007,,06,10,14,15,19,23,15
19008,,02,06,09,13,28,32,12
2019008,,02,06,09,13,28,32,12
19009,,01,07,10,22,31,32,15
2019009,,01,07,10,22,31,32,15
19010,,02,04,05,08,11,30,02
2019010,,02,04,05,08,11,30,02
19011,,10,13,19,21,24,30,07
2019011,,10,13,19,21,24,30,07
19012,,07,10,21,23,31,33,14
2019012,,07,10,21,23,31,33,14
19013,,05,07,14,16,18,21,01
2019013,,05,07,14,16,18,21,01
19014,,01,02,03,14,19,33,03
2019014,,01,02,03,14,19,33,03
19015,,11,15,16,20,24,31,04
2019015,,11,15,16,20,24,31,04
19016,,05,07,09,11,19,25,05
2019016,,05,07,09,11,19,25,05
19017,,04,05,24,28,30,33,09
2019017,,04,05,24,28,30,33,09
19018,,04,11,18,19,26,32,04
2019018,,04,11,18,19,26,32,04
19019,,03,11,17,18,24,25,06
2019019,,03,11,17,18,24,25,06
19020,,02,12,13,23,27,28,12
2019020,,02,12,13,23,27,28,12
19021,,02,05,07,08,20,27,04
2019021,,02,05,07,08,20,27,04
19022,,03,07,11,21,30,33,07
2019022,,03,07,11,21,30,33,07
19023,,01,10,14,15,18,31,13
2019023,,01,10,14,15,18,31,13
19024,,01,08,23,25,28,29,10
2019024,,01,08,23,25,28,29,10
19025,,15,16,21,27,30,33,04
2019025,,15,16,21,27,30,33,04
19026,,03,13,15,19,20,27,14
2019026,,03,13,15,19,20,27,14
19027,,02,06,08,10,11,17,13
2019027,,02,06,08,10,11,17,13
19028,,04,19,22,26,29,30,11
2019028,,04,19,22,26,29,30,11
19029,,08,11,17,23,32,33,10
2019029,,08,11,17,23,32,33,10
19030,,04,05,07,10,12,22,16
2019030,,04,05,07,10,12,22,16
19031,,03,13,15,18,21,33,16
2019031,,03,13,15,18,21,33,16
19032,,04,08,09,13,28,33,04
2019032,,04,08,09,13,28,33,04
19033,,09,15,19,21,23,29,15
2019033,,09,15,19,21,23,29,15
19034,,09,11,15,22,24,26,03
2019034,,09,11,15,22,24,26,03
19035,,01,05,07,09,10,20,16
2019035,,01,05,07,09,10,20,16
19036,,02,10,13,16,23,32,08
2019036,,02,10,13,16,23,32,08
19037,,01,07,12,14,18,25,10
2019037,,01,07,12,14,18,25,10
19038,,09,12,21,27,29,30,05
2019038,,09,12,21,27,29,30,05
19039,,06,07,11,14,27,32,08
2019039,,06,07,11,14,27,32,08
19040,,05,06,09,18,23,31,11
2019040,,05,06,09,18,23,31,11
19041,,02,09,13,23,24,26,16
2019041,,02,09,13,23,24,26,16
19042,,15,17,19,22,25,26,04
2019042,,15,17,19,22,25,26,04
19043,,01,06,12,13,24,32,13
2019043,,01,06,12,13,24,32,13
19044,,06,14,16,17,23,29,07
2019044,,06,14,16,17,23,29,07
19045,,01,06,17,19,27,31,14
2019045,,01,06,17,19,27,31,14
19046,,02,12,16,22,25,32,06
2019046,,02,12,16,22,25,32,06
19047,,03,11,18,25,30,33,14
2019047,,03,11,18,25,30,33,14
19048,,03,07,10,12,18,29,10
2019048,,03,07,10,12,18,29,10
19049,,03,10,13,22,23,28,15
2019049,,03,10,13,22,23,28,15
19050,,04,06,10,11,21,23,02
2019050,,04,06,10,11,21,23,02
19051,,08,09,10,13,15,28,09
2019051,,08,09,10,13,15,28,09
19052,,03,06,09,13,16,19,16
2019052,,03,06,09,13,16,19,16
19053,,04,16,22,25,29,31,08
2019053,,04,16,22,25,29,31,08
19054,,07,10,11,15,24,26,11
2019054,,07,10,11,15,24,26,11
19055,,01,06,11,15,19,31,10
2019055,,01,06,11,15,19,31,10
19056,,13,14,17,19,21,29,01
2019056,,13,14,17,19,21,29,01
19057,,04,05,06,08,13,18,16
2019057,,04,05,06,08,13,18,16
19058,,07,08,12,21,23,27,12
2019058,,07,08,12,21,23,27,12
19059,,04,05,07,09,16,18,06
2019059,,04,05,07,09,16,18,06
19060,,03,04,14,20,23,27,01
2019060,,03,04,14,20,23,27,01
19061,,03,17,19,24,27,31,12
2019061,,03,17,19,24,27,31,12
19062,,07,13,16,23,26,30,01
2019062,,07,13,16,23,26,30,01
19063,,01,14,19,22,29,31,16
2019063,,01,14,19,22,29,31,16
19064,,12,20,24,25,30,33,12
2019064,,12,20,24,25,30,33,12
19065,,06,09,11,15,20,26,10
2019065,,06,09,11,15,20,26,10
19066,,01,14,17,20,22,32,04
2019066,,01,14,17,20,22,32,04
19067,,04,06,08,11,30,33,11
2019067,,04,06,08,11,30,33,11
19068,,03,14,20,24,26,33,10
2019068,,03,14,20,24,26,33,10
19069,,06,11,16,19,21,25,01
2019069,,06,11,16,19,21,25,01
19070,,06,15,18,19,24,32,09
2019070,,06,15,18,19,24,32,09
19071,,01,08,19,24,29,30,04
2019071,,01,08,19,24,29,30,04
19072,,02,09,13,15,22,30,15
2019072,,02,09,13,15,22,30,15
19073,,01,02,06,12,16,18,08
2019073,,01,02,06,12,16,18,08
19074,,12,21,27,29,31,33,04
2019074,,12,21,27,29,31,33,04
19075,,05,08,20,22,31,33,03
2019075,,05,08,20,22,31,33,03
19076,,12,15,19,20,29,32,14
2019076,,12,15,19,20,29,32,14
19077,,09,11,13,18,21,22,15
2019077,,09,11,13,18,21,22,15
19078,,01,17,27,29,31,33,12
2019078,,01,17,27,29,31,33,12
19079,,01,03,06,09,19,31,16
2019079,,01,03,06,09,19,31,16
19080,,03,06,08,20,24,32,07
2019080,,03,06,08,20,24,32,07
19081,,05,24,27,29,31,32,10
2019081,,05,24,27,29,31,32,10
19082,,07,16,19,22,24,28,02
2019082,,07,16,19,22,24,28,02
19083,,06,15,17,26,28,31,03
2019083,,06,15,17,26,28,31,03
19084,,04,08,14,18,20,27,03
2019084,,04,08,14,18,20,27,03
19085,,01,04,14,18,24,29,04
2019085,,01,04,14,18,24,29,04
19086,,16,22,24,26,28,31,06
2019086,,16,22,24,26,28,31,06
19087,,04,05,07,09,21,30,04
2019087,,04,05,07,09,21,30,04
19088,,13,14,15,21,23,29,13
2019088,,13,14,15,21,23,29,13
19089,,02,04,14,16,20,22,11
2019089,,02,04,14,16,20,22,11
19090,,02,03,06,08,14,22,04
2019090,,02,03,06,08,14,22,04
19091,,07,10,21,24,29,32,11
2019091,,07,10,21,24,29,32,11
19092,,09,17,27,28,32,33,08
2019092,,09,17,27,28,32,33,08
19093,,05,07,08,09,20,22,02
2019093,,05,07,08,09,20,22,02
19094,,05,10,12,18,19,27,06
2019094,,05,10,12,18,19,27,06
19095,,02,05,14,19,21,28,01
2019095,,02,05,14,19,21,28,01
19096,,05,07,12,18,27,32,11
2019096,,05,07,12,18,27,32,11
19097,,03,05,18,24,25,31,09
2019097,,03,05,18,24,25,31,09
19098,,03,11,12,14,17,26,09
2019098,,03,11,12,14,17,26,09
19099,,07,14,22,23,27,30,08
2019099,,07,14,22,23,27,30,08
19100,,01,04,12,13,30,32,08
2019100,,01,04,12,13,30,32,08
19101,,01,04,09,21,31,33,05
2019101,,01,04,09,21,31,33,05
19102,,03,08,12,16,20,32,12
2019102,,03,08,12,16,20,32,12
19103,,04,12,14,21,27,29,12
2019103,,04,12,14,21,27,29,12
19104,,01,05,16,17,18,24,10
2019104,,01,05,16,17,18,24,10
19105,,02,13,15,17,26,33,01
2019105,,02,13,15,17,26,33,01
19106,,02,14,22,27,30,33,14
2019106,,02,14,22,27,30,33,14
19107,,02,06,08,23,27,32,02
2019107,,02,06,08,23,27,32,02
19108,,07,13,19,22,25,32,13
2019108,,07,13,19,22,25,32,13
19109,,03,06,07,17,28,31,10
2019109,,03,06,07,17,28,31,10
19110,,01,18,22,26,27,28,08
2019110,,01,18,22,26,27,28,08
19111,,07,18,20,22,24,33,01
2019111,,07,18,20,22,24,33,01
19112,,03,12,14,17,23,27,01
2019112,,03,12,14,17,23,27,01
19113,,01,05,19,21,25,33,15
2019113,,01,05,19,21,25,33,15
19114,,02,04,09,11,12,30,01
2019114,,02,04,09,11,12,30,01
19115,,04,10,11,14,15,29,05
2019115,,04,10,11,14,15,29,05
19116,,01,08,09,13,16,33,01
2019116,,01,08,09,13,16,33,01
19117,,03,05,11,28,32,33,01
2019117,,03,05,11,28,32,33,01
19118,,12,14,15,25,28,31,04
2019118,,12,14,15,25,28,31,04
19119,,04,20,22,24,26,33,07
2019119,,04,20,22,24,26,33,07
19120,,10,12,27,31,32,33,03
2019120,,10,12,27,31,32,33,03
19121,,02,06,15,21,30,31,02
2019121,,02,06,15,21,30,31,02
19122,,04,10,15,19,21,23,02
2019122,,04,10,15,19,21,23,02
19123,,02,06,08,17,28,30,06
2019123,,02,06,08,17,28,30,06
19124,,04,09,30,31,32,33,01
2019124,,04,09,30,31,32,33,01
19125,,02,11,12,26,27,29,03
2019125,,02,11,12,26,27,29,03
19126,,02,14,17,29,32,33,16
2019126,,02,14,17,29,32,33,16
19127,,02,06,07,12,17,24,10
2019127,,02,06,07,12,17,24,10
19128,,03,08,12,16,17,19,08
2019128,,03,08,12,16,17,19,08
19129,,03,04,07,09,15,26,07
2019129,,03,04,07,09,15,26,07
19130,,01,07,09,11,24,32,16
2019130,,01,07,09,11,24,32,16
19131,,09,17,19,20,24,31,04
2019131,,09,17,19,20,24,31,04
19132,,04,06,11,14,19,33,07
2019132,,04,06,11,14,19,33,07
19133,,03,07,16,21,24,31,07
2019133,,03,07,16,21,24,31,07
19134,,01,04,06,22,29,30,03
2019134,,01,04,06,22,29,30,03
19135,,03,06,10,11,27,33,03
2019135,,03,06,10,11,27,33,03
19136,,12,14,15,17,29,33,12
2019136,,12,14,15,17,29,33,12
19137,,07,10,13,19,23,31,06
2019137,,07,10,13,19,23,31,06
19138,,02,06,12,30,31,32,11
2019138,,02,06,12,30,31,32,11
19139,,08,14,20,23,30,33,11
2019139,,08,14,20,23,30,33,11
19140,,02,04,09,11,14,22,05
2019140,,02,04,09,11,14,22,05
19141,,10,13,14,15,17,33,14
2019141,,10,13,14,15,17,33,14
19142,,08,14,24,27,29,33,09
2019142,,08,14,24,27,29,33,09
19143,,05,13,15,16,26,32,09
2019143,,05,13,15,16,26,32,09
19144,,02,12,15,19,27,30,03
2019144,,02,12,15,19,27,30,03
19145,,01,08,13,17,18,19,16
2019145,,01,08,13,17,18,19,16
19146,,01,04,10,12,30,32,14
2019146,,01,04,10,12,30,32,14
19147,,01,09,12,14,23,27,12
2019147,,01,09,12,14,23,27,12
19148,,09,10,13,20,26,27,08
2019148,,09,10,13,20,26,27,08
19149,,01,06,27,28,31,33,07
2019149,,01,06,27,28,31,33,07
19150,,02,09,14,22,27,29,02
2019150,,02,09,14,22,27,29,02
19151,,02,06,09,18,24,26,14
2019151,,02,06,09,18,24,26,14
20001,,02,15,23,26,29,30,02
2020001,,02,15,23,26,29,30,02
20002,,04,09,14,15,16,29,11
2020002,,04,09,14,15,16,29,11
20003,,09,17,26,29,30,32,03
2020003,,09,17,26,29,30,32,03
20004,,02,15,17,27,32,33,03
2020004,,02,15,17,27,32,33,03
20005,,11,16,17,22,26,32,04
2020005,,11,16,17,22,26,32,04
20006,,03,04,05,10,16,32,09
2020006,,03,04,05,10,16,32,09
20007,,05,12,17,20,25,31,10
2020007,,05,12,17,20,25,31,10
20008,,01,04,06,10,11,28,16
2020008,,01,04,06,10,11,28,16
20009,,03,06,08,14,19,26,12
2020009,,03,06,08,14,19,26,12
2020010,,11,14,22,27,31,32,09
2020011,,04,05,07,17,18,29,01
2020012,,04,13,14,23,26,31,09
2020013,,02,08,10,20,21,30,14
2020014,,02,07,08,10,12,16,07
2020015,,08,09,22,24,30,33,01
2020016,,05,06,08,17,24,27,07
2020017,,02,04,07,15,20,27,04
2020018,,05,07,08,11,17,22,13
2020019,,15,19,27,28,30,33,03
2020020,,01,06,09,13,15,22,14
2020021,,02,06,14,16,27,31,07
2020022,,02,10,20,22,25,30,02
2020023,,04,05,20,21,30,33,08
2020024,,10,13,27,28,29,31,08
2020025,,01,09,10,15,20,29,02
2020026,,01,04,09,18,19,31,06
2020027,,12,13,14,24,25,28,06
2020028,,05,06,15,18,26,32,08
2020029,,01,12,18,20,30,32,05
2020030,,17,18,21,29,30,32,03
2020031,,02,05,09,15,16,27,09
2020032,,03,11,13,14,15,26,13
2020033,,07,10,12,21,31,32,01
2020034,,02,08,15,16,26,32,03
2020035,,10,14,24,25,28,33,11
2020036,,07,09,16,22,24,32,06
2020037,,01,04,11,13,17,24,15
2020038,,01,06,07,18,23,24,15
2020039,,02,09,10,11,16,29,02
2020040,,01,06,12,16,19,21,04
2020041,,06,07,16,22,24,25,13
2020042,,02,06,07,11,14,31,03
2020043,,01,11,24,25,27,30,07
2020044,,07,08,16,17,19,24,07
2020045,,02,03,15,21,22,33,16
2020046,,13,19,25,26,27,32,08
2020047,,04,10,17,19,28,32,01
2020048,,12,14,18,23,30,32,02
2020049,,01,07,09,12,18,22,04
2020050,,04,09,17,20,32,33,15
2020051,,03,06,08,11,19,28,08
2020052,,02,08,13,29,32,33,15
2020053,,02,14,15,16,32,33,01
2020054,,03,10,19,25,26,31,02
2020055,,01,05,07,23,28,30,12
2020056,,02,05,08,12,26,31,14
2020057,,09,14,21,23,26,32,03
2020058,,01,03,11,12,19,26,07
2020059,,02,04,10,17,22,25,14
2020060,,05,09,14,20,24,30,08
2020061,,08,17,24,26,27,31,04
2020062,,10,14,17,22,26,27,05
2020063,,12,15,16,22,29,32,14
2020064,,01,03,07,21,27,32,01
2020065,,09,15,18,21,23,26,08
2020066,,02,09,13,17,26,28,07
2020067,,04,07,09,23,27,30,08
2020068,,12,16,21,26,27,32,10
2020069,,03,09,10,13,18,26,04
2020070,,01,02,04,06,19,21,15
2020071,,09,11,12,13,22,23,08
2020072,,06,08,10,15,17,26,04
2020073,,05,07,11,13,27,29,03
2020074,,04,08,09,13,19,33,12
2020075,,03,11,13,20,24,30,16
2020076,,10,15,16,18,20,27,06
2020077,,03,10,16,21,25,27,12
2020078,,03,11,14,16,21,32,04
2020079,,05,12,20,21,22,29,14
2020080,,14,15,18,22,31,33,01
2020081,,01,05,13,14,27,33,15
2020082,,02,08,11,17,21,30,09
2020083,,01,19,25,26,30,31,12
2020084,,03,07,16,17,23,30,07
2020085,,01,02,05,09,19,24,16
2020086,,02,04,06,15,24,27,06
2020087,,11,15,20,23,25,33,10
2020088,,01,06,12,26,29,30,12
2020089,,02,14,16,21,29,30,10
2020090,,02,21,23,26,31,32,06
2020091,,01,09,11,12,16,19,16
2020092,,01,06,12,18,22,24,03
2020093,,04,05,10,13,15,19,15
2020094,,10,15,17,27,29,31,08
2020095,,03,09,16,17,20,26,02
2020096,,01,20,23,26,27,32,15
2020097,,02,08,21,25,26,30,10
2020098,,06,08,11,22,25,33,02
2020099,,05,06,11,12,15,30,12
2020100,,01,07,15,16,20,23,07
2020101,,10,17,24,25,28,30,15
2020102,,09,10,19,25,26,29,08
2020103,,04,09,10,22,28,32,08
2020104,,04,08,10,16,27,29,09
2020105,,06,14,19,20,22,24,01
2020106,,02,04,11,15,18,28,10
2020107,,03,09,11,24,25,28,16
2020108,,10,12,15,17,23,32,05
2020109,,06,13,16,20,23,32,13
2020110,,02,06,09,14,22,25,04
2020111,,06,09,17,22,24,26,16
2020112,,02,09,12,17,28,32,05
2020113,,01,03,07,10,22,32,11
2020114,,01,05,11,24,30,32,03
2020115,,01,04,12,20,25,32,02
2020116,,05,06,14,16,19,27,10
2020117,,07,08,09,10,16,27,07
2020118,,11,13,19,26,30,33,05
2020119,,01,09,22,28,32,33,15
2020120,,01,02,03,04,09,10,12
2020121,,02,04,06,21,25,29,03
2020122,,12,15,17,24,26,31,15
2020123,,01,03,18,19,26,29,03
2020124,,16,18,19,20,29,33,12
2020125,,05,12,16,26,30,31,13
2020126,,03,07,12,14,23,28,11
2020127,,01,04,18,19,26,31,07
2020128,,08,10,15,16,23,26,10
2020129,,01,02,05,15,28,33,04
2020130,,08,09,11,14,17,29,16
2020131,,08,19,22,26,27,30,07
2020132,,01,04,11,12,14,23,04
2020133,,03,19,22,23,27,29,07
2020134,,02,09,10,20,22,26,01
2021001,,02,03,13,18,20,31,11
2021002,,06,10,13,25,26,32,11
2021003,,06,09,16,18,22,29,11
2021004,,02,03,07,08,17,22,15
2021005,,07,09,14,26,30,31,04
2021006,,06,08,22,24,25,26,01
2021007,,02,04,12,21,25,32,16
2021008,,01,05,07,14,18,33,07
2021009,,02,04,07,24,25,32,13
2021010,,01,04,11,19,32,33,05
2021011,,05,10,16,23,27,33,14
2021012,,03,06,14,18,20,26,01
2021013,,06,09,12,16,27,31,06
2021014,,04,15,21,25,29,33,06
2021015,,06,14,16,26,28,29,07
2021016,,03,08,09,13,15,18,10
2021017,,09,15,18,29,32,33,02
2021018,,02,08,14,23,25,32,06
2021019,,12,16,17,24,28,29,08
2021020,,01,03,06,07,09,11,02
2021021,,04,08,17,24,28,33,13
2021022,,10,15,17,25,31,32,06
2021023,,02,21,22,23,27,28,11
2021024,,01,04,06,10,11,18,02
2021025,,06,08,14,17,18,30,11
2021026,,03,05,13,19,20,25,03
2021027,,05,07,09,16,20,26,08
2021028,,11,16,23,26,27,33,05
2021029,,08,10,15,17,22,30,12
2021030,,08,09,13,27,29,31,05
2021031,,06,11,21,25,28,31,07
2021032,,01,05,08,15,16,30,03
2021033,,02,12,13,14,31,33,06
2021034,,04,10,12,18,23,25,01
2021035,,12,14,18,20,26,28,11
2021036,,01,02,06,11,21,26,11
2021037,,13,17,19,24,26,30,12
2021038,,05,07,09,16,18,27,06
2021039,,02,08,21,24,29,31,13
2021040,,02,06,07,24,28,29,16
2021041,,02,09,18,23,26,32,14
2021042,,05,09,10,22,25,27,08
2021043,,02,03,17,18,23,24,01
2021044,,05,07,14,17,26,28,13
2021045,,01,04,14,15,17,32,02
2021046,,05,09,13,21,28,33,06
2021047,,03,07,13,16,24,29,01
2021048,,04,15,17,22,29,32,03
2021049,,04,11,13,22,25,32,01
2021050,,02,09,10,16,25,28,08
2021051,,08,09,10,19,27,29,15
2021052,,03,04,06,19,21,30,14
2021053,,07,10,14,16,24,33,16
2021054,,07,13,21,22,24,31,02
2021055,,03,11,12,16,22,28,10
2021056,,08,21,22,23,29,32,01
2021057,,05,06,09,17,25,33,16
2021058,,09,11,13,18,19,28,14
2021059,,01,09,11,18,32,33,14
2021060,,10,11,17,20,29,30,15
2021061,,04,09,12,18,20,23,01
2021062,,12,13,15,20,22,25,10
2021063,,04,05,06,09,23,24,09
2021064,,04,06,08,15,16,18,16
2021065,,01,04,08,19,29,33,16
2021066,,02,06,19,26,30,33,15
2021067,,01,11,19,23,25,29,09
2021068,,04,14,18,24,31,32,15
2021069,,06,11,18,20,23,26,05
2021070,,01,05,11,15,16,29,15
2021071,,01,07,24,31,32,33,08
2021072,,01,09,15,16,19,21,15
2021073,,01,06,18,22,24,25,08
2021074,,04,05,09,14,25,27,07
2021075,,12,15,16,21,22,29,01
2021076,,03,09,21,23,30,32,06
2021077,,08,15,17,25,27,30,10
2021078,,04,06,15,26,27,31,12
2021079,,01,03,10,24,28,29,13
2021080,,05,08,22,23,24,29,09
2021081,,01,03,05,18,22,23,01
2021082,,03,06,11,13,26,32,05
2021083,,04,09,11,25,28,33,04
2021084,,05,07,09,11,21,28,01
2021085,,05,06,07,11,14,20,02
2021086,,06,08,10,14,28,29,01
2021087,,02,13,16,19,23,24,04
2021088,,04,12,15,16,19,26,06
2021089,,01,02,07,13,23,24,12
2021090,,05,06,12,14,27,28,08
2021091,,04,06,16,24,26,33,16
2021092,,02,07,08,10,12,31,03
2021093,,05,11,15,23,28,33,03
2021094,,09,11,24,25,28,33,15
2021095,,08,12,17,24,27,28,13
2021096,,01,07,11,14,15,26,11
2021097,,03,11,12,13,25,28,12
2021098,,01,10,13,18,26,32,05
2021099,,09,11,17,18,20,27,15
2021100,,07,09,12,13,14,29,16
2021101,,02,04,12,22,29,31,01
2021102,,05,09,15,24,27,30,09
2021103,,10,13,15,25,29,30,15
2021104,,01,07,17,20,22,28,15
2021105,,10,14,15,22,27,32,09
2021106,,01,04,07,14,30,31,03
2021107,,02,03,17,19,25,30,01
2021108,,11,15,18,24,26,32,09
2021109,,02,03,10,17,20,26,16
2021110,,10,13,15,24,31,32,02
2021111,,17,20,22,23,26,28,06
2021112,,05,06,21,25,28,33,07
2021113,,04,07,10,22,27,30,02
2021114,,04,06,08,14,24,27,02
2021115,,02,10,12,15,24,27,08
2021116,,06,14,17,18,31,33,06
2021117,,03,05,17,21,27,33,04
2021118,,02,06,14,18,20,31,13
2021119,,03,09,10,11,28,29,13
2021120,,01,07,08,12,13,18,05
2021121,,04,05,12,16,22,30,15
2021122,,04,05,12,15,18,28,07
2021123,,06,14,15,19,29,31,05
2021124,,01,03,18,22,29,32,02
2021125,,14,19,20,23,24,31,09
2021126,,19,20,23,27,28,31,01
2021127,,07,15,16,20,27,29,07
2021128,,05,17,20,21,23,33,04
2021129,,04,15,21,27,28,29,10
2021130,,08,09,15,24,26,30,06
2021131,,08,11,18,19,20,24,01
2021132,,01,04,06,14,20,28,08
2021133,,01,03,12,19,27,31,10
2021134,,01,02,16,19,25,31,08
2021135,,03,10,17,19,21,31,04
2021136,,02,06,09,15,19,28,16
2021137,,03,07,10,14,21,24,01
2021138,,11,14,15,16,27,32,09
2021139,,12,14,19,23,24,27,01
2021140,,05,10,16,26,27,33,01
2021141,,01,14,19,23,26,30,10
2021142,,04,07,17,19,20,24,16
2021143,,01,09,11,13,20,29,09
2021144,,02,05,13,15,23,26,07
2021145,,04,07,10,14,16,26,09
2021146,,07,09,21,22,26,32,03
2021147,,05,10,11,13,27,28,09
2021148,,10,12,15,17,19,20,08
2021149,,05,10,15,18,19,32,05
2021150,,09,14,20,21,24,26,04
2022001,,06,13,15,17,20,21,03
2022002,,02,12,21,23,25,31,08
2022003,,02,05,16,17,18,30,06
2022004,,05,19,24,28,30,32,14
2022005,,07,10,12,16,19,31,16
2022006,,03,06,09,15,22,31,02
2022007,,01,20,22,23,25,28,16
2022008,,02,03,07,09,20,21,13
2022009,,04,15,17,19,25,28,16
2022010,,12,18,19,20,21,32,15
2022011,,06,15,23,24,25,33,15
2022012,,04,07,08,29,30,31,01
2022013,,02,03,04,07,10,18,15
2022014,,06,07,13,14,15,27,04
2022015,,06,14,16,27,28,31,07
2022016,,05,10,19,20,29,31,14
2022017,,06,09,24,29,30,32,07
2022018,,07,11,16,17,30,32,16
2022019,,05,06,14,20,21,25,08
2022020,,09,11,14,22,30,32,01
2022021,,03,07,22,24,26,31,14
2022022,,01,07,11,15,17,19,06
2022023,,07,12,17,19,24,25,02
2022024,,07,09,10,14,19,24,15
2022025,,06,19,24,25,28,32,04
2022026,,03,04,10,15,22,24,02
2022027,,14,15,18,19,26,32,09
2022028,,05,11,20,22,23,29,09
2022029,,03,08,10,13,26,32,08
2022030,,12,23,24,26,27,30,05
2022031,,01,10,11,22,26,32,07
2022032,,04,10,11,14,23,32,07
2022033,,05,12,19,22,25,26,05
2022034,,14,17,26,31,32,33,10
2022035,,08,12,13,19,23,25,15
2022036,,02,03,14,16,26,31,02
2022037,,01,10,13,20,22,32,14
2022038,,09,12,13,16,24,32,04
2022039,,02,06,07,10,15,20,05
2022040,,03,12,14,16,31,33,12
2022041,,05,07,21,22,24,29,14
2022042,,05,10,11,21,22,30,13
2022043,,02,17,20,23,25,27,08
2022044,,01,07,08,21,23,29,06
2022045,,03,12,17,18,19,28,04
2022046,,02,11,24,25,27,30,14
2022047,,03,07,08,14,27,30,09
2022048,,05,07,17,20,26,31,14
2022049,,02,04,07,18,25,26,10
2022050,,03,05,08,14,27,33,08
2022051,,02,05,11,17,21,33,01
2022052,,07,24,27,29,31,32,15
2022053,,10,14,18,23,27,33,15
2022054,,08,12,21,27,28,33,11
2022055,,02,04,09,26,28,33,03
2022056,,01,06,11,14,17,26,15
2022057,,12,15,20,26,30,33,16
2022058,,06,13,14,23,31,33,01
2022059,,06,09,18,19,29,33,06
2022060,,16,18,19,24,28,32,01
2022061,,01,03,16,18,29,33,06
2022062,,16,18,20,21,23,33,05
2022063,,06,08,09,17,22,31,11
2022064,,04,06,12,13,17,31,16
2022065,,09,14,18,23,28,31,02
2022066,,06,11,14,20,27,30,09
2022067,,01,05,13,21,26,29,15
2022068,,07,12,15,24,26,29,06
2022069,,06,07,13,19,26,29,08
2022070,,04,06,09,27,28,33,02
2022071,,04,07,15,18,29,33,01
2022072,,05,14,15,16,18,32,12
2022073,,06,10,14,15,26,29,12
2022074,,05,07,15,19,29,33,15
2022075,,01,02,04,25,26,30,10
2022076,,08,09,10,13,24,29,02
2022077,,03,17,18,19,20,27,16
2022078,,01,04,05,15,17,31,09
2022079,,01,09,15,17,22,23,16
2022080,,05,12,15,17,18,27,04
2022081,,04,08,11,21,27,30,01
2022082,,04,10,11,23,30,32,14
2022083,,08,12,13,14,19,20,05
2022084,,03,18,23,24,25,32,09
2022085,,07,09,14,31,32,33,13
2022086,,01,04,08,21,23,24,11
2022087,,05,06,09,13,23,25,08
2022088,,03,09,15,17,20,22,06
2022089,,02,07,15,29,31,33,15
2022090,,01,04,25,27,29,30,07
2022091,,08,18,20,22,24,28,10
2022092,,07,10,16,20,21,27,11
2022093,,21,22,24,28,29,32,14
2022094,,06,11,13,16,19,31,02
2022095,,04,13,14,18,20,28,08
2022096,,03,16,17,19,25,33,07
2022097,,04,05,10,13,30,31,14
2022098,,02,03,04,06,21,33,05
2022099,,01,11,23,24,26,32,15
2022100,,02,06,07,15,20,21,15
2022101,,04,16,18,19,27,28,04
2022102,,09,10,12,18,29,32,14
2022103,,06,09,12,14,20,28,10
2022104,,01,08,19,25,26,31,01
2022105,,06,12,13,15,21,23,15
2022106,,17,20,22,23,24,31,01
2022107,,03,09,11,15,19,28,16
2022108,,01,07,13,17,18,31,15
2022109,,04,11,13,19,22,33,11
2022110,,09,13,15,18,20,28,15
2022111,,02,10,11,13,28,31,01
2022112,,03,05,08,17,25,31,01
2022113,,13,14,20,24,27,29,02
2022114,,01,05,15,19,26,29,13
2022115,,06,07,18,20,27,29,09
2022116,,08,14,26,27,30,33,01
2022117,,04,13,17,18,28,29,06
2022118,,02,06,07,11,14,33,08
2022119,,02,05,15,18,26,27,04
2022120,,02,15,19,26,27,29,02
2022121,,12,17,22,27,30,31,02
2022122,,06,08,17,19,24,28,05
2022123,,10,13,16,20,21,25,05
2022124,,05,10,13,18,24,26,01
2022125,,02,03,07,12,20,31,16
2022126,,01,13,15,17,26,33,13
2022127,,03,04,09,10,29,33,13
2022128,,03,12,18,24,27,29,01
2022129,,10,12,14,22,24,27,07
2022130,,02,08,15,17,26,28,12
2022131,,03,05,10,13,19,29,06
2022132,,01,03,18,26,32,33,04
2022133,,05,08,16,17,21,25,12
2022134,,01,05,14,17,24,31,14
2022135,,09,11,13,24,28,32,06
2022136,,08,10,14,15,18,22,08
2022137,,08,21,23,27,28,33,01
2022138,,02,14,19,21,25,28,11
2022139,,06,07,09,16,17,19,14
2022140,,08,09,18,19,20,27,15
2022141,,05,12,13,17,20,27,14
2022142,,01,03,13,16,21,27,03
2022143,,07,08,13,29,30,33,03
2022144,,07,20,22,23,31,32,05
2022145,,03,21,25,30,31,33,11
2022146,,06,07,13,18,26,31,06
2022147,,02,03,07,13,20,30,10
2022148,,02,15,16,17,21,31,14
2022149,,02,22,26,29,32,33,14
2022150,,01,07,11,12,22,28,05
2023001,,09,16,18,22,28,32,02
2023002,,02,06,10,16,18,22,13
2023003,,05,08,18,25,30,32,06
2023004,,01,07,15,16,20,25,16
2023005,,02,06,08,13,14,19,16
2023006,,02,10,12,14,24,26,05
2023007,,05,06,09,22,25,31,03
2023008,,05,13,18,20,26,28,06
2023009,,03,04,19,23,30,32,06
2023010,,04,05,13,18,27,29,12
2023011,,06,07,16,17,21,22,04
2023012,,03,04,07,22,26,30,06
2023013,,06,10,14,22,23,33,13
2023014,,06,07,18,23,27,30,05
2023015,,02,03,14,21,29,32,08
2023016,,14,16,19,23,28,30,03
2023017,,05,11,18,20,26,28,12
2023018,,10,12,17,19,25,31,13
2023019,,06,12,26,28,29,32,15
2023020,,01,12,17,18,26,27,05
2023021,,02,05,06,19,21,27,04
2023022,,10,11,18,19,23,31,03
2023023,,05,08,10,15,24,25,09
2023024,,03,06,09,17,27,28,03
2023025,,04,16,20,21,31,32,14
2023026,,01,18,26,30,31,33,03
2023027,,08,10,22,27,32,33,08
2023028,,05,07,10,17,20,22,14
2023029,,03,07,12,24,28,33,08
2023030,,02,03,07,16,30,31,06
2023031,,07,14,27,29,31,33,05
2023032,,06,19,20,26,28,33,01
2023033,,08,09,13,23,24,26,05
2023034,,02,03,09,11,12,17,15
2023035,,01,04,09,10,20,33,06
2023036,,13,14,18,19,24,30,09
2023037,,08,23,25,26,29,31,12
2023038,,02,09,14,17,31,33,08
2023039,,02,03,09,13,19,28,09
2023040,,09,16,17,24,29,31,08
2023041,,01,06,12,13,15,24,06
2023042,,10,17,20,23,27,30,10
2023043,,05,08,12,20,24,28,10
2023044,,02,08,15,22,24,26,16
2023045,,03,06,12,21,27,28,04
2023046,,06,08,17,25,26,28,03
2023047,,05,07,14,23,31,33,07
2023048,,02,03,10,24,28,30,08
2023049,,05,07,14,23,25,27,02
2023050,,02,07,09,14,22,23,05
2023051,,22,26,29,30,32,33,14
2023052,,03,04,05,08,12,17,06
2023053,,01,07,14,20,27,30,15
2023054,,05,06,09,10,15,26,12
2023055,,03,04,20,23,27,32,13
2023056,,08,14,15,18,23,33,08
2023057,,02,05,10,17,24,32,03
2023058,,10,17,22,26,30,33,11
2023059,,02,06,13,22,27,32,06
2023060,,09,11,17,19,30,31,11
2023061,,01,04,06,11,12,22,15
2023062,,11,19,23,24,26,33,15
2023063,,04,08,17,20,22,27,13
2023064,,01,07,11,12,16,18,04
2023065,,02,14,17,20,26,33,14
2023066,,02,07,08,10,26,31,06
2023067,,01,03,12,19,28,32,14
2023068,,11,12,15,18,29,33,02
2023069,,12,14,17,20,21,26,02
2023070,,03,05,25,31,32,33,04
2023071,,05,12,15,19,24,26,06
2023072,,02,06,10,24,25,33,09
2023073,,01,03,15,16,25,32,10
2023074,,02,08,09,18,19,21,03
2023075,,13,15,24,28,30,31,01
2023076,,03,04,15,18,19,22,09
2023077,,07,09,14,22,26,27,01
2023078,,06,08,14,19,30,31,08
2023079,,05,06,09,12,21,22,07
2023080,,01,02,04,09,25,31,08
2023081,,01,11,15,16,22,31,15
2023082,,04,18,19,24,27,30,16
2023083,,07,10,12,16,17,30,12
2023084,,09,13,14,17,19,27,03
2023085,,11,18,23,24,31,33,13
2023086,,08,09,10,22,26,32,12
2023087,,02,09,15,17,28,33,01
2023088,,01,14,18,26,31,33,05
2023089,,08,13,15,27,28,31,11
2023090,,01,02,09,26,30,31,07
2023091,,16,20,22,26,30,32,16
2023092,,03,12,24,25,32,33,13
2023093,,10,21,24,25,27,32,07
2023094,,06,10,12,14,30,31,12
2023095,,03,08,16,17,22,26,11
2023096,,08,11,18,26,31,32,15
2023097,,01,09,14,19,29,30,15
2023098,,02,10,11,14,21,27,11
2023099,,09,11,14,19,27,33,05
2023100,,05,06,12,15,23,25,04
2023101,,01,05,09,15,18,26,04
2023102,,01,09,10,13,21,28,10
2023103,,05,06,13,24,25,29,15
2023104,,10,19,23,25,30,31,12
2023105,,01,03,05,26,30,32,16
2023106,,07,09,10,20,22,24,07
2023107,,03,07,18,25,29,33,14
2023108,,01,03,06,08,18,24,09
2023109,,06,08,10,13,16,28,13
2023110,,02,06,20,25,29,33,16
2023111,,05,06,12,17,20,33,09
2023112,,09,12,13,22,24,31,04
2023113,,01,02,13,18,25,27,03
2023114,,07,09,15,16,17,26,09
2023115,,02,07,16,21,26,27,16
2023116,,02,08,09,13,24,27,12
2023117,,02,11,14,17,18,28,08
2023118,,01,02,11,19,25,29,04
2023119,,01,02,03,19,21,28,15
2023120,,03,08,13,24,27,29,08
2023121,,02,12,16,25,30,31,12
2023122,,07,08,14,18,20,30,05
2023123,,10,13,15,22,29,32,15
2023124,,02,03,17,18,25,30,11
2023125,,11,14,15,27,30,33,04
2023126,,10,24,26,28,29,31,16
2023127,,03,08,19,22,26,32,14
2023128,,07,16,20,21,27,33,01
2023129,,08,09,12,17,32,33,04
2023130,,04,10,17,22,23,32,16
2023131,,06,07,14,20,26,32,01
2023132,,03,09,11,15,25,27,01
2023133,,04,05,10,14,22,25,03
2023134,,05,08,09,17,22,33,04
2023135,,05,06,11,13,28,30,07
2023136,,03,05,10,21,22,26,10
2023137,,03,12,17,19,23,27,11
2023138,,03,22,28,30,31,33,04
2023139,,12,14,19,21,27,31,11
2023140,,03,04,11,14,30,31,05
2023141,,01,08,11,12,21,23,03
2023142,,02,08,20,21,27,33,14
2023143,,05,07,09,16,23,30,15
2023144,,12,16,17,22,25,27,08
2023145,,07,10,21,22,23,24,11
2023146,,02,03,06,11,20,32,09
2023147,,05,06,14,16,19,32,12
2023148,,03,05,07,09,19,20,08
2023149,,02,10,19,24,26,33,15
2023150,,10,17,25,26,30,33,05
2023151,,01,15,16,20,25,27,05
2024001,,03,07,16,26,27,32,16
2024002,,04,09,10,17,19,20,09
2024003,,01,05,08,13,32,33,03
2024004,,09,13,17,18,21,27,04
2024005,,05,06,20,23,25,32,03
2024006,,07,18,20,21,26,32,05
2024007,,04,05,06,07,20,22,15
2024008,,08,20,21,23,27,30,13
2024009,,01,04,07,10,17,23,14
2024010,,11,16,20,21,23,24,04
2024011,,08,12,16,20,27,31,06
2024012,,01,03,07,18,22,28,15
2024013,,01,07,10,14,21,25,07
2024014,,01,02,10,22,24,25,13
2024015,,03,08,17,18,20,30,15
2024016,,07,12,20,24,32,33,04
2024017,,04,17,19,20,25,32,04
2024018,,06,15,17,24,28,29,16
2024019,,05,11,12,16,17,20,08
2024020,,03,08,12,14,17,33,08
2024021,,04,06,16,17,23,24,11
2024022,,02,09,11,14,18,26,06
2024023,,01,10,22,25,28,32,10
2024024,,03,07,21,24,26,30,10
2024025,,08,15,21,22,25,33,13
2024026,,04,07,18,19,20,25,06
2024027,,02,06,13,27,28,32,13
2024028,,03,07,08,11,18,19,05
2024029,,12,18,23,25,28,33,04
2024030,,01,08,22,25,29,33,10
2024031,,09,10,13,25,30,32,02
2024032,,01,03,04,11,12,21,16
2024033,,06,10,11,18,20,32,05
2024034,,02,09,12,19,21,31,04
2024035,,05,07,14,17,22,32,06
2024036,,02,08,09,12,21,31,02
2024037,,01,04,05,06,12,14,13
2024038,,08,10,18,23,27,31,02
2024039,,02,06,12,29,30,31,10
2024040,,11,14,18,19,23,26,02
2024041,,02,09,12,22,25,33,16
2024042,,02,04,05,14,26,32,14
2024043,,04,06,07,14,15,24,08
2024044,,02,06,17,25,32,33,06
2024045,,02,08,19,23,24,26,03
2024046,,02,06,10,11,17,29,15
2024047,,07,08,21,26,29,30,15
2024048,,02,09,15,19,26,28,02
2024049,,12,15,17,23,26,32,11
2024050,,01,03,07,10,22,33,02
2024051,,05,09,13,20,23,28,06
2024052,,07,10,11,15,17,21,03
2024053,,07,14,21,22,28,33,07
2024054,,08,13,20,25,31,32,03
2024055,,02,04,06,07,16,29,03
2024056,,05,18,20,24,25,26,06
2024057,,03,08,17,18,23,31,08
2024058,,08,12,13,17,27,29,13
2024059,,01,03,14,25,31,33,07
2024060,,01,02,06,10,22,28,15
2024061,,01,09,18,22,25,28,02
2024062,,01,07,10,16,18,27,16
2024063,,07,14,16,23,28,32,04
2024064,,06,08,17,18,28,30,05
2024065,,03,05,09,10,19,22,14
2024066,,08,09,12,22,26,32,13
2024067,,01,11,13,17,25,29,03
2024068,,01,02,07,19,20,21,01
2024069,,06,13,20,21,24,32,06
2024070,,04,13,18,20,22,28,05
2024071,,02,08,19,28,30,31,14
2024072,,01,14,20,21,23,27,06
2024073,,03,09,12,18,28,30,01
2024074,,07,08,10,22,24,32,07
2024075,,03,05,08,18,22,28,01
2024076,,03,22,24,27,29,32,15
2024077,,01,04,06,14,17,22,08
2024078,,05,09,14,21,22,26,12
2024079,,02,03,06,07,16,26,04
2024080,,06,11,12,27,29,30,13
2024081,,01,06,12,17,23,25,04
2024082,,01,02,13,16,17,29,16
2024083,,03,09,14,29,32,33,15
2024084,,01,08,10,13,19,29,13
2024085,,01,05,15,21,23,27,15
2024086,,17,19,20,23,25,31,02
2024087,,03,09,18,19,20,26,11
2024088,,03,08,10,17,30,32,10
2024089,,03,06,09,15,18,31,01
2024090,,07,11,17,24,31,32,12
2024091,,13,15,16,19,20,24,10
2024092,,03,08,11,12,18,29,05
2024093,,01,05,07,11,12,15,12
2024094,,06,13,17,22,25,27,09
2024095,,04,06,09,14,16,21,03
2024096,,02,04,14,18,23,27,13
2024097,,04,10,12,13,18,30,03
2024098,,03,08,10,20,30,31,02
2024099,,04,12,17,24,26,27,16
2024100,,13,14,19,20,27,30,05
2024101,,08,12,15,17,19,30,08
2024102,,09,15,18,21,22,25,01
2024103,,12,21,23,27,32,33,15
2024104,,05,16,23,24,26,29,04
2024105,,02,05,17,19,29,33,04
2024106,,03,08,11,22,31,33,04
2024107,,01,06,08,13,17,19,09
2024108,,01,08,09,23,24,30,08
2024109,,03,04,24,28,29,33,09
2024110,,04,13,17,23,25,33,14
2024111,,01,04,11,12,22,30,16
2024112,,08,11,16,25,29,32,03
2024113,,04,05,23,24,26,31,11
2024114,,07,11,18,24,27,32,04
2024115,,03,10,11,19,27,28,07
2024116,,01,15,20,22,31,32,03
2024117,,03,12,14,16,29,32,12
2024118,,02,03,04,06,11,15,14
2024119,,02,09,26,27,31,32,14
2024120,,01,05,07,11,18,19,07
2024121,,01,07,10,13,27,33,03
2024122,,05,07,09,16,17,29,15
2024123,,02,15,22,26,30,33,04
2024124,,02,14,15,17,25,30,11
2024125,,01,04,13,18,26,30,03
2024126,,14,18,23,24,26,33,10
2024127,,02,05,13,20,27,32,10
2024128,,01,08,13,18,20,26,16
2024129,,09,10,13,19,24,32,01
2024130,,01,08,12,17,19,24,16
2024131,,04,05,11,15,20,32,13
2024132,,01,04,25,27,28,33,03
2024133,,01,11,15,27,30,33,01
2024134,,02,04,13,16,18,20,16
2024135,,05,11,17,18,30,31,13
2024136,,03,11,15,21,25,26,03
2024137,,04,09,10,19,26,27,12
2024138,,02,07,11,21,27,28,02
2024139,,15,16,20,22,23,29,14
2024140,,04,07,08,17,22,26,15
2024141,,01,02,07,15,24,29,12
2024142,,04,06,13,21,22,25,06
2024143,,02,05,11,22,30,33,10
2024144,,02,09,11,17,20,30,11
2024145,,01,03,16,22,23,30,03
2024146,,02,04,11,22,27,32,10
2024147,,05,11,13,16,21,30,10
2024148,,02,06,15,16,21,23,11
2024149,,03,09,16,17,18,22,16
2024150,,13,14,20,22,26,32,02
2024151,,05,10,16,19,29,32,04
2025001,,02,03,17,18,22,33,16
2025002,,09,12,13,15,22,26,11
2025003,,10,19,20,26,28,29,15
2025004,,03,07,17,27,29,32,04
2025005,,10,16,19,27,28,30,09
2025006,,01,07,08,17,20,22,06
2025007,,07,08,14,18,21,27,11
2025008,,09,14,16,17,25,33,11
2025009,,02,04,11,12,23,25,06
2025010,,04,06,07,16,17,21,08
2025011,,06,13,17,22,24,29,11
2025012,,07,11,13,18,27,31,11
2025013,,04,14,16,23,24,30,14
2025014,,06,07,09,13,21,27,05
2025015,,04,11,15,24,25,33,15
2025016,,02,03,12,16,20,29,14
2025017,2025-02-18(二),04,12,15,18,28,29,05
2025018,2025-02-20(四),03,09,18,21,28,29,11
2025019,2025-02-23(日),05,13,17,18,22,23,11
2025020,2025-02-25(二),04,11,13,16,26,30,15
2025021,2025-02-27(四),07,08,16,18,25,32,14
2025022,2025-03-02(日),11,17,18,20,28,30,10
2025023,2025-03-04(二),09,12,13,24,25,33,07
2025024,2025-03-06(四),10,11,22,27,30,32,15
2025025,2025-03-09(日),12,15,21,23,25,30,02
2025026,2025-03-11(二),09,10,12,14,19,32,07
2025027,2025-03-13(四),05,07,08,15,16,23,06
2025028,2025-03-16(日),04,09,14,15,18,25,15
2025029,2025-03-18(二),05,15,16,25,30,33,16
2025030,2025-03-20(四),04,06,07,30,31,33,06
2025031,2025-03-23(日),01,05,06,08,23,28,01
2025032,2025-03-25(二),03,08,10,14,16,21,03
2025033,2025-03-27(四),03,05,18,25,26,33,08
2025034,2025-03-30(日),05,08,13,14,24,26,12
2025035,2025-04-01(二),01,08,16,18,25,31,01
2025036,2025-04-03(四),05,11,13,16,19,32,07
2025037,2025-04-06(日),03,06,11,20,21,31,02
2025038,2025-04-08(二),06,19,20,23,26,33,09
2025039,2025-04-10(四),08,10,12,15,17,23,11
2025040,2025-04-13(日),02,06,08,09,10,24,11
2025041,2025-04-15(二),06,10,17,19,25,31,06
2025042,2025-04-17(四),07,13,19,23,27,33,12
2025043,2025-04-20(日),03,12,16,19,20,32,13
2025044,2025-04-22(二),02,03,07,08,14,28,11
2025045,2025-04-24(四),02,14,19,24,29,33,13
2025046,2025-04-27(日),02,03,10,16,29,33,01
2025047,2025-04-29(二),01,14,21,22,23,31,12
2025048,2025-05-01(四),16,21,22,23,27,31,10
2025049,2025-05-04(日),03,06,19,27,29,33,11
2025050,2025-05-06(二),09,12,15,18,22,33,16
2025051,2025-05-08(四),01,02,03,04,17,22,01
2025052,2025-05-11(日),06,07,10,17,20,26,09
2025053,2025-05-13(二),06,09,10,13,30,33,07
2025054,2025-05-15(四),05,07,10,21,24,27,16
2025055,2025-05-18(日),02,05,22,27,29,33,12
2025056,2025-05-20(二),01,02,10,14,28,31,03
2025057,2025-05-22(四),04,09,15,16,25,30,14
2025058,2025-05-25(日),02,06,07,09,10,20,06
2025059,2025-05-27(二),04,10,11,12,13,24,01
2025060,2025-05-29(四),06,14,18,25,28,30,01
2025061,2025-06-01(日),06,07,09,10,11,32,09
2025062,2025-06-03(二),06,08,09,13,25,31,14
2025063,2025-06-05(四),02,19,21,22,28,30,01
2025064,2025-06-08(日),02,10,13,22,29,33,16
2025065,2025-06-10(二),06,10,13,14,15,20,11
2025066,2025-06-12(四),06,22,24,27,28,30,04
2025067,2025-06-15(日),01,05,10,17,20,22,05
2025068,2025-06-17(二),05,07,08,19,20,31,07
2025069,2025-06-19(四),02,04,19,23,27,30,05
2025070,2025-06-22(日),02,03,15,21,22,33,06
2025071,2025-06-24(二),01,12,18,23,25,28,07
2025072,2025-06-26(四),02,14,17,25,27,29,05
2025073,2025-06-29(日),02,07,10,27,30,33,11
2025074,2025-07-01(二),03,04,12,20,32,33,13
2025075,2025-07-03(四),10,12,14,19,20,21,15
2025076,2025-07-06(日),02,06,09,12,14,30,08
2025077,2025-07-08(二),04,07,08,15,20,21,15
2025078,2025-07-10(四),06,15,17,30,32,33,14
2025079,2025-07-13(日),08,11,14,15,30,32,05
2025080,2025-07-15(二),03,07,08,10,16,19,05
2025081,2025-07-17(四),03,06,18,20,23,28,05
2025082,2025-07-20(日),04,06,09,14,32,33,11
2025083,2025-07-22(二),10,15,16,17,27,29,12
2025084,2025-07-24(四),06,08,10,14,24,33,15
2025085,2025-07-27(日),11,14,15,18,21,24,13
2025086,2025-07-29(二),02,06,08,10,17,24,06
2025087,2025-07-31(四),02,06,14,15,24,26,08
2025088,2025-08-03(日),01,03,13,18,21,25,06
2025089,2025-08-05(二),04,06,08,18,31,33,05
2025090,2025-08-07(四),06,11,12,21,27,28,15
2025091,2025-08-10(日),03,04,17,19,25,27,14
2025092,2025-08-12(二),02,11,14,17,23,24,12
2025093,2025-08-14(四),09,11,12,24,25,26,10
2025094,2025-08-17(日),11,13,17,19,23,29,16
2025095,2025-08-19(二),15,16,22,23,26,32,04
2025096,2025-08-21(四),07,09,11,12,16,29,15
2025097,2025-08-24(日),03,05,16,23,26,31,14
2025098,2025-08-26(二),05,08,13,17,18,29,02
2025099,2025-08-28(四),09,11,15,17,22,26,14
2025100,2025-08-31(日),12,16,17,25,30,31,16
2025101,2025-09-02(二),05,08,09,10,16,21,05
2025102,2025-09-04(四),04,09,16,17,18,31,07
2025103,2025-09-07(日),13,16,21,25,28,31,16
2025104,2025-09-09(二),02,05,15,16,24,32,16
2025105,2025-09-11(四),04,07,18,24,26,28,08
2025106,2025-09-14(日),04,05,17,22,26,30,04
2025107,2025-09-16(二),02,03,10,15,25,33,13
2025108,2025-09-18(四),01,09,14,17,22,33,07
2025109,2025-09-21(日),05,06,09,17,18,31,03
2025110,2025-09-23(二),01,05,11,14,16,19,08
2025111,2025-09-25(四),09,14,18,28,31,33,12
2025112,2025-09-28(日),03,09,11,13,20,32,02
2025113,2025-09-30(二),08,10,13,15,24,31,16
2025114,2025-10-05(日),01,20,21,25,26,27,10
2025115,2025-10-07(二),02,03,08,19,24,30,02
2025116,2025-10-09(四),02,04,08,24,28,31,09
2025117,2025-10-12(日),06,08,17,20,25,33,10
2025118,2025-10-14(二),01,10,11,16,24,26,03
2025119,2025-10-16(四),06,09,23,26,28,32,11
2025120,2025-10-19(日),01,02,04,07,13,32,07
2025121,2025-10-21(二),06,08,10,25,29,30,08
2025122,2025-10-23(四),16,18,19,20,25,31,13
2025123,2025-10-26(日),07,09,23,24,25,26,10
2025124,2025-10-28(二),01,02,18,19,21,33,13
2025125,2025-10-30(四),03,09,12,13,26,32,09
2025126,2025-11-02(日),02,12,13,16,19,25,10
2025127,2025-11-04(二),03,09,15,17,19,28,03
2025128,2025-11-06(四),02,10,18,19,24,27,01
2025129,2025-11-09(日),03,04,07,13,20,30,03
2025130,2025-11-11(二),01,05,08,14,19,23,06
2025131,2025-11-13(四),03,13,14,18,24,31,03
2025132,2025-11-16(日),04,08,10,21,23,32,11
2025133,2025-11-18(二),05,14,17,19,20,33,07
2025134,2025-11-20(四),03,05,09,13,26,29,12
2025135,2025-11-23(日),01,02,05,09,25,32,10
2025136,2025-11-25(二),08,10,14,23,28,32,12
2025137,2025-11-27(四),02,08,11,23,27,29,05
2025138,2025-11-30(日),10,13,14,23,24,27,15
2025139,2025-12-02(二),02,05,17,22,30,33,06
2025140,2025-12-04(四),01,03,04,12,18,24,05
2025141,2025-12-07(日),02,04,05,10,12,13,06
2025142,2025-12-09(二),02,13,15,23,27,31,16
2025143,2025-12-11(四),02,09,12,13,15,24,03
2025144,2025-12-14(日),01,08,15,20,26,33,13
2025145,2025-12-16(二),11,12,15,18,25,32,14
2025146,2025-12-18(四),05,07,12,24,26,28,02
2025147,2025-12-21(日),01,03,05,08,22,33,08
2025148,2025-12-23(二),03,04,09,10,15,22,16
2025149,2025-12-25(四),01,02,04,06,22,30,10
2025150,2025-12-28(日),06,13,17,19,24,31,08
2025151,2025-12-30(二),08,09,14,22,28,30,04
2026001,2026-01-01(四),02,06,11,12,13,33,15
2026002,2026-01-04(日),01,05,07,18,30,32,02
2026003,2026-01-06(二),05,06,09,21,28,30,16
2026004,2026-01-08(四),03,07,08,09,18,32,10
2026005,2026-01-11(日),01,20,22,27,30,33,10
2026006,2026-01-13(二),02,06,22,23,24,28,15
2026007,2026-01-15(四),09,13,19,27,29,30,01
2026008,2026-01-18(日),06,09,16,27,31,33,10
2026009,2026-01-20(二),03,06,13,19,23,25,10
2026010,2026-01-22(四),04,09,10,15,19,26,12
2026011,2026-01-25(日),02,03,04,20,31,32,04
2026012,2026-01-27(二),03,05,07,16,20,24,08
2026013,2026-01-29(四),04,09,12,13,16,20,01
2026014,2026-02-01(日),07,13,19,22,26,32,01
2026015,2026-02-03(二),07,10,13,22,27,31,12
2026016,2026-02-05(四),04,05,09,10,27,30,13
2026017,2026-02-08(日),01,03,05,18,29,32,04
2026018,2026-02-10(二),11,15,17,22,25,30,07
2026019,2026-02-12(四),07,08,16,17,18,30,01
2026020,2026-02-24(二),01,13,14,21,24,30,02
2026021,2026-02-26(四),03,13,25,26,30,31,04
2026022,2026-03-01(日),15,18,23,25,28,32,11
2026023,2026-03-03(二),01,03,08,10,23,29,06
2026024,2026-03-05(四),01,02,13,21,23,29,14
2026025,2026-03-08(日),02,03,15,20,23,24,10
2026026,2026-03-10(二),02,09,16,22,25,29,03
2026027,2026-03-12(四),02,13,17,18,25,26,13
2026028,2026-03-15(日),02,06,09,17,25,28,15
2026029,2026-03-17(二),06,19,22,23,28,31,05
2026030,2026-03-19(四),10,11,14,19,22,24,04
2026031,2026-03-22(日),03,10,12,13,18,33,08
2026032,2026-03-24(二),01,03,11,18,31,33,02
2026033,2026-03-26(四),03,06,13,21,28,29,06
2026034,2026-03-29(日),01,03,07,13,22,23,07
2026035,2026-03-31(二),02,06,12,24,25,32,02
2026036,2026-04-02(四),06,10,12,15,22,28,08
2026037,2026-04-05(日),11,22,27,29,31,33,12
2026038,2026-04-07(二),01,02,13,23,25,27,05
2026039,2026-04-09(四),08,17,18,21,25,30,05
2026040,2026-04-12(日),03,04,14,22,23,33,04
2026041,2026-04-14(二),02,08,10,17,19,24,13
2026042,2026-04-16(四),02,07,12,19,24,31,10
2026043,2026-04-19(日),06,09,14,16,25,32,16
2026044,2026-04-21(二),02,14,17,18,22,30,01
2026045,2026-04-23(四),04,11,15,17,24,30,15
2026046,2026-04-26(日),02,09,10,24,31,33,16
2026047,2026-04-28(二),07,16,21,24,27,30,07
2026048,2026-04-30(四),09,15,18,24,28,33,01
2026049,2026-05-03(日),03,04,14,15,18,20,02
2026050,2026-05-05(二),06,09,25,27,28,30,03
2026051,2026-05-07(四),09,14,15,16,29,30,10
2026052,2026-05-10(日),01,03,11,22,26,31,11
2026053,2026-05-12(二),01,02,03,08,13,14,02
2026054,2026-05-14(四),13,20,25,29,30,33,02
2026055,2026-05-17(日),04,11,24,25,32,33,13
2026056,2026-05-19(二),10,19,21,22,31,33,05
2026057,2026-05-21(四),01,10,22,24,28,30,07
2026058,2026-05-24(日),01,04,07,21,29,30,01
2026059,2026-05-26(二),08,16,26,28,29,30,15
2026060,2026-05-28(四),07,09,10,16,22,27,11
2026061,2026-05-31(日),01,04,05,15,23,28,07
2026062,2026-06-02(二),02,04,07,14,28,29,09
2026063,2026-06-04(四),02,08,25,28,30,31,02
2026064,2026-06-07(日),01,09,15,18,29,33,15
2026065,2026-06-09(二),07,08,16,24,30,32,02
2026066,2026-06-11(四),05,11,21,23,24,29,16
2026067,2026-06-14(日),04,19,27,29,30,32,13
2026068,2026-06-16(二),03,05,16,18,29,32,04
2026069,2026-06-18(四),12,14,16,17,18,32,08
2026070,2026-06-21(日),03,06,08,14,26,27,08
2026071,2026-06-23(二),03,08,19,25,31,33,05
2026072,2026-06-25(四),07,08,12,15,17,21,01
2026073,2026-06-28(日),09,10,13,16,19,21,08
2026074,2026-06-30(二),02,23,24,26,28,32,04
2026075,2026-07-02(四),08,12,18,21,24,30,01
2026076,2026-07-05(日),01,03,19,20,24,25,07
2026077,2026-07-07(二),01,04,05,14,18,25,04
2026078,2026-07-09(四),07,11,14,16,27,28,06
2026079,2026-07-12(日),01,11,17,22,24,29,04
2026080,2026-07-14(二),04,05,11,19,27,32,01
2026081,2026-07-16(四),06,10,12,15,24,27,12
2026082,2026-07-19(日),05,07,10,14,21,28,04
2026083,2026-07-21(二),07,14,15,23,28,33,03
2026084,2026-07-23(四),01,05,06,10,12,16,05
